GEOID,hesitancy,strong_hesitancy
01001,0.22,0.1
01003,0.2,0.1
01005,0.23,0.11
01007,0.24,0.12
01009,0.23,0.11
01011,0.23,0.11
01013,0.23,0.11
01015,0.23,0.11
01017,0.23,0.12
01019,0.23,0.11
01021,0.23,0.12
01023,0.23,0.11
01025,0.23,0.11
01027,0.23,0.11
01029,0.23,0.11
01031,0.23,0.11
01033,0.22,0.11
01035,0.23,0.11
01037,0.23,0.12
01039,0.23,0.11
01041,0.23,0.11
01043,0.22,0.11
01045,0.23,0.11
01047,0.24,0.12
01049,0.24,0.12
01051,0.22,0.1
01053,0.23,0.11
01055,0.23,0.11
01057,0.23,0.11
01059,0.22,0.11
01061,0.23,0.11
01063,0.24,0.12
01065,0.24,0.12
01067,0.23,0.11
01069,0.23,0.11
01071,0.24,0.12
01073,0.2,0.1
01075,0.23,0.11
01077,0.22,0.11
01079,0.22,0.11
01081,0.2,0.09
01083,0.2,0.1
01085,0.22,0.1
01087,0.23,0.11
01089,0.19,0.09
01091,0.24,0.12
01093,0.23,0.11
01095,0.21,0.1
01097,0.22,0.11
01099,0.23,0.11
01101,0.21,0.1
01103,0.22,0.11
01105,0.24,0.12
01107,0.22,0.1
01109,0.23,0.11
01111,0.23,0.11
01113,0.23,0.11
01115,0.23,0.11
01117,0.18,0.08
01119,0.24,0.12
01121,0.23,0.11
01123,0.23,0.12
01125,0.22,0.1
01127,0.23,0.11
01129,0.23,0.11
01131,0.23,0.11
01133,0.22,0.11
02013,0.26,0.12
02016,0.26,0.12
02020,0.18,0.08
02050,0.26,0.12
02060,0.26,0.12
02068,0.21,0.09
02070,0.26,0.12
02090,0.21,0.09
02100,0.21,0.09
02105,0.26,0.12
02110,0.21,0.09
02122,0.2,0.09
02130,0.21,0.09
02150,0.26,0.12
02158,0.26,0.12
02164,0.26,0.12
02170,0.2,0.09
02180,0.26,0.12
02185,0.26,0.12
02188,0.26,0.12
02195,0.26,0.12
02198,0.26,0.12
02220,0.26,0.12
02230,0.21,0.09
02240,0.21,0.09
02261,0.21,0.09
02275,0.26,0.12
02282,0.26,0.12
02290,0.26,0.12
04001,0.27,0.17
04003,0.18,0.11
04005,0.2,0.11
04007,0.19,0.12
04009,0.19,0.12
04011,0.19,0.12
04012,0.18,0.11
04013,0.17,0.1
04015,0.18,0.11
04017,0.27,0.17
04019,0.17,0.1
04021,0.19,0.11
04023,0.18,0.11
04025,0.16,0.09
04027,0.19,0.12
05001,0.22,0.13
05003,0.23,0.14
05005,0.2,0.12
05007,0.19,0.11
05009,0.2,0.12
05011,0.23,0.14
05013,0.21,0.12
05015,0.2,0.12
05017,0.23,0.14
05019,0.21,0.13
05021,0.22,0.13
05023,0.22,0.13
05025,0.23,0.14
05027,0.21,0.12
05029,0.22,0.13
05031,0.22,0.13
05033,0.21,0.13
05035,0.23,0.14
05037,0.24,0.15
05039,0.21,0.12
05041,0.23,0.14
05043,0.23,0.14
05045,0.22,0.13
05047,0.22,0.14
05049,0.22,0.13
05051,0.21,0.13
05053,0.22,0.13
05055,0.22,0.13
05057,0.21,0.13
05059,0.21,0.13
05061,0.22,0.14
05063,0.22,0.13
05065,0.22,0.13
05067,0.23,0.14
05069,0.22,0.13
05071,0.22,0.13
05073,0.21,0.13
05075,0.22,0.13
05077,0.24,0.15
05079,0.23,0.14
05081,0.21,0.13
05083,0.22,0.14
05085,0.22,0.13
05087,0.2,0.12
05089,0.2,0.12
05091,0.21,0.13
05093,0.23,0.14
05095,0.24,0.15
05097,0.21,0.13
05099,0.21,0.13
05101,0.2,0.12
05103,0.21,0.12
05105,0.22,0.13
05107,0.24,0.15
05109,0.21,0.13
05111,0.24,0.15
05113,0.22,0.14
05115,0.22,0.13
05117,0.23,0.14
05119,0.2,0.11
05121,0.22,0.13
05123,0.24,0.15
05125,0.2,0.12
05127,0.22,0.14
05129,0.2,0.12
05131,0.21,0.13
05133,0.22,0.14
05135,0.22,0.13
05137,0.22,0.13
05139,0.21,0.12
05141,0.22,0.13
05143,0.21,0.13
05145,0.23,0.14
05147,0.23,0.14
05149,0.22,0.13
06001,0.09,0.03
06003,0.12,0.05
06005,0.12,0.05
06007,0.13,0.05
06009,0.12,0.05
06011,0.14,0.05
06013,0.09,0.04
06015,0.15,0.06
06017,0.1,0.04
06019,0.13,0.05
06021,0.14,0.05
06023,0.13,0.05
06025,0.14,0.06
06027,0.12,0.05
06029,0.14,0.06
06031,0.16,0.06
06033,0.14,0.06
06035,0.15,0.06
06037,0.11,0.04
06039,0.14,0.06
06041,0.08,0.03
06043,0.12,0.05
06045,0.14,0.06
06047,0.14,0.06
06049,0.15,0.06
06051,0.12,0.05
06053,0.12,0.05
06055,0.1,0.04
06057,0.11,0.04
06059,0.09,0.04
06061,0.1,0.04
06063,0.15,0.06
06065,0.12,0.05
06067,0.12,0.04
06069,0.13,0.06
06071,0.13,0.05
06073,0.11,0.04
06075,0.07,0.03
06077,0.12,0.05
06079,0.11,0.04
06081,0.08,0.03
06083,0.12,0.05
06085,0.08,0.03
06087,0.1,0.04
06089,0.13,0.05
06091,0.11,0.04
06093,0.15,0.06
06095,0.11,0.04
06097,0.1,0.04
06099,0.13,0.05
06101,0.14,0.05
06103,0.14,0.05
06105,0.14,0.05
06107,0.14,0.06
06109,0.12,0.05
06111,0.1,0.04
06113,0.11,0.04
06115,0.14,0.05
08001,0.17,0.07
08003,0.18,0.07
08005,0.15,0.06
08007,0.16,0.06
08009,0.18,0.07
08011,0.19,0.08
08013,0.13,0.05
08014,0.13,0.05
08015,0.16,0.06
08017,0.19,0.08
08019,0.1,0.04
08021,0.18,0.07
08023,0.18,0.07
08025,0.19,0.08
08027,0.16,0.06
08029,0.16,0.06
08031,0.15,0.06
08033,0.16,0.06
08035,0.12,0.04
08037,0.14,0.05
08039,0.14,0.05
08041,0.17,0.06
08043,0.16,0.06
08045,0.17,0.07
08047,0.1,0.04
08049,0.14,0.05
08051,0.16,0.06
08053,0.16,0.06
08055,0.16,0.06
08057,0.14,0.05
08059,0.14,0.05
08061,0.19,0.08
08063,0.19,0.08
08065,0.16,0.06
08067,0.16,0.06
08069,0.15,0.05
08071,0.18,0.07
08073,0.19,0.08
08075,0.19,0.08
08077,0.18,0.07
08079,0.18,0.07
08081,0.17,0.07
08083,0.16,0.06
08085,0.16,0.06
08087,0.19,0.08
08089,0.18,0.07
08091,0.16,0.06
08093,0.16,0.06
08095,0.19,0.08
08097,0.14,0.05
08099,0.18,0.07
08101,0.17,0.07
08103,0.17,0.07
08105,0.18,0.07
08107,0.17,0.07
08109,0.18,0.07
08111,0.16,0.06
08113,0.16,0.06
08115,0.19,0.08
08117,0.14,0.05
08119,0.19,0.07
08121,0.19,0.08
08123,0.16,0.06
08125,0.19,0.08
09001,0.09,0.04
09003,0.1,0.04
09005,0.1,0.04
09007,0.1,0.04
09009,0.11,0.04
09011,0.11,0.04
09013,0.1,0.04
09015,0.12,0.05
10001,0.16,0.05
10003,0.13,0.04
10005,0.12,0.04
11001,0.1,0.04
12001,0.2,0.08
12003,0.23,0.1
12005,0.23,0.1
12007,0.26,0.12
12009,0.19,0.09
12011,0.2,0.09
12013,0.25,0.12
12015,0.18,0.08
12017,0.2,0.09
12019,0.21,0.09
12021,0.16,0.08
12023,0.26,0.12
12027,0.22,0.1
12029,0.26,0.12
12031,0.23,0.1
12033,0.24,0.1
12035,0.18,0.08
12037,0.25,0.12
12039,0.25,0.12
12041,0.26,0.12
12043,0.23,0.11
12045,0.25,0.12
12047,0.26,0.12
12049,0.22,0.1
12051,0.23,0.11
12053,0.21,0.1
12055,0.22,0.1
12057,0.21,0.09
12059,0.23,0.1
12061,0.19,0.09
12063,0.25,0.12
12065,0.25,0.12
12067,0.26,0.12
12069,0.19,0.09
12071,0.18,0.08
12073,0.2,0.08
12075,0.26,0.12
12077,0.25,0.12
12079,0.26,0.12
12081,0.19,0.09
12083,0.21,0.1
12085,0.16,0.07
12086,0.19,0.09
12087,0.21,0.1
12089,0.23,0.1
12091,0.23,0.1
12093,0.23,0.11
12095,0.2,0.09
12097,0.2,0.1
12099,0.18,0.08
12101,0.21,0.09
12103,0.19,0.08
12105,0.22,0.1
12107,0.23,0.1
12109,0.18,0.08
12111,0.21,0.09
12113,0.23,0.1
12115,0.17,0.07
12117,0.18,0.08
12119,0.17,0.08
12121,0.26,0.12
12123,0.26,0.12
12125,0.26,0.12
12127,0.2,0.09
12129,0.25,0.12
12131,0.23,0.1
12133,0.23,0.1
13001,0.27,0.12
13003,0.28,0.13
13005,0.28,0.13
13007,0.27,0.12
13009,0.23,0.1
13011,0.24,0.11
13013,0.23,0.1
13015,0.25,0.11
13017,0.26,0.12
13019,0.26,0.12
13021,0.24,0.11
13023,0.26,0.12
13025,0.28,0.13
13027,0.26,0.12
13029,0.27,0.11
13031,0.25,0.1
13033,0.26,0.12
13035,0.25,0.11
13037,0.27,0.12
13039,0.24,0.1
13043,0.26,0.12
13045,0.26,0.11
13047,0.25,0.11
13049,0.28,0.13
13051,0.23,0.1
13053,0.25,0.11
13055,0.25,0.11
13057,0.2,0.09
13059,0.22,0.09
13061,0.24,0.11
13063,0.26,0.11
13065,0.28,0.13
13067,0.19,0.08
13069,0.28,0.13
13071,0.25,0.11
13073,0.2,0.08
13075,0.26,0.12
13077,0.21,0.09
13079,0.23,0.1
13081,0.24,0.11
13083,0.25,0.11
13085,0.21,0.09
13087,0.27,0.12
13089,0.21,0.09
13091,0.26,0.12
13093,0.24,0.11
13095,0.25,0.11
13097,0.23,0.1
13099,0.27,0.12
13101,0.28,0.13
13103,0.25,0.1
13105,0.22,0.1
13107,0.26,0.12
13109,0.27,0.12
13111,0.25,0.11
13113,0.17,0.07
13115,0.25,0.11
13117,0.16,0.07
13119,0.24,0.11
13121,0.19,0.08
13123,0.25,0.11
13125,0.26,0.12
13127,0.24,0.1
13129,0.25,0.11
13131,0.27,0.12
13133,0.22,0.1
13135,0.19,0.08
13137,0.24,0.11
13139,0.22,0.1
13141,0.26,0.12
13143,0.25,0.11
13145,0.24,0.11
13147,0.24,0.11
13149,0.26,0.11
13151,0.22,0.09
13153,0.23,0.1
13155,0.26,0.12
13157,0.23,0.1
13159,0.23,0.1
13161,0.27,0.12
13163,0.26,0.12
13165,0.26,0.12
13167,0.26,0.12
13169,0.23,0.1
13171,0.25,0.11
13173,0.28,0.13
13175,0.26,0.12
13177,0.25,0.11
13179,0.27,0.11
13181,0.26,0.12
13183,0.27,0.11
13185,0.26,0.11
13187,0.21,0.09
13189,0.26,0.12
13191,0.24,0.1
13193,0.24,0.11
13195,0.22,0.1
13197,0.24,0.11
13199,0.26,0.11
13201,0.27,0.12
13205,0.27,0.12
13207,0.23,0.1
13209,0.27,0.12
13211,0.23,0.1
13213,0.25,0.11
13215,0.25,0.11
13217,0.24,0.1
13219,0.22,0.1
13221,0.22,0.1
13223,0.24,0.1
13225,0.23,0.1
13227,0.25,0.11
13229,0.28,0.13
13231,0.25,0.11
13233,0.25,0.11
13235,0.23,0.1
13237,0.23,0.1
13239,0.24,0.11
13241,0.21,0.09
13243,0.24,0.11
13245,0.26,0.11
13247,0.24,0.1
13249,0.24,0.11
13251,0.25,0.1
13253,0.27,0.12
13255,0.25,0.11
13257,0.24,0.11
13259,0.24,0.11
13261,0.24,0.11
13263,0.24,0.11
13265,0.26,0.12
13267,0.27,0.12
13269,0.24,0.11
13271,0.27,0.12
13273,0.27,0.12
13275,0.25,0.11
13277,0.26,0.12
13279,0.27,0.12
13281,0.21,0.09
13283,0.26,0.12
13285,0.26,0.11
13287,0.26,0.12
13289,0.23,0.1
13291,0.21,0.09
13293,0.25,0.11
13295,0.25,0.11
13297,0.23,0.1
13299,0.28,0.13
13301,0.26,0.12
13303,0.26,0.12
13305,0.27,0.12
13307,0.24,0.11
13309,0.27,0.12
13311,0.21,0.09
13313,0.24,0.11
13315,0.26,0.12
13317,0.26,0.12
13319,0.23,0.1
13321,0.25,0.11
15001,0.12,0.05
15003,0.1,0.04
15005,0.11,0.05
15007,0.11,0.05
15009,0.11,0.05
16001,0.24,0.11
16003,0.24,0.12
16005,0.27,0.13
16007,0.27,0.13
16009,0.25,0.11
16011,0.27,0.12
16013,0.28,0.13
16015,0.24,0.12
16017,0.25,0.11
16019,0.25,0.12
16021,0.25,0.11
16023,0.24,0.12
16025,0.28,0.13
16027,0.25,0.12
16029,0.27,0.13
16031,0.27,0.13
16033,0.24,0.12
16035,0.24,0.12
16037,0.24,0.12
16039,0.28,0.13
16041,0.27,0.13
16043,0.27,0.12
16045,0.22,0.1
16047,0.28,0.13
16049,0.24,0.12
16051,0.27,0.12
16053,0.28,0.13
16055,0.25,0.12
16057,0.25,0.11
16059,0.24,0.12
16061,0.24,0.12
16063,0.28,0.13
16065,0.27,0.12
16067,0.28,0.13
16069,0.24,0.12
16071,0.27,0.13
16073,0.26,0.13
16075,0.22,0.1
16077,0.27,0.13
16079,0.25,0.11
16081,0.27,0.12
16083,0.27,0.13
16085,0.24,0.12
16087,0.22,0.1
17001,0.17,0.08
17003,0.18,0.08
17005,0.18,0.08
17007,0.16,0.07
17009,0.17,0.08
17011,0.16,0.07
17013,0.18,0.08
17015,0.17,0.07
17017,0.18,0.08
17019,0.15,0.06
17021,0.18,0.08
17023,0.18,0.08
17025,0.18,0.08
17027,0.18,0.08
17029,0.17,0.08
17031,0.14,0.07
17033,0.18,0.08
17035,0.17,0.08
17037,0.15,0.06
17039,0.18,0.08
17041,0.17,0.08
17043,0.12,0.05
17045,0.17,0.08
17047,0.18,0.08
17049,0.18,0.08
17051,0.18,0.08
17053,0.19,0.09
17055,0.18,0.08
17057,0.17,0.08
17059,0.18,0.08
17061,0.18,0.08
17063,0.14,0.06
17065,0.18,0.08
17067,0.17,0.08
17069,0.18,0.08
17071,0.17,0.08
17073,0.17,0.08
17075,0.19,0.09
17077,0.18,0.08
17079,0.18,0.08
17081,0.18,0.08
17083,0.18,0.08
17085,0.17,0.07
17087,0.18,0.08
17089,0.14,0.07
17091,0.18,0.08
17093,0.14,0.06
17095,0.16,0.07
17097,0.13,0.06
17099,0.17,0.08
17101,0.18,0.08
17103,0.17,0.07
17105,0.19,0.09
17107,0.18,0.08
17109,0.17,0.08
17111,0.14,0.06
17113,0.15,0.06
17115,0.18,0.08
17117,0.18,0.08
17119,0.16,0.07
17121,0.18,0.08
17123,0.16,0.07
17125,0.17,0.08
17127,0.18,0.08
17129,0.18,0.08
17131,0.17,0.08
17133,0.18,0.08
17135,0.18,0.08
17137,0.18,0.08
17139,0.18,0.08
17141,0.16,0.07
17143,0.16,0.07
17145,0.18,0.08
17147,0.18,0.08
17149,0.17,0.08
17151,0.18,0.08
17153,0.18,0.08
17155,0.16,0.07
17157,0.18,0.08
17159,0.18,0.08
17161,0.17,0.08
17163,0.18,0.08
17165,0.18,0.08
17167,0.16,0.07
17169,0.17,0.08
17171,0.18,0.08
17173,0.18,0.08
17175,0.16,0.07
17177,0.16,0.07
17179,0.16,0.07
17181,0.18,0.08
17183,0.19,0.09
17185,0.18,0.08
17187,0.17,0.08
17189,0.18,0.08
17191,0.18,0.08
17193,0.18,0.08
17195,0.17,0.07
17197,0.15,0.07
17199,0.18,0.08
17201,0.17,0.08
17203,0.16,0.07
18001,0.2,0.08
18003,0.18,0.07
18005,0.17,0.07
18007,0.2,0.09
18009,0.21,0.09
18011,0.15,0.06
18013,0.19,0.08
18015,0.2,0.09
18017,0.2,0.08
18019,0.19,0.08
18021,0.2,0.09
18023,0.2,0.09
18025,0.19,0.08
18027,0.2,0.08
18029,0.18,0.08
18031,0.2,0.09
18033,0.21,0.09
18035,0.19,0.08
18037,0.19,0.08
18039,0.2,0.09
18041,0.2,0.08
18043,0.18,0.08
18045,0.2,0.09
18047,0.18,0.08
18049,0.19,0.08
18051,0.17,0.07
18053,0.2,0.09
18055,0.2,0.08
18057,0.13,0.05
18059,0.19,0.08
18061,0.18,0.08
18063,0.16,0.06
18065,0.21,0.09
18067,0.2,0.08
18069,0.2,0.08
18071,0.17,0.07
18073,0.19,0.08
18075,0.21,0.09
18077,0.2,0.09
18079,0.2,0.09
18081,0.17,0.07
18083,0.19,0.08
18085,0.19,0.08
18087,0.21,0.09
18089,0.18,0.08
18091,0.2,0.09
18093,0.2,0.08
18095,0.2,0.09
18097,0.19,0.08
18099,0.19,0.08
18101,0.2,0.08
18103,0.2,0.09
18105,0.17,0.07
18107,0.2,0.09
18109,0.19,0.08
18111,0.19,0.08
18113,0.21,0.09
18115,0.18,0.08
18117,0.2,0.08
18119,0.2,0.08
18121,0.2,0.09
18123,0.19,0.08
18125,0.19,0.08
18127,0.17,0.07
18129,0.17,0.07
18131,0.19,0.08
18133,0.19,0.08
18135,0.21,0.09
18137,0.18,0.08
18139,0.2,0.08
18141,0.19,0.08
18143,0.2,0.09
18145,0.19,0.08
18147,0.19,0.08
18149,0.19,0.08
18151,0.21,0.09
18153,0.2,0.09
18155,0.18,0.08
18157,0.18,0.07
18159,0.2,0.08
18161,0.2,0.08
18163,0.19,0.08
18165,0.2,0.09
18167,0.2,0.09
18169,0.2,0.09
18171,0.2,0.09
18173,0.17,0.07
18175,0.18,0.08
18177,0.2,0.08
18179,0.2,0.08
18181,0.2,0.09
18183,0.2,0.08
19001,0.21,0.11
19003,0.21,0.11
19005,0.2,0.1
19007,0.21,0.11
19009,0.21,0.11
19011,0.21,0.11
19013,0.2,0.1
19015,0.19,0.09
19017,0.2,0.1
19019,0.2,0.1
19021,0.19,0.1
19023,0.2,0.11
19025,0.19,0.1
19027,0.19,0.1
19029,0.21,0.11
19031,0.2,0.11
19033,0.19,0.1
19035,0.19,0.1
19037,0.2,0.1
19039,0.21,0.11
19041,0.18,0.1
19043,0.2,0.1
19045,0.2,0.11
19047,0.19,0.1
19049,0.16,0.08
19051,0.21,0.11
19053,0.21,0.11
19055,0.2,0.1
19057,0.21,0.11
19059,0.18,0.1
19061,0.2,0.1
19063,0.18,0.1
19065,0.2,0.1
19067,0.19,0.1
19069,0.2,0.11
19071,0.21,0.11
19073,0.19,0.1
19075,0.2,0.11
19077,0.21,0.11
19079,0.2,0.11
19081,0.19,0.1
19083,0.2,0.11
19085,0.21,0.11
19087,0.21,0.11
19089,0.2,0.1
19091,0.2,0.11
19093,0.19,0.1
19095,0.21,0.11
19097,0.2,0.1
19099,0.19,0.1
19101,0.21,0.11
19103,0.18,0.09
19105,0.2,0.11
19107,0.21,0.11
19109,0.19,0.1
19111,0.21,0.11
19113,0.2,0.1
19115,0.21,0.11
19117,0.21,0.11
19119,0.18,0.1
19121,0.19,0.1
19123,0.21,0.11
19125,0.19,0.1
19127,0.21,0.11
19129,0.21,0.11
19131,0.19,0.1
19133,0.19,0.1
19135,0.21,0.11
19137,0.21,0.11
19139,0.2,0.11
19141,0.18,0.1
19143,0.18,0.1
19145,0.21,0.11
19147,0.18,0.1
19149,0.21,0.12
19151,0.19,0.1
19153,0.19,0.1
19155,0.21,0.11
19157,0.21,0.11
19159,0.21,0.11
19161,0.19,0.1
19163,0.19,0.1
19165,0.21,0.11
19167,0.18,0.1
19169,0.19,0.09
19171,0.21,0.11
19173,0.21,0.11
19175,0.21,0.11
19177,0.21,0.11
19179,0.21,0.11
19181,0.19,0.1
19183,0.21,0.11
19185,0.21,0.11
19187,0.2,0.11
19189,0.19,0.1
19191,0.2,0.1
19193,0.21,0.12
19195,0.19,0.1
19197,0.2,0.11
20001,0.2,0.08
20003,0.2,0.08
20005,0.21,0.08
20007,0.2,0.08
20009,0.2,0.08
20011,0.2,0.08
20013,0.19,0.08
20015,0.18,0.07
20017,0.19,0.08
20019,0.19,0.08
20021,0.22,0.09
20023,0.19,0.08
20025,0.2,0.09
20027,0.19,0.08
20029,0.19,0.08
20031,0.19,0.08
20033,0.2,0.08
20035,0.19,0.08
20037,0.22,0.09
20039,0.19,0.08
20041,0.19,0.08
20043,0.21,0.08
20045,0.18,0.07
20047,0.2,0.08
20049,0.19,0.08
20051,0.19,0.08
20053,0.19,0.08
20055,0.2,0.09
20057,0.2,0.09
20059,0.2,0.08
20061,0.22,0.08
20063,0.19,0.08
20065,0.19,0.08
20067,0.2,0.09
20069,0.2,0.09
20071,0.19,0.08
20073,0.19,0.08
20075,0.2,0.09
20077,0.2,0.08
20079,0.18,0.08
20081,0.2,0.09
20083,0.2,0.09
20085,0.19,0.08
20087,0.21,0.08
20089,0.19,0.08
20091,0.15,0.06
20093,0.2,0.09
20095,0.2,0.08
20097,0.2,0.08
20099,0.22,0.09
20101,0.19,0.08
20103,0.21,0.08
20105,0.19,0.08
20107,0.2,0.08
20109,0.19,0.08
20111,0.19,0.08
20113,0.2,0.08
20115,0.19,0.08
20117,0.19,0.08
20119,0.2,0.09
20121,0.2,0.08
20123,0.19,0.08
20125,0.22,0.09
20127,0.19,0.08
20129,0.2,0.09
20131,0.19,0.08
20133,0.22,0.09
20135,0.19,0.08
20137,0.19,0.08
20139,0.19,0.08
20141,0.19,0.08
20143,0.19,0.08
20145,0.2,0.08
20147,0.19,0.08
20149,0.22,0.08
20151,0.2,0.08
20153,0.19,0.08
20155,0.2,0.08
20157,0.19,0.08
20159,0.2,0.08
20161,0.22,0.08
20163,0.19,0.08
20165,0.2,0.08
20167,0.19,0.08
20169,0.19,0.08
20171,0.19,0.08
20173,0.2,0.09
20175,0.2,0.09
20177,0.2,0.09
20179,0.19,0.08
20181,0.19,0.08
20183,0.19,0.08
20185,0.2,0.08
20187,0.2,0.09
20189,0.2,0.09
20191,0.2,0.08
20193,0.19,0.08
20195,0.19,0.08
20197,0.19,0.08
20199,0.19,0.08
20201,0.19,0.08
20203,0.19,0.08
20205,0.19,0.08
20207,0.19,0.08
20209,0.22,0.1
21001,0.22,0.1
21003,0.22,0.1
21005,0.19,0.09
21007,0.19,0.08
21009,0.22,0.1
21011,0.22,0.1
21013,0.23,0.11
21015,0.16,0.07
21017,0.19,0.09
21019,0.2,0.09
21021,0.19,0.09
21023,0.22,0.1
21025,0.23,0.11
21027,0.21,0.09
21029,0.18,0.08
21031,0.22,0.1
21033,0.21,0.1
21035,0.19,0.08
21037,0.18,0.08
21039,0.19,0.08
21041,0.18,0.08
21043,0.2,0.09
21045,0.22,0.1
21047,0.22,0.1
21049,0.19,0.09
21051,0.23,0.11
21053,0.22,0.1
21055,0.21,0.1
21057,0.22,0.1
21059,0.18,0.08
21061,0.22,0.1
21063,0.2,0.09
21065,0.19,0.09
21067,0.17,0.07
21069,0.22,0.1
21071,0.23,0.11
21073,0.19,0.09
21075,0.19,0.08
21077,0.18,0.08
21079,0.19,0.09
21081,0.18,0.08
21083,0.19,0.08
21085,0.21,0.09
21087,0.22,0.1
21089,0.2,0.09
21091,0.18,0.08
21093,0.21,0.09
21095,0.23,0.11
21097,0.19,0.09
21099,0.22,0.1
21101,0.2,0.09
21103,0.17,0.08
21105,0.19,0.08
21107,0.21,0.1
21109,0.23,0.11
21111,0.17,0.08
21113,0.19,0.09
21115,0.23,0.11
21117,0.17,0.08
21119,0.23,0.11
21121,0.23,0.11
21123,0.2,0.09
21125,0.23,0.11
21127,0.2,0.09
21129,0.23,0.11
21131,0.23,0.11
21133,0.23,0.11
21135,0.22,0.1
21137,0.19,0.09
21139,0.21,0.1
21141,0.22,0.1
21143,0.22,0.1
21145,0.19,0.08
21147,0.21,0.1
21149,0.2,0.09
21151,0.19,0.09
21153,0.23,0.11
21155,0.2,0.09
21157,0.19,0.08
21159,0.23,0.11
21161,0.22,0.1
21163,0.21,0.09
21165,0.22,0.1
21167,0.19,0.09
21169,0.22,0.1
21171,0.22,0.1
21173,0.22,0.1
21175,0.22,0.1
21177,0.21,0.1
21179,0.2,0.09
21181,0.19,0.09
21183,0.2,0.09
21185,0.17,0.08
21187,0.18,0.08
21189,0.23,0.11
21191,0.18,0.08
21193,0.23,0.11
21195,0.23,0.11
21197,0.19,0.09
21199,0.21,0.1
21201,0.22,0.1
21203,0.23,0.11
21205,0.22,0.1
21207,0.22,0.1
21209,0.19,0.09
21211,0.17,0.08
21213,0.22,0.1
21215,0.18,0.08
21217,0.22,0.1
21219,0.22,0.1
21221,0.22,0.1
21223,0.17,0.08
21225,0.2,0.09
21227,0.18,0.08
21229,0.2,0.09
21231,0.21,0.1
21233,0.2,0.09
21235,0.23,0.11
21237,0.23,0.11
21239,0.19,0.09
22001,0.24,0.11
22003,0.24,0.11
22005,0.21,0.09
22007,0.25,0.12
22009,0.27,0.13
22011,0.24,0.11
22013,0.25,0.11
22015,0.24,0.1
22017,0.23,0.11
22019,0.24,0.11
22021,0.26,0.12
22023,0.24,0.11
22025,0.27,0.13
22027,0.25,0.11
22029,0.27,0.13
22031,0.25,0.11
22033,0.21,0.09
22035,0.26,0.12
22037,0.24,0.11
22039,0.25,0.12
22041,0.26,0.12
22043,0.27,0.13
22045,0.25,0.11
22047,0.24,0.11
22049,0.26,0.12
22051,0.21,0.09
22053,0.24,0.11
22055,0.22,0.1
22057,0.25,0.12
22059,0.27,0.13
22061,0.25,0.11
22063,0.25,0.11
22065,0.26,0.12
22067,0.26,0.12
22069,0.25,0.11
22071,0.21,0.1
22073,0.23,0.11
22075,0.24,0.11
22077,0.24,0.11
22079,0.25,0.11
22081,0.25,0.11
22083,0.26,0.12
22085,0.25,0.11
22087,0.24,0.11
22089,0.22,0.1
22091,0.25,0.11
22093,0.22,0.1
22095,0.22,0.1
22097,0.25,0.12
22099,0.25,0.11
22101,0.25,0.11
22103,0.2,0.09
22105,0.25,0.11
22107,0.26,0.12
22109,0.24,0.11
22111,0.26,0.12
22113,0.24,0.11
22115,0.25,0.11
22117,0.25,0.11
22119,0.24,0.1
22121,0.24,0.11
22123,0.26,0.12
22125,0.24,0.11
22127,0.27,0.13
23001,0.13,0.08
23003,0.14,0.09
23005,0.11,0.07
23007,0.14,0.09
23009,0.13,0.08
23011,0.13,0.08
23013,0.13,0.08
23015,0.13,0.08
23017,0.14,0.09
23019,0.13,0.08
23021,0.14,0.09
23023,0.11,0.07
23025,0.14,0.09
23027,0.13,0.08
23029,0.14,0.09
23031,0.11,0.07
24001,0.16,0.05
24003,0.12,0.03
24005,0.12,0.03
24009,0.13,0.04
24011,0.13,0.04
24013,0.11,0.03
24015,0.14,0.04
24017,0.13,0.04
24019,0.13,0.04
24021,0.11,0.03
24023,0.16,0.05
24025,0.12,0.03
24027,0.09,0.02
24029,0.13,0.04
24031,0.1,0.03
24033,0.13,0.04
24035,0.13,0.04
24037,0.13,0.04
24039,0.15,0.04
24041,0.13,0.04
24043,0.15,0.04
24045,0.15,0.04
24047,0.15,0.04
24510,0.15,0.04
25001,0.06,0.03
25003,0.08,0.03
25005,0.09,0.04
25007,0.06,0.03
25009,0.07,0.03
25011,0.08,0.03
25013,0.08,0.04
25015,0.07,0.03
25017,0.06,0.03
25019,0.06,0.03
25021,0.06,0.03
25023,0.07,0.03
25025,0.07,0.03
25027,0.07,0.03
26001,0.19,0.07
26003,0.21,0.08
26005,0.21,0.08
26007,0.19,0.07
26009,0.2,0.08
26011,0.2,0.08
26013,0.19,0.07
26015,0.2,0.07
26017,0.19,0.07
26019,0.18,0.07
26021,0.19,0.07
26023,0.22,0.08
26025,0.2,0.07
26027,0.2,0.08
26029,0.2,0.08
26031,0.19,0.07
26033,0.21,0.08
26035,0.23,0.09
26037,0.17,0.06
26039,0.19,0.07
26041,0.21,0.08
26043,0.19,0.07
26045,0.17,0.06
26047,0.2,0.08
26049,0.22,0.09
26051,0.2,0.08
26053,0.19,0.07
26055,0.18,0.07
26057,0.23,0.09
26059,0.21,0.08
26061,0.19,0.07
26063,0.21,0.08
26065,0.19,0.07
26067,0.22,0.08
26069,0.2,0.08
26071,0.19,0.07
26073,0.23,0.09
26075,0.22,0.08
26077,0.2,0.07
26079,0.2,0.08
26081,0.19,0.07
26083,0.19,0.07
26085,0.2,0.08
26087,0.2,0.07
26089,0.18,0.07
26091,0.21,0.08
26093,0.16,0.06
26095,0.21,0.08
26097,0.21,0.08
26099,0.19,0.07
26101,0.18,0.07
26103,0.19,0.07
26105,0.2,0.08
26107,0.22,0.08
26109,0.21,0.08
26111,0.19,0.07
26113,0.2,0.08
26115,0.2,0.07
26117,0.22,0.08
26119,0.19,0.07
26121,0.22,0.08
26123,0.2,0.08
26125,0.15,0.06
26127,0.2,0.08
26129,0.2,0.08
26131,0.19,0.07
26133,0.22,0.08
26135,0.19,0.07
26137,0.19,0.07
26139,0.18,0.06
26141,0.19,0.07
26143,0.2,0.08
26145,0.2,0.08
26147,0.19,0.07
26149,0.22,0.08
26151,0.21,0.08
26153,0.21,0.08
26155,0.19,0.07
26157,0.21,0.08
26159,0.2,0.08
26161,0.15,0.05
26163,0.21,0.08
26165,0.2,0.08
27001,0.12,0.06
27003,0.11,0.05
27005,0.14,0.07
27007,0.14,0.07
27009,0.13,0.06
27011,0.11,0.05
27013,0.12,0.05
27015,0.12,0.06
27017,0.12,0.06
27019,0.09,0.04
27021,0.12,0.06
27023,0.12,0.06
27025,0.13,0.06
27027,0.12,0.06
27029,0.14,0.07
27031,0.12,0.06
27033,0.12,0.06
27035,0.12,0.06
27037,0.1,0.05
27039,0.12,0.06
27041,0.11,0.05
27043,0.12,0.06
27045,0.12,0.05
27047,0.12,0.06
27049,0.12,0.06
27051,0.11,0.05
27053,0.1,0.05
27055,0.12,0.05
27057,0.14,0.07
27059,0.13,0.06
27061,0.12,0.06
27063,0.12,0.06
27065,0.13,0.06
27067,0.12,0.06
27069,0.12,0.06
27071,0.12,0.06
27073,0.12,0.06
27075,0.12,0.06
27077,0.14,0.07
27079,0.12,0.06
27081,0.12,0.06
27083,0.12,0.06
27085,0.12,0.06
27087,0.14,0.07
27089,0.12,0.06
27091,0.12,0.06
27093,0.12,0.06
27095,0.13,0.06
27097,0.12,0.06
27099,0.12,0.06
27101,0.12,0.06
27103,0.12,0.05
27105,0.12,0.06
27107,0.12,0.06
27109,0.09,0.04
27111,0.11,0.05
27113,0.12,0.06
27115,0.13,0.06
27117,0.12,0.06
27119,0.12,0.06
27121,0.11,0.05
27123,0.11,0.05
27125,0.12,0.06
27127,0.12,0.06
27129,0.12,0.06
27131,0.12,0.06
27133,0.12,0.06
27135,0.12,0.06
27137,0.12,0.05
27139,0.1,0.05
27141,0.13,0.06
27143,0.12,0.06
27145,0.12,0.06
27147,0.12,0.06
27149,0.11,0.05
27151,0.11,0.05
27153,0.12,0.06
27155,0.11,0.05
27157,0.12,0.05
27159,0.12,0.06
27161,0.12,0.05
27163,0.1,0.05
27165,0.12,0.06
27167,0.11,0.05
27169,0.12,0.05
27171,0.11,0.05
27173,0.12,0.06
28001,0.27,0.12
28003,0.29,0.13
28005,0.27,0.12
28007,0.29,0.13
28009,0.29,0.13
28011,0.3,0.14
28013,0.27,0.11
28015,0.29,0.13
28017,0.27,0.11
28019,0.27,0.11
28021,0.27,0.12
28023,0.28,0.12
28025,0.27,0.11
28027,0.29,0.13
28029,0.26,0.11
28031,0.29,0.13
28033,0.26,0.11
28035,0.28,0.12
28037,0.27,0.12
28039,0.27,0.12
28041,0.29,0.13
28043,0.29,0.13
28045,0.27,0.12
28047,0.28,0.12
28049,0.27,0.11
28051,0.29,0.13
28053,0.3,0.14
28055,0.3,0.14
28057,0.27,0.11
28059,0.26,0.11
28061,0.29,0.13
28063,0.27,0.12
28065,0.29,0.13
28067,0.29,0.13
28069,0.29,0.13
28071,0.27,0.11
28073,0.28,0.12
28075,0.28,0.12
28077,0.27,0.12
28079,0.29,0.13
28081,0.27,0.12
28083,0.29,0.13
28085,0.27,0.12
28087,0.27,0.11
28089,0.25,0.11
28091,0.28,0.12
28093,0.29,0.13
28095,0.27,0.11
28097,0.29,0.13
28099,0.29,0.13
28101,0.28,0.12
28103,0.27,0.11
28105,0.27,0.11
28107,0.29,0.13
28109,0.27,0.12
28111,0.28,0.12
28113,0.27,0.12
28115,0.27,0.12
28117,0.29,0.13
28119,0.29,0.13
28121,0.26,0.11
28123,0.29,0.13
28125,0.3,0.14
28127,0.26,0.11
28129,0.29,0.13
28131,0.27,0.12
28133,0.3,0.14
28135,0.29,0.13
28137,0.29,0.13
28139,0.29,0.13
28141,0.29,0.13
28143,0.29,0.13
28145,0.27,0.12
28147,0.27,0.12
28149,0.26,0.11
28151,0.3,0.14
28153,0.29,0.13
28155,0.27,0.11
28157,0.27,0.12
28159,0.27,0.11
28161,0.29,0.13
28163,0.25,0.11
29001,0.16,0.07
29003,0.17,0.07
29005,0.16,0.07
29007,0.17,0.07
29009,0.15,0.07
29011,0.17,0.07
29013,0.15,0.06
29015,0.17,0.07
29017,0.16,0.07
29019,0.14,0.06
29021,0.17,0.07
29023,0.18,0.08
29025,0.16,0.06
29027,0.15,0.06
29029,0.17,0.07
29031,0.16,0.07
29033,0.17,0.07
29035,0.18,0.08
29037,0.15,0.06
29039,0.17,0.07
29041,0.17,0.07
29043,0.15,0.07
29045,0.16,0.07
29047,0.14,0.06
29049,0.16,0.06
29051,0.15,0.06
29053,0.17,0.07
29055,0.15,0.06
29057,0.17,0.07
29059,0.17,0.07
29061,0.16,0.07
29063,0.17,0.07
29065,0.15,0.06
29067,0.18,0.08
29069,0.19,0.08
29071,0.16,0.06
29073,0.15,0.06
29075,0.16,0.07
29077,0.16,0.07
29079,0.16,0.07
29081,0.16,0.07
29083,0.17,0.07
29085,0.17,0.07
29087,0.16,0.07
29089,0.17,0.07
29091,0.18,0.08
29093,0.18,0.08
29095,0.15,0.06
29097,0.17,0.07
29099,0.15,0.06
29101,0.16,0.06
29103,0.16,0.07
29105,0.17,0.07
29107,0.16,0.06
29109,0.17,0.07
29111,0.16,0.07
29113,0.17,0.07
29115,0.16,0.07
29117,0.16,0.07
29119,0.15,0.07
29121,0.16,0.07
29123,0.18,0.08
29125,0.15,0.06
29127,0.16,0.07
29129,0.16,0.07
29131,0.17,0.07
29133,0.19,0.08
29135,0.15,0.06
29137,0.16,0.07
29139,0.17,0.07
29141,0.17,0.07
29143,0.19,0.08
29145,0.17,0.07
29147,0.16,0.07
29149,0.18,0.08
29151,0.15,0.06
29153,0.18,0.08
29155,0.19,0.08
29157,0.18,0.08
29159,0.17,0.07
29161,0.15,0.06
29163,0.17,0.07
29165,0.13,0.06
29167,0.17,0.07
29169,0.17,0.07
29171,0.16,0.07
29173,0.16,0.07
29175,0.17,0.07
29177,0.16,0.06
29179,0.18,0.08
29181,0.18,0.08
29183,0.12,0.05
29185,0.17,0.07
29186,0.18,0.08
29187,0.18,0.08
29189,0.12,0.05
29195,0.17,0.07
29197,0.16,0.07
29199,0.16,0.07
29201,0.16,0.07
29203,0.18,0.08
29205,0.16,0.07
29207,0.19,0.08
29209,0.15,0.07
29211,0.16,0.07
29213,0.15,0.07
29215,0.18,0.08
29217,0.17,0.07
29219,0.17,0.07
29221,0.18,0.08
29223,0.18,0.08
29225,0.15,0.07
29227,0.16,0.07
29229,0.18,0.08
29510,0.15,0.06
30001,0.22,0.1
30003,0.26,0.12
30005,0.27,0.12
30007,0.22,0.1
30009,0.22,0.09
30011,0.26,0.12
30013,0.27,0.12
30015,0.27,0.12
30017,0.26,0.12
30019,0.26,0.12
30021,0.26,0.12
30023,0.22,0.1
30025,0.26,0.12
30027,0.27,0.12
30029,0.24,0.11
30031,0.22,0.09
30033,0.26,0.12
30035,0.24,0.11
30037,0.26,0.12
30039,0.22,0.1
30041,0.27,0.12
30043,0.22,0.1
30045,0.27,0.12
30047,0.24,0.11
30049,0.22,0.1
30051,0.27,0.12
30053,0.24,0.11
30055,0.26,0.12
30057,0.22,0.1
30059,0.27,0.12
30061,0.24,0.11
30063,0.24,0.11
30065,0.26,0.12
30067,0.22,0.09
30069,0.27,0.12
30071,0.26,0.12
30073,0.27,0.12
30075,0.26,0.12
30077,0.22,0.1
30079,0.26,0.12
30081,0.24,0.11
30083,0.26,0.12
30085,0.26,0.12
30087,0.26,0.12
30089,0.24,0.11
30091,0.26,0.12
30093,0.22,0.1
30095,0.22,0.09
30097,0.22,0.09
30099,0.27,0.12
30101,0.27,0.12
30103,0.26,0.12
30105,0.26,0.12
30107,0.27,0.12
30109,0.26,0.12
30111,0.25,0.12
31001,0.18,0.09
31003,0.18,0.09
31005,0.18,0.09
31007,0.17,0.09
31009,0.18,0.1
31011,0.18,0.09
31013,0.17,0.09
31015,0.17,0.09
31017,0.17,0.09
31019,0.18,0.09
31021,0.18,0.09
31023,0.18,0.09
31025,0.18,0.09
31027,0.18,0.09
31029,0.18,0.09
31031,0.17,0.09
31033,0.17,0.09
31035,0.18,0.09
31037,0.18,0.09
31039,0.18,0.09
31041,0.18,0.1
31043,0.18,0.09
31045,0.17,0.09
31047,0.18,0.09
31049,0.17,0.09
31051,0.18,0.09
31053,0.18,0.09
31055,0.18,0.09
31057,0.18,0.09
31059,0.18,0.09
31061,0.18,0.09
31063,0.18,0.09
31065,0.18,0.09
31067,0.18,0.09
31069,0.17,0.09
31071,0.18,0.1
31073,0.18,0.09
31075,0.18,0.09
31077,0.18,0.1
31079,0.18,0.1
31081,0.18,0.1
31083,0.18,0.09
31085,0.18,0.09
31087,0.18,0.09
31089,0.17,0.09
31091,0.18,0.09
31093,0.18,0.1
31095,0.18,0.09
31097,0.18,0.09
31099,0.18,0.09
31101,0.18,0.09
31103,0.17,0.09
31105,0.17,0.09
31107,0.18,0.09
31109,0.17,0.08
31111,0.18,0.09
31113,0.18,0.09
31115,0.18,0.1
31117,0.18,0.09
31119,0.18,0.09
31121,0.18,0.1
31123,0.17,0.09
31125,0.18,0.09
31127,0.18,0.09
31129,0.18,0.09
31131,0.18,0.09
31133,0.18,0.09
31135,0.18,0.09
31137,0.18,0.09
31139,0.18,0.09
31141,0.18,0.09
31143,0.18,0.09
31145,0.18,0.09
31147,0.18,0.09
31149,0.17,0.09
31151,0.18,0.09
31153,0.17,0.09
31155,0.18,0.09
31157,0.17,0.09
31159,0.18,0.09
31161,0.17,0.09
31163,0.18,0.1
31165,0.17,0.09
31167,0.18,0.09
31169,0.18,0.09
31171,0.18,0.09
31173,0.18,0.09
31175,0.18,0.1
31177,0.18,0.09
31179,0.18,0.09
31181,0.18,0.09
31183,0.18,0.1
31185,0.18,0.09
32001,0.21,0.1
32003,0.19,0.09
32005,0.19,0.09
32007,0.21,0.1
32009,0.21,0.1
32011,0.21,0.1
32013,0.21,0.1
32015,0.21,0.1
32017,0.21,0.1
32019,0.19,0.09
32021,0.21,0.1
32023,0.21,0.1
32027,0.21,0.1
32029,0.19,0.09
32031,0.17,0.08
32033,0.21,0.1
32510,0.19,0.09
33001,0.14,0.07
33003,0.14,0.07
33005,0.15,0.07
33007,0.15,0.07
33009,0.15,0.07
33011,0.14,0.07
33013,0.14,0.07
33015,0.13,0.06
33017,0.15,0.07
33019,0.15,0.07
34001,0.13,0.05
34003,0.09,0.04
34005,0.12,0.05
34007,0.13,0.06
34009,0.13,0.05
34011,0.15,0.07
34013,0.14,0.06
34015,0.13,0.05
34017,0.12,0.05
34019,0.1,0.04
34021,0.12,0.05
34023,0.1,0.04
34025,0.11,0.04
34027,0.1,0.04
34029,0.13,0.05
34031,0.13,0.06
34033,0.15,0.07
34035,0.09,0.04
34037,0.11,0.05
34039,0.12,0.05
34041,0.12,0.05
35001,0.13,0.08
35003,0.14,0.08
35005,0.17,0.09
35006,0.26,0.15
35007,0.16,0.09
35009,0.16,0.09
35011,0.16,0.09
35013,0.14,0.08
35015,0.15,0.08
35017,0.14,0.08
35019,0.16,0.09
35021,0.16,0.09
35023,0.14,0.08
35025,0.15,0.08
35027,0.17,0.09
35028,0.12,0.07
35029,0.14,0.08
35031,0.26,0.15
35033,0.12,0.07
35035,0.17,0.09
35037,0.16,0.09
35039,0.12,0.07
35041,0.16,0.09
35043,0.14,0.08
35045,0.19,0.11
35047,0.12,0.07
35049,0.12,0.07
35051,0.14,0.08
35053,0.14,0.08
35055,0.12,0.07
35057,0.14,0.08
35059,0.16,0.09
35061,0.13,0.07
36001,0.13,0.05
36003,0.16,0.07
36005,0.16,0.07
36007,0.15,0.06
36009,0.16,0.07
36011,0.15,0.06
36013,0.15,0.06
36015,0.15,0.06
36017,0.15,0.06
36019,0.17,0.07
36021,0.14,0.06
36023,0.15,0.06
36025,0.15,0.06
36027,0.13,0.05
36029,0.14,0.06
36031,0.17,0.07
36033,0.17,0.07
36035,0.16,0.07
36037,0.17,0.07
36039,0.14,0.06
36041,0.17,0.07
36043,0.15,0.06
36045,0.19,0.08
36047,0.14,0.06
36049,0.19,0.08
36051,0.15,0.06
36053,0.15,0.06
36055,0.14,0.06
36057,0.16,0.07
36059,0.1,0.04
36061,0.11,0.05
36063,0.15,0.06
36065,0.15,0.06
36067,0.14,0.06
36069,0.13,0.05
36071,0.14,0.06
36073,0.17,0.07
36075,0.16,0.06
36077,0.15,0.06
36079,0.12,0.05
36081,0.11,0.05
36083,0.14,0.06
36085,0.12,0.05
36087,0.14,0.06
36089,0.17,0.07
36091,0.12,0.05
36093,0.14,0.06
36095,0.15,0.06
36097,0.17,0.07
36099,0.15,0.06
36101,0.16,0.07
36103,0.11,0.05
36105,0.14,0.06
36107,0.15,0.06
36109,0.12,0.05
36111,0.14,0.06
36113,0.14,0.06
36115,0.14,0.06
36117,0.15,0.06
36119,0.11,0.05
36121,0.15,0.06
36123,0.13,0.05
37001,0.18,0.07
37003,0.2,0.08
37005,0.19,0.08
37007,0.2,0.08
37009,0.19,0.07
37011,0.19,0.07
37013,0.17,0.07
37015,0.17,0.07
37017,0.21,0.09
37019,0.15,0.06
37021,0.17,0.06
37023,0.19,0.08
37025,0.17,0.07
37027,0.2,0.08
37029,0.18,0.07
37031,0.17,0.07
37033,0.2,0.08
37035,0.18,0.07
37037,0.16,0.07
37039,0.18,0.07
37041,0.18,0.07
37043,0.18,0.07
37045,0.18,0.07
37047,0.21,0.09
37049,0.19,0.07
37051,0.22,0.08
37053,0.18,0.07
37055,0.17,0.07
37057,0.19,0.08
37059,0.18,0.07
37061,0.19,0.08
37063,0.17,0.07
37065,0.2,0.08
37067,0.18,0.07
37069,0.19,0.07
37071,0.19,0.08
37073,0.18,0.07
37075,0.18,0.07
37077,0.2,0.08
37079,0.2,0.08
37081,0.18,0.07
37083,0.2,0.08
37085,0.21,0.08
37087,0.18,0.07
37089,0.16,0.06
37091,0.2,0.08
37093,0.22,0.09
37095,0.17,0.07
37097,0.17,0.07
37099,0.18,0.07
37101,0.18,0.07
37103,0.22,0.08
37105,0.16,0.07
37107,0.22,0.08
37109,0.18,0.07
37111,0.19,0.08
37113,0.18,0.07
37115,0.18,0.07
37117,0.17,0.07
37119,0.16,0.06
37121,0.19,0.07
37123,0.17,0.07
37125,0.17,0.07
37127,0.2,0.08
37129,0.17,0.06
37131,0.2,0.08
37133,0.24,0.09
37135,0.14,0.05
37137,0.17,0.07
37139,0.18,0.07
37141,0.17,0.06
37143,0.18,0.07
37145,0.2,0.08
37147,0.18,0.07
37149,0.18,0.07
37151,0.2,0.08
37153,0.22,0.09
37155,0.24,0.11
37157,0.2,0.08
37159,0.2,0.08
37161,0.18,0.07
37163,0.19,0.08
37165,0.22,0.09
37167,0.18,0.07
37169,0.2,0.08
37171,0.19,0.08
37173,0.18,0.07
37175,0.16,0.06
37177,0.17,0.07
37179,0.17,0.07
37181,0.19,0.07
37183,0.14,0.05
37185,0.19,0.08
37187,0.17,0.07
37189,0.19,0.07
37191,0.21,0.08
37193,0.19,0.08
37195,0.2,0.08
37197,0.18,0.07
37199,0.19,0.07
38001,0.31,0.2
38003,0.29,0.2
38005,0.29,0.2
38007,0.31,0.2
38009,0.29,0.2
38011,0.31,0.2
38013,0.31,0.2
38015,0.27,0.17
38017,0.28,0.18
38019,0.27,0.17
38021,0.29,0.2
38023,0.31,0.2
38025,0.31,0.2
38027,0.29,0.2
38029,0.27,0.17
38031,0.29,0.2
38033,0.31,0.2
38035,0.27,0.17
38037,0.31,0.2
38039,0.27,0.17
38041,0.31,0.2
38043,0.27,0.17
38045,0.29,0.2
38047,0.27,0.17
38049,0.31,0.2
38051,0.27,0.17
38053,0.31,0.2
38055,0.31,0.2
38057,0.31,0.2
38059,0.27,0.17
38061,0.31,0.2
38063,0.29,0.2
38065,0.31,0.2
38067,0.27,0.17
38069,0.29,0.2
38071,0.29,0.2
38073,0.29,0.2
38075,0.31,0.2
38077,0.29,0.2
38079,0.29,0.2
38081,0.29,0.2
38083,0.29,0.2
38085,0.31,0.2
38087,0.31,0.2
38089,0.31,0.2
38091,0.27,0.17
38093,0.29,0.2
38095,0.27,0.17
38097,0.27,0.17
38099,0.27,0.17
38101,0.31,0.2
38103,0.29,0.2
38105,0.31,0.2
39001,0.26,0.14
39003,0.24,0.13
39005,0.23,0.12
39007,0.25,0.14
39009,0.23,0.12
39011,0.21,0.11
39013,0.22,0.12
39015,0.23,0.13
39017,0.21,0.11
39019,0.21,0.12
39021,0.23,0.12
39023,0.24,0.13
39025,0.21,0.11
39027,0.26,0.14
39029,0.22,0.12
39031,0.26,0.15
39033,0.23,0.12
39035,0.2,0.11
39037,0.22,0.12
39039,0.22,0.12
39041,0.16,0.08
39043,0.2,0.11
39045,0.2,0.11
39047,0.25,0.14
39049,0.21,0.11
39051,0.21,0.11
39053,0.23,0.12
39055,0.17,0.1
39057,0.19,0.1
39059,0.26,0.15
39061,0.19,0.1
39063,0.2,0.11
39065,0.23,0.12
39067,0.24,0.13
39069,0.22,0.12
39071,0.26,0.14
39073,0.25,0.14
39075,0.26,0.15
39077,0.23,0.12
39079,0.25,0.14
39081,0.22,0.12
39083,0.24,0.13
39085,0.2,0.11
39087,0.24,0.13
39089,0.21,0.11
39091,0.23,0.12
39093,0.21,0.12
39095,0.22,0.12
39097,0.24,0.13
39099,0.22,0.12
39101,0.24,0.13
39103,0.18,0.1
39105,0.23,0.12
39107,0.21,0.11
39109,0.22,0.12
39111,0.22,0.12
39113,0.21,0.12
39115,0.22,0.12
39117,0.24,0.13
39119,0.25,0.14
39121,0.22,0.12
39123,0.19,0.1
39125,0.22,0.12
39127,0.25,0.14
39129,0.24,0.13
39131,0.25,0.14
39133,0.21,0.11
39135,0.22,0.12
39137,0.2,0.11
39139,0.23,0.13
39141,0.25,0.14
39143,0.2,0.11
39145,0.24,0.13
39147,0.23,0.12
39149,0.22,0.12
39151,0.22,0.12
39153,0.2,0.11
39155,0.23,0.13
39157,0.24,0.13
39159,0.24,0.13
39161,0.21,0.11
39163,0.25,0.14
39165,0.18,0.09
39167,0.22,0.12
39169,0.23,0.13
39171,0.22,0.12
39173,0.2,0.1
39175,0.23,0.12
40001,0.26,0.13
40003,0.22,0.11
40005,0.23,0.12
40007,0.22,0.11
40009,0.2,0.1
40011,0.22,0.11
40013,0.23,0.12
40015,0.22,0.11
40017,0.2,0.1
40019,0.23,0.12
40021,0.26,0.13
40023,0.23,0.12
40025,0.22,0.11
40027,0.19,0.09
40029,0.23,0.12
40031,0.25,0.12
40033,0.22,0.11
40035,0.23,0.12
40037,0.21,0.1
40039,0.2,0.1
40041,0.23,0.12
40043,0.22,0.11
40045,0.22,0.11
40047,0.21,0.11
40049,0.23,0.12
40051,0.21,0.1
40053,0.22,0.11
40055,0.2,0.1
40057,0.2,0.1
40059,0.22,0.11
40061,0.23,0.12
40063,0.22,0.11
40065,0.2,0.1
40067,0.22,0.11
40069,0.23,0.12
40071,0.21,0.11
40073,0.22,0.11
40075,0.2,0.1
40077,0.23,0.12
40079,0.23,0.12
40081,0.21,0.11
40083,0.21,0.11
40085,0.23,0.12
40087,0.21,0.1
40089,0.23,0.12
40091,0.23,0.12
40093,0.22,0.11
40095,0.23,0.12
40097,0.23,0.12
40099,0.23,0.12
40101,0.23,0.12
40103,0.21,0.11
40105,0.23,0.12
40107,0.22,0.11
40109,0.2,0.1
40111,0.23,0.12
40113,0.21,0.11
40115,0.23,0.12
40117,0.22,0.11
40119,0.22,0.11
40121,0.23,0.12
40123,0.23,0.12
40125,0.21,0.11
40127,0.23,0.12
40129,0.2,0.1
40131,0.2,0.1
40133,0.22,0.11
40135,0.26,0.13
40137,0.22,0.11
40139,0.22,0.11
40141,0.22,0.11
40143,0.19,0.1
40145,0.2,0.1
40147,0.22,0.11
40149,0.2,0.1
40151,0.22,0.11
40153,0.22,0.11
41001,0.17,0.07
41003,0.16,0.07
41005,0.14,0.06
41007,0.17,0.07
41009,0.17,0.07
41011,0.17,0.08
41013,0.17,0.07
41015,0.17,0.08
41017,0.14,0.06
41019,0.17,0.08
41021,0.17,0.07
41023,0.17,0.07
41025,0.18,0.08
41027,0.17,0.07
41029,0.17,0.07
41031,0.17,0.07
41033,0.17,0.08
41035,0.18,0.08
41037,0.18,0.08
41039,0.16,0.07
41041,0.17,0.07
41043,0.16,0.07
41045,0.18,0.08
41047,0.17,0.07
41049,0.17,0.07
41051,0.14,0.06
41053,0.16,0.07
41055,0.17,0.07
41057,0.17,0.07
41059,0.17,0.07
41061,0.17,0.07
41063,0.17,0.07
41065,0.17,0.07
41067,0.13,0.06
41069,0.17,0.07
41071,0.16,0.07
42001,0.17,0.08
42003,0.14,0.07
42005,0.18,0.09
42007,0.15,0.08
42009,0.18,0.09
42011,0.16,0.08
42013,0.18,0.09
42015,0.17,0.09
42017,0.12,0.06
42019,0.14,0.07
42021,0.17,0.08
42023,0.18,0.09
42025,0.15,0.07
42027,0.16,0.08
42029,0.12,0.06
42031,0.18,0.09
42033,0.18,0.09
42035,0.18,0.09
42037,0.17,0.08
42039,0.17,0.09
42041,0.15,0.07
42043,0.15,0.08
42045,0.14,0.07
42047,0.18,0.09
42049,0.18,0.09
42051,0.19,0.1
42053,0.18,0.09
42055,0.17,0.09
42057,0.18,0.09
42059,0.17,0.09
42061,0.18,0.09
42063,0.18,0.09
42065,0.18,0.09
42067,0.18,0.09
42069,0.17,0.09
42071,0.16,0.08
42073,0.17,0.09
42075,0.17,0.09
42077,0.16,0.08
42079,0.17,0.09
42081,0.18,0.09
42083,0.18,0.09
42085,0.17,0.08
42087,0.18,0.09
42089,0.15,0.08
42091,0.12,0.06
42093,0.17,0.09
42095,0.14,0.07
42097,0.17,0.09
42099,0.17,0.08
42101,0.17,0.09
42103,0.16,0.08
42105,0.18,0.09
42107,0.17,0.09
42109,0.18,0.09
42111,0.18,0.09
42113,0.17,0.09
42115,0.16,0.08
42117,0.17,0.09
42119,0.18,0.09
42121,0.18,0.09
42123,0.17,0.09
42125,0.15,0.08
42127,0.16,0.08
42129,0.15,0.07
42131,0.15,0.07
42133,0.16,0.08
44001,0.11,0.03
44003,0.13,0.03
44005,0.11,0.03
44007,0.14,0.04
44009,0.11,0.03
45001,0.19,0.09
45003,0.19,0.09
45005,0.2,0.1
45007,0.19,0.09
45009,0.2,0.1
45011,0.2,0.1
45013,0.15,0.08
45015,0.18,0.08
45017,0.19,0.09
45019,0.16,0.08
45021,0.2,0.1
45023,0.2,0.1
45025,0.19,0.1
45027,0.21,0.1
45029,0.2,0.1
45031,0.19,0.09
45033,0.19,0.1
45035,0.19,0.09
45037,0.19,0.09
45039,0.17,0.08
45041,0.19,0.09
45043,0.19,0.1
45045,0.17,0.08
45047,0.19,0.09
45049,0.2,0.1
45051,0.18,0.09
45053,0.15,0.08
45055,0.19,0.09
45057,0.19,0.1
45059,0.19,0.09
45061,0.21,0.1
45063,0.18,0.09
45065,0.19,0.09
45067,0.19,0.1
45069,0.19,0.1
45071,0.2,0.1
45073,0.19,0.09
45075,0.2,0.1
45077,0.19,0.09
45079,0.19,0.09
45081,0.19,0.09
45083,0.19,0.09
45085,0.21,0.1
45087,0.2,0.1
45089,0.21,0.1
45091,0.17,0.08
46003,0.2,0.08
46005,0.2,0.08
46007,0.29,0.12
46009,0.2,0.08
46011,0.2,0.08
46013,0.21,0.08
46015,0.2,0.08
46017,0.29,0.12
46019,0.21,0.08
46021,0.21,0.08
46023,0.29,0.12
46025,0.21,0.08
46027,0.21,0.08
46029,0.21,0.08
46031,0.29,0.12
46033,0.21,0.08
46035,0.2,0.08
46037,0.21,0.08
46039,0.21,0.08
46041,0.29,0.12
46043,0.2,0.08
46045,0.21,0.08
46047,0.29,0.12
46049,0.21,0.08
46051,0.21,0.08
46053,0.29,0.12
46055,0.29,0.12
46057,0.21,0.08
46059,0.2,0.08
46061,0.2,0.08
46063,0.21,0.08
46065,0.29,0.12
46067,0.2,0.08
46069,0.29,0.12
46071,0.29,0.12
46073,0.2,0.08
46075,0.29,0.12
46077,0.2,0.08
46079,0.2,0.08
46081,0.21,0.08
46083,0.2,0.08
46085,0.29,0.12
46087,0.21,0.08
46089,0.21,0.08
46091,0.21,0.08
46093,0.21,0.08
46095,0.29,0.12
46097,0.2,0.08
46099,0.2,0.07
46101,0.2,0.08
46102,0.29,0.12
46103,0.21,0.08
46105,0.21,0.08
46107,0.21,0.08
46109,0.21,0.08
46111,0.2,0.08
46115,0.21,0.08
46117,0.29,0.12
46119,0.29,0.12
46121,0.29,0.12
46123,0.29,0.12
46125,0.21,0.08
46127,0.21,0.08
46129,0.21,0.08
46135,0.21,0.08
46137,0.29,0.12
47001,0.25,0.15
47003,0.25,0.15
47005,0.26,0.15
47007,0.27,0.16
47009,0.24,0.14
47011,0.25,0.15
47013,0.27,0.16
47015,0.27,0.16
47017,0.26,0.15
47019,0.25,0.15
47021,0.25,0.15
47023,0.25,0.14
47025,0.27,0.16
47027,0.25,0.15
47029,0.27,0.16
47031,0.25,0.14
47033,0.26,0.15
47035,0.25,0.15
47037,0.22,0.13
47039,0.27,0.16
47041,0.27,0.16
47043,0.25,0.15
47045,0.26,0.15
47047,0.25,0.15
47049,0.25,0.15
47051,0.25,0.14
47053,0.26,0.15
47055,0.27,0.16
47057,0.27,0.16
47059,0.25,0.15
47061,0.27,0.16
47063,0.27,0.16
47065,0.22,0.13
47067,0.27,0.16
47069,0.27,0.16
47071,0.27,0.16
47073,0.25,0.15
47075,0.27,0.16
47077,0.27,0.16
47079,0.26,0.15
47081,0.25,0.15
47083,0.26,0.15
47085,0.26,0.15
47087,0.25,0.15
47089,0.25,0.15
47091,0.25,0.15
47093,0.22,0.13
47095,0.26,0.15
47097,0.25,0.15
47099,0.27,0.16
47101,0.27,0.16
47103,0.25,0.14
47105,0.23,0.13
47107,0.25,0.15
47109,0.27,0.16
47111,0.27,0.16
47113,0.25,0.14
47115,0.27,0.16
47117,0.25,0.15
47119,0.25,0.15
47121,0.27,0.16
47123,0.23,0.13
47125,0.26,0.15
47127,0.25,0.14
47129,0.27,0.16
47131,0.26,0.15
47133,0.25,0.15
47135,0.27,0.16
47137,0.25,0.15
47139,0.25,0.15
47141,0.25,0.15
47143,0.27,0.16
47145,0.23,0.13
47147,0.25,0.15
47149,0.23,0.13
47151,0.27,0.16
47153,0.27,0.16
47155,0.25,0.15
47157,0.24,0.14
47159,0.27,0.16
47161,0.26,0.15
47163,0.24,0.14
47165,0.22,0.13
47167,0.25,0.15
47169,0.27,0.16
47171,0.25,0.15
47173,0.25,0.15
47175,0.25,0.15
47177,0.27,0.16
47179,0.23,0.13
47181,0.27,0.16
47183,0.26,0.15
47185,0.25,0.15
47187,0.16,0.09
47189,0.21,0.12
48001,0.2,0.09
48003,0.18,0.09
48005,0.19,0.08
48007,0.18,0.09
48009,0.19,0.08
48011,0.19,0.09
48013,0.17,0.08
48015,0.17,0.08
48017,0.17,0.08
48019,0.17,0.08
48021,0.18,0.08
48023,0.19,0.08
48025,0.18,0.09
48027,0.21,0.09
48029,0.16,0.08
48031,0.15,0.07
48033,0.18,0.09
48035,0.19,0.08
48037,0.2,0.09
48039,0.16,0.07
48041,0.17,0.07
48043,0.18,0.09
48045,0.19,0.09
48047,0.17,0.08
48049,0.18,0.08
48051,0.18,0.08
48053,0.19,0.08
48055,0.18,0.08
48057,0.17,0.08
48059,0.18,0.08
48061,0.17,0.09
48063,0.18,0.08
48065,0.19,0.09
48067,0.2,0.09
48069,0.19,0.09
48071,0.2,0.09
48073,0.19,0.09
48075,0.19,0.09
48077,0.19,0.08
48079,0.17,0.08
48081,0.18,0.09
48083,0.18,0.08
48085,0.13,0.06
48087,0.19,0.09
48089,0.17,0.08
48091,0.14,0.06
48093,0.18,0.08
48095,0.18,0.09
48097,0.19,0.09
48099,0.19,0.08
48101,0.19,0.08
48103,0.18,0.09
48105,0.18,0.09
48107,0.17,0.08
48109,0.18,0.09
48111,0.19,0.09
48113,0.17,0.08
48115,0.18,0.09
48117,0.19,0.09
48119,0.19,0.09
48121,0.15,0.06
48123,0.17,0.08
48125,0.17,0.08
48127,0.17,0.09
48129,0.19,0.09
48131,0.18,0.09
48133,0.18,0.08
48135,0.17,0.08
48137,0.17,0.09
48139,0.17,0.07
48141,0.16,0.08
48143,0.17,0.07
48145,0.19,0.08
48147,0.19,0.09
48149,0.18,0.08
48151,0.18,0.08
48153,0.17,0.08
48155,0.19,0.08
48157,0.13,0.06
48159,0.19,0.09
48161,0.19,0.08
48163,0.17,0.08
48165,0.18,0.09
48167,0.16,0.07
48169,0.17,0.08
48171,0.15,0.07
48173,0.18,0.09
48175,0.17,0.08
48177,0.17,0.08
48179,0.19,0.09
48181,0.19,0.09
48183,0.19,0.09
48185,0.18,0.08
48187,0.16,0.07
48189,0.17,0.08
48191,0.19,0.09
48193,0.19,0.08
48195,0.19,0.09
48197,0.19,0.08
48199,0.19,0.08
48201,0.17,0.08
48203,0.19,0.08
48205,0.19,0.09
48207,0.18,0.08
48209,0.16,0.07
48211,0.19,0.09
48213,0.2,0.09
48215,0.17,0.09
48217,0.19,0.08
48219,0.17,0.08
48221,0.17,0.07
48223,0.19,0.09
48225,0.2,0.09
48227,0.18,0.09
48229,0.18,0.09
48231,0.17,0.07
48233,0.19,0.09
48235,0.18,0.09
48237,0.19,0.08
48239,0.17,0.08
48241,0.21,0.1
48243,0.18,0.09
48245,0.19,0.09
48247,0.18,0.09
48249,0.17,0.08
48251,0.19,0.09
48253,0.18,0.08
48255,0.17,0.08
48257,0.19,0.08
48259,0.15,0.07
48261,0.17,0.08
48263,0.18,0.08
48265,0.15,0.07
48267,0.18,0.09
48269,0.17,0.08
48271,0.17,0.09
48273,0.17,0.08
48275,0.18,0.08
48277,0.19,0.09
48279,0.17,0.08
48281,0.19,0.08
48283,0.17,0.09
48285,0.17,0.08
48287,0.18,0.08
48289,0.18,0.08
48291,0.2,0.09
48293,0.19,0.08
48295,0.19,0.09
48297,0.18,0.09
48299,0.19,0.08
48301,0.18,0.09
48303,0.17,0.08
48305,0.17,0.08
48307,0.18,0.09
48309,0.18,0.08
48311,0.18,0.09
48313,0.18,0.08
48315,0.19,0.08
48317,0.18,0.09
48319,0.18,0.09
48321,0.17,0.08
48323,0.17,0.09
48325,0.17,0.08
48327,0.18,0.09
48329,0.16,0.08
48331,0.18,0.08
48333,0.19,0.08
48335,0.18,0.08
48337,0.19,0.08
48339,0.16,0.07
48341,0.19,0.09
48343,0.19,0.09
48345,0.17,0.08
48347,0.19,0.08
48349,0.19,0.08
48351,0.21,0.1
48353,0.18,0.08
48355,0.16,0.08
48357,0.19,0.09
48359,0.19,0.09
48361,0.19,0.08
48363,0.17,0.07
48365,0.19,0.09
48367,0.17,0.07
48369,0.19,0.09
48371,0.18,0.09
48373,0.2,0.09
48375,0.2,0.09
48377,0.18,0.09
48379,0.18,0.08
48381,0.16,0.07
48383,0.18,0.09
48385,0.17,0.09
48387,0.19,0.09
48389,0.18,0.09
48391,0.18,0.09
48393,0.19,0.09
48395,0.18,0.08
48397,0.17,0.07
48399,0.18,0.08
48401,0.19,0.09
48403,0.21,0.1
48405,0.21,0.1
48407,0.2,0.09
48409,0.18,0.09
48411,0.19,0.08
48413,0.18,0.09
48415,0.18,0.08
48417,0.18,0.08
48419,0.21,0.1
48421,0.19,0.09
48423,0.18,0.08
48425,0.17,0.07
48427,0.18,0.09
48429,0.18,0.08
48431,0.18,0.09
48433,0.18,0.08
48435,0.18,0.09
48437,0.19,0.09
48439,0.17,0.07
48441,0.19,0.08
48443,0.18,0.09
48445,0.17,0.08
48447,0.18,0.08
48449,0.19,0.09
48451,0.17,0.08
48453,0.15,0.07
48455,0.2,0.09
48457,0.21,0.1
48459,0.19,0.08
48461,0.18,0.09
48463,0.17,0.09
48465,0.17,0.09
48467,0.18,0.08
48469,0.17,0.08
48471,0.2,0.09
48473,0.17,0.08
48475,0.18,0.09
48477,0.18,0.08
48479,0.17,0.09
48481,0.17,0.08
48483,0.19,0.09
48485,0.2,0.09
48487,0.19,0.08
48489,0.17,0.08
48491,0.15,0.06
48493,0.17,0.08
48495,0.18,0.09
48497,0.19,0.08
48499,0.18,0.08
48501,0.17,0.08
48503,0.19,0.08
48505,0.18,0.09
48507,0.17,0.09
49001,0.16,0.06
49003,0.16,0.06
49005,0.14,0.06
49007,0.17,0.07
49009,0.17,0.07
49011,0.13,0.05
49013,0.17,0.07
49015,0.17,0.07
49017,0.16,0.06
49019,0.17,0.07
49021,0.16,0.06
49023,0.16,0.06
49025,0.16,0.06
49027,0.16,0.06
49029,0.14,0.06
49031,0.16,0.06
49033,0.14,0.06
49035,0.14,0.06
49037,0.17,0.07
49039,0.16,0.06
49041,0.16,0.06
49043,0.14,0.06
49045,0.16,0.06
49047,0.17,0.07
49049,0.14,0.06
49051,0.17,0.07
49053,0.13,0.05
49055,0.16,0.06
49057,0.15,0.06
50001,0.07,0.03
50003,0.07,0.03
50005,0.08,0.04
50007,0.07,0.03
50009,0.08,0.04
50011,0.07,0.03
50013,0.07,0.03
50015,0.08,0.04
50017,0.07,0.03
50019,0.08,0.04
50021,0.07,0.03
50023,0.08,0.04
50025,0.07,0.03
50027,0.07,0.03
51001,0.15,0.06
51003,0.14,0.06
51005,0.14,0.06
51007,0.18,0.08
51009,0.15,0.06
51011,0.15,0.06
51013,0.1,0.04
51015,0.17,0.07
51017,0.17,0.07
51019,0.15,0.06
51021,0.17,0.07
51023,0.14,0.06
51025,0.18,0.08
51027,0.19,0.08
51029,0.18,0.08
51031,0.17,0.07
51033,0.16,0.06
51035,0.17,0.07
51036,0.14,0.06
51037,0.18,0.08
51041,0.14,0.06
51043,0.15,0.06
51045,0.14,0.06
51047,0.15,0.06
51049,0.18,0.08
51051,0.19,0.08
51053,0.18,0.08
51057,0.15,0.06
51059,0.1,0.04
51061,0.15,0.06
51063,0.16,0.06
51065,0.15,0.06
51067,0.14,0.06
51069,0.15,0.06
51071,0.16,0.06
51073,0.15,0.06
51075,0.14,0.06
51077,0.17,0.07
51079,0.13,0.05
51081,0.18,0.08
51083,0.18,0.08
51085,0.14,0.06
51087,0.14,0.06
51089,0.17,0.07
51091,0.17,0.07
51093,0.17,0.07
51095,0.13,0.05
51097,0.15,0.06
51099,0.16,0.06
51101,0.14,0.06
51103,0.15,0.06
51105,0.19,0.08
51107,0.1,0.04
51109,0.15,0.06
51111,0.18,0.08
51113,0.15,0.06
51115,0.15,0.06
51117,0.18,0.08
51119,0.15,0.06
51121,0.16,0.06
51125,0.15,0.06
51127,0.14,0.06
51131,0.15,0.06
51133,0.15,0.06
51135,0.18,0.08
51137,0.15,0.06
51139,0.17,0.07
51141,0.17,0.07
51143,0.17,0.07
51145,0.14,0.06
51147,0.18,0.08
51149,0.18,0.08
51153,0.13,0.06
51155,0.16,0.06
51157,0.15,0.06
51159,0.15,0.06
51161,0.15,0.06
51163,0.17,0.07
51165,0.17,0.07
51167,0.19,0.08
51169,0.19,0.08
51171,0.17,0.07
51173,0.17,0.07
51175,0.17,0.07
51177,0.16,0.06
51179,0.15,0.06
51181,0.18,0.08
51183,0.18,0.08
51185,0.19,0.08
51187,0.17,0.07
51191,0.17,0.07
51193,0.15,0.06
51195,0.19,0.08
51197,0.17,0.07
51199,0.13,0.05
51510,0.12,0.05
51520,0.17,0.07
51530,0.17,0.07
51540,0.13,0.05
51550,0.16,0.07
51570,0.18,0.08
51580,0.14,0.06
51590,0.17,0.07
51595,0.18,0.08
51600,0.1,0.04
51610,0.07,0.03
51620,0.17,0.07
51630,0.15,0.06
51640,0.17,0.07
51650,0.17,0.07
51660,0.17,0.07
51670,0.18,0.08
51678,0.17,0.07
51680,0.17,0.07
51683,0.15,0.07
51685,0.15,0.07
51690,0.17,0.07
51700,0.19,0.08
51710,0.2,0.08
51720,0.19,0.08
51730,0.18,0.08
51735,0.13,0.05
51740,0.18,0.07
51750,0.16,0.06
51760,0.17,0.07
51770,0.17,0.07
51775,0.17,0.07
51790,0.17,0.07
51800,0.17,0.07
51810,0.15,0.06
51820,0.17,0.07
51830,0.13,0.05
51840,0.15,0.06
53001,0.13,0.06
53003,0.13,0.06
53005,0.12,0.06
53007,0.12,0.06
53009,0.12,0.06
53011,0.12,0.06
53013,0.13,0.06
53015,0.14,0.07
53017,0.12,0.06
53019,0.14,0.07
53021,0.13,0.07
53023,0.13,0.06
53025,0.14,0.07
53027,0.13,0.06
53029,0.12,0.06
53031,0.12,0.06
53033,0.09,0.05
53035,0.12,0.06
53037,0.14,0.07
53039,0.14,0.07
53041,0.14,0.07
53043,0.13,0.06
53045,0.13,0.06
53047,0.14,0.07
53049,0.14,0.07
53051,0.14,0.07
53053,0.13,0.06
53055,0.12,0.06
53057,0.12,0.06
53059,0.14,0.07
53061,0.11,0.05
53063,0.13,0.06
53065,0.14,0.07
53067,0.12,0.06
53069,0.14,0.07
53071,0.13,0.06
53073,0.12,0.06
53075,0.13,0.06
53077,0.14,0.07
54001,0.21,0.11
54003,0.19,0.1
54005,0.2,0.1
54007,0.22,0.11
54009,0.18,0.09
54011,0.2,0.1
54013,0.22,0.11
54015,0.2,0.1
54017,0.2,0.1
54019,0.21,0.11
54021,0.22,0.11
54023,0.21,0.11
54025,0.21,0.11
54027,0.19,0.1
54029,0.18,0.09
54031,0.21,0.11
54033,0.2,0.1
54035,0.22,0.11
54037,0.19,0.1
54039,0.2,0.1
54041,0.21,0.11
54043,0.2,0.1
54045,0.23,0.12
54047,0.23,0.12
54049,0.2,0.1
54051,0.18,0.09
54053,0.2,0.1
54055,0.21,0.11
54057,0.19,0.1
54059,0.23,0.12
54061,0.18,0.09
54063,0.21,0.11
54065,0.19,0.1
54067,0.21,0.11
54069,0.18,0.09
54071,0.21,0.11
54073,0.2,0.1
54075,0.21,0.11
54077,0.18,0.09
54079,0.2,0.1
54081,0.21,0.11
54083,0.21,0.11
54085,0.22,0.11
54087,0.22,0.11
54089,0.21,0.11
54091,0.2,0.1
54093,0.21,0.11
54095,0.22,0.11
54097,0.21,0.11
54099,0.2,0.1
54101,0.21,0.11
54103,0.22,0.11
54105,0.2,0.1
54107,0.2,0.1
54109,0.23,0.12
55001,0.17,0.1
55003,0.17,0.1
55005,0.18,0.11
55007,0.17,0.1
55009,0.17,0.1
55011,0.18,0.1
55013,0.17,0.1
55015,0.16,0.09
55017,0.17,0.1
55019,0.18,0.11
55021,0.17,0.1
55023,0.18,0.1
55025,0.14,0.08
55027,0.17,0.1
55029,0.16,0.1
55031,0.17,0.1
55033,0.16,0.09
55035,0.17,0.1
55037,0.16,0.1
55039,0.16,0.09
55041,0.17,0.1
55043,0.17,0.1
55045,0.17,0.1
55047,0.18,0.11
55049,0.17,0.1
55051,0.17,0.1
55053,0.18,0.1
55055,0.17,0.1
55057,0.17,0.1
55059,0.17,0.1
55061,0.17,0.1
55063,0.17,0.09
55065,0.17,0.1
55067,0.17,0.1
55069,0.17,0.1
55071,0.17,0.1
55073,0.16,0.09
55075,0.16,0.1
55077,0.18,0.11
55078,0.18,0.11
55079,0.18,0.11
55081,0.18,0.1
55083,0.16,0.1
55085,0.17,0.1
55087,0.17,0.1
55089,0.14,0.08
55091,0.18,0.1
55093,0.18,0.1
55095,0.18,0.11
55097,0.17,0.1
55099,0.17,0.1
55101,0.18,0.11
55103,0.17,0.1
55105,0.18,0.1
55107,0.17,0.1
55109,0.16,0.09
55111,0.17,0.1
55113,0.17,0.1
55115,0.18,0.11
55117,0.16,0.09
55119,0.17,0.1
55121,0.18,0.1
55123,0.18,0.1
55125,0.17,0.1
55127,0.16,0.09
55129,0.17,0.1
55131,0.14,0.08
55133,0.13,0.08
55135,0.18,0.11
55137,0.18,0.11
55139,0.17,0.1
55141,0.17,0.1
56001,0.3,0.16
56003,0.29,0.15
56005,0.32,0.17
56007,0.32,0.18
56009,0.32,0.18
56011,0.32,0.17
56013,0.31,0.17
56015,0.32,0.17
56017,0.31,0.17
56019,0.32,0.17
56021,0.3,0.16
56023,0.29,0.15
56025,0.32,0.18
56027,0.32,0.17
56029,0.29,0.15
56031,0.32,0.17
56033,0.29,0.15
56035,0.31,0.17
56037,0.31,0.17
56039,0.29,0.15
56041,0.31,0.17
56043,0.32,0.17
56045,0.32,0.17
