GEOID,FQHC Count,FacDensity10K,HOPD count,PHMCY Count,RUHC Count
01001,1,2.1479,1,10,0
01003,5,2.5086,3,48,0
01005,2,3.2407,1,5,0
01007,6,4.912,1,4,0
01009,1,2.9398999999999997,0,8,8
01011,0,4.95,1,2,2
01013,0,3.5993,2,4,1
01015,2,3.2569,3,30,2
01017,1,3.3079,0,10,0
01019,1,3.8174,1,7,1
01021,2,2.2508,1,6,1
01023,1,3.1774,0,2,1
01025,0,4.6567,2,7,2
01027,1,8.3113,1,3,6
01029,1,2.0121,0,2,0
01031,1,2.2926,1,10,0
01033,1,2.8964,2,12,1
01035,2,4.9722,1,2,1
01037,1,2.8135,0,0,2
01039,0,4.0487,2,11,2
01041,1,2.9044,1,1,1
01043,1,3.8201,1,26,4
01045,1,1.2202,1,4,0
01047,2,4.0327,1,12,0
01049,3,3.0764,1,13,5
01051,1,2.8322000000000003,1,20,1
01053,2,3.5487,2,9,0
01055,8,3.3246,2,24,0
01057,0,3.0671,1,4,0
01059,1,2.2319999999999998,1,4,1
01061,2,3.0452,1,5,0
01063,1,3.6987,1,1,0
01065,1,4.0953,1,4,0
01067,1,1.7437,0,2,0
01069,1,3.0222,2,29,0
01071,5,3.4866,1,9,3
01073,22,2.8243,9,155,0
01075,1,3.6219,0,3,1
01077,2,2.6959999999999997,1,22,0
01079,1,2.7336,1,5,2
01081,0,2.2487,1,35,1
01083,1,2.0219,1,16,2
01085,1,1.0282,0,0,0
01087,1,2.2139,0,2,1
01089,9,2.4939,2,82,0
01091,2,4.2411,1,4,1
01093,0,3.7026,2,9,0
01095,1,3.2033,1,27,2
01097,23,2.7347,5,83,2
01099,2,3.8586,1,5,0
01101,8,2.6492,3,49,0
01103,2,2.5903,1,28,0
01105,3,5.6035,0,2,0
01107,4,4.013999999999999,1,3,0
01109,1,3.0199,1,8,0
01111,1,3.9609,1,5,2
01113,1,1.7252999999999998,1,7,1
01115,0,2.1226,1,18,0
01117,1,2.3427,1,48,1
01119,1,2.4141,0,2,0
01121,1,2.3757,2,16,0
01123,0,2.9727,2,10,0
01125,3,2.0539,1,39,0
01127,5,3.7782999999999998,1,17,1
01129,1,1.225,0,0,1
01131,2,4.8202,1,2,0
01133,2,3.3857,1,5,0
04001,1,0.5564,0,3,0
04003,11,2.303,1,17,0
04005,10,2.1606,1,20,0
04007,2,2.0364,1,8,0
04009,2,2.5749,1,6,1
04011,2,2.1057,0,0,0
04012,0,2.3688000000000002,0,4,1
04013,66,1.7301,33,677,0
04015,7,2.0737,4,33,0
04017,4,1.9832999999999998,1,17,0
04019,38,2.0625,8,170,0
04021,18,1.4045,4,43,0
04023,5,2.1506,0,5,0
04025,4,1.7014,2,34,0
04027,9,1.45,1,20,1
05001,1,5.147,1,7,0
05003,6,5.0872,0,4,0
05005,0,1.9079000000000002,1,7,0
05007,7,1.9703,2,44,2
05009,1,1.8700999999999999,1,5,0
05011,1,2.7873,0,2,0
05013,1,3.8543,0,1,0
05015,1,2.1142,0,5,0
05017,5,5.93,0,0,1
05019,2,3.5842,0,6,0
05021,1,5.4979,0,5,2
05023,1,4.013,0,6,3
05025,1,3.7707,0,1,1
05027,0,2.9842,1,5,1
05029,1,2.8783,0,2,3
05031,4,3.2629,2,27,3
05033,2,2.2132,1,9,2
05035,4,2.7109,0,8,1
05037,3,4.2634,0,4,0
05039,0,2.8535,0,2,0
05041,0,4.401,0,4,1
05043,3,3.8421,1,3,0
05045,3,2.9363,2,27,5
05047,0,2.8225,0,5,0
05049,1,5.6103,0,3,3
05051,2,3.0185,2,26,0
05053,0,1.6425,0,3,0
05055,1,3.0888,1,11,1
05057,2,3.7154,1,4,1
05059,3,2.665,1,4,1
05061,0,1.5149,0,2,0
05063,3,3.4369,1,8,1
05065,2,3.6686,0,2,1
05067,2,4.1869,0,5,0
05069,3,2.2447,1,11,0
05071,2,2.6338,1,3,1
05073,1,3.0193,0,1,0
05075,1,3.0477,0,3,1
05077,1,2.2580999999999998,0,1,0
05079,4,3.8391,0,1,0
05081,0,2.4472,0,3,0
05083,1,3.261,0,4,2
05085,6,2.8646000000000003,0,15,0
05087,2,2.4131,0,2,0
05089,2,2.3961,0,2,0
05091,3,2.3118,0,7,0
05093,1,2.952,1,9,1
05095,2,5.9693000000000005,0,2,0
05097,3,5.5642,0,1,1
05099,0,1.2118,0,1,0
05101,2,2.5796,0,0,0
05103,1,3.8491,1,7,0
05105,0,0.9565,0,0,1
05107,4,6.7484,1,4,3
05109,0,2.799,0,2,1
05111,2,3.8252,0,6,1
05113,3,4.0072,1,4,0
05115,1,2.4972,1,13,1
05117,2,3.7212,0,1,0
05119,7,2.6536999999999997,8,89,0
05121,1,2.7843,1,3,0
05123,2,2.8007,1,4,0
05125,1,1.7151999999999998,1,19,0
05127,1,4.8633,0,4,0
05129,1,2.5377,0,0,1
05131,5,2.7381,2,28,0
05133,2,2.94,0,3,0
05135,1,3.44,0,5,0
05137,1,3.1985,0,3,0
05139,1,2.3266999999999998,1,7,0
05141,2,3.6265,0,4,0
05143,11,2.7593,3,52,0
05145,7,2.7935,1,14,0
05147,6,11.0759,0,1,0
05149,0,1.8742999999999999,1,3,0
06001,113,1.7292,12,164,0
06003,0,0.0,0,0,0
06005,1,2.0125,1,5,1
06007,6,1.7793,3,28,2
06009,0,1.0892,0,5,0
06011,2,1.8564,0,1,1
06013,33,1.4043999999999999,7,122,0
06015,2,2.8765,1,5,0
06017,4,1.7112,2,26,1
06019,72,2.0218,6,110,14
06021,2,2.4654,0,3,2
06023,22,3.7622,2,23,4
06025,8,1.7659,2,20,2
06027,0,2.2174,0,4,0
06029,51,1.9550999999999998,7,109,9
06031,16,2.2885,1,17,1
06033,1,1.2425,0,6,1
06035,5,2.9438,0,4,0
06037,419,1.5419999999999998,73,1055,1
06039,19,2.3518,1,16,1
06041,17,1.8932,3,29,0
06043,0,2.3252,0,3,1
06045,13,3.5735,1,16,1
06047,18,2.0167,2,31,5
06049,0,3.3933,0,2,1
06051,0,1.3847,0,2,0
06053,21,1.8660999999999999,4,54,2
06055,6,1.5972,2,14,0
06057,4,2.0049,1,15,0
06059,68,1.7225000000000001,21,458,0
06061,5,1.7322,3,60,1
06063,0,1.5952,0,3,0
06065,69,1.4612,15,276,1
06067,42,1.4175,8,170,0
06069,1,1.4329,1,7,0
06071,50,1.3073000000000001,14,217,4
06073,162,1.6206,15,364,0
06075,64,2.0532,9,108,0
06077,25,1.3646,7,70,2
06079,19,1.9074,3,32,0
06081,21,1.3176,7,73,0
06083,44,2.262,4,53,0
06085,61,1.4109,10,201,0
06087,18,1.9399,3,32,0
06089,30,3.4984,4,26,3
06091,1,3.3278,0,0,0
06093,14,5.742000000000001,0,7,4
06095,20,1.5413999999999999,4,45,0
06097,32,1.8813,6,55,0
06099,33,1.925,5,64,4
06101,7,2.475,1,16,0
06103,3,2.1511,1,8,2
06105,1,1.6280000000000001,0,1,0
06107,51,2.4024,3,52,6
06109,0,1.4685000000000001,1,7,0
06111,48,2.0804,6,121,1
06113,17,1.9955,2,25,0
06115,5,1.7795999999999998,1,7,1
08001,12,1.2756,5,49,0
08003,4,6.7763,1,6,0
08005,8,1.6905999999999999,4,99,0
08007,0,2.1384,0,3,0
08009,0,2.7925,0,0,1
08011,2,7.1723,0,1,1
08013,6,1.6861000000000002,4,45,0
08014,0,1.5611000000000002,0,11,0
08015,1,3.93,0,7,0
08017,0,5.4615,1,0,0
08019,0,1.0309,0,1,0
08021,2,3.6563,0,1,0
08023,1,2.5727,0,0,0
08025,1,4.9497,0,1,1
08027,0,3.9463,0,0,2
08029,1,1.9254,1,4,0
08031,49,1.8977,6,83,0
08033,1,4.8662,0,0,0
08035,1,1.2814999999999999,3,41,0
08037,3,2.5396,1,10,0
08039,1,1.4965,0,2,1
08041,17,1.7351,2,106,0
08043,2,1.8813,1,5,1
08045,4,2.4975,1,10,0
08047,0,0.0,0,0,0
08049,0,1.2711000000000001,0,2,0
08051,0,1.7180000000000002,0,3,0
08053,0,12.1951,0,0,1
08055,1,1.4499,0,0,0
08057,0,0.0,0,0,0
08059,10,1.6813,4,84,0
08061,0,7.1124,0,1,0
08063,1,2.8181000000000003,0,1,0
08065,4,6.1523,0,1,0
08067,2,2.1344,2,8,0
08069,7,1.9333,4,58,0
08071,2,3.4468,0,3,0
08073,1,5.2622,0,2,0
08075,1,3.1237,1,5,0
08077,6,2.0102,3,22,0
08079,0,0.0,0,0,0
08081,2,4.5171,0,4,0
08083,2,2.6734999999999998,0,5,0
08085,2,3.0404,1,9,1
08087,8,4.8163,1,5,0
08089,2,3.2826,0,3,1
08091,0,2.0194,0,1,0
08093,1,1.0613,0,1,0
08095,0,4.6893,0,2,0
08097,1,2.2514,0,3,0
08099,6,8.2156,0,4,0
08101,12,2.2561999999999998,2,24,0
08103,0,1.5813000000000001,0,1,0
08105,1,1.7751000000000001,0,1,0
08107,2,3.5103999999999997,1,6,0
08109,3,4.3962,0,0,0
08111,0,0.0,0,0,0
08113,1,1.2226,0,0,0
08115,0,0.0,0,0,0
08117,10,5.8044,1,7,0
08119,1,1.9694,0,4,0
08121,0,2.0375,0,1,0
08123,11,1.5101,1,37,0
08125,0,0.9981,0,1,0
09001,80,2.4912,6,149,0
09003,90,2.7251,6,147,0
09005,9,2.5507999999999997,2,35,0
09007,28,3.8785,1,34,0
09009,96,3.112,7,163,0
09011,19,2.7149,2,51,0
09013,9,2.0568,2,20,0
09015,9,2.7401,2,21,0
10001,2,1.77,1,29,0
10003,7,1.9687000000000001,2,101,0
10005,6,2.5189,3,50,0
11001,72,2.7063,7,112,0
12001,4,2.4531,2,52,8
12003,0,2.0541,1,5,0
12005,4,2.5758,2,36,3
12007,2,2.4822,0,4,1
12009,9,2.2594,7,119,1
12011,20,1.9306,15,342,0
12013,1,1.4179,0,0,1
12015,3,2.1174,3,34,0
12017,6,3.0069,2,33,4
12019,3,1.6876,2,32,0
12021,15,2.2603,2,70,0
12023,3,3.3479,2,14,5
12027,8,3.9473000000000003,1,6,0
12029,1,2.3773,0,2,1
12031,12,1.9838,7,171,0
12033,14,2.3876,3,58,1
12035,1,2.0855,1,21,1
12037,3,4.1237,0,2,0
12039,4,2.1901,0,6,0
12041,2,1.6145,0,1,0
12043,1,1.4481,0,0,1
12045,3,5.8655,1,3,1
12047,0,1.3862,0,2,0
12049,2,2.9699,0,4,2
12051,2,2.3797,0,8,0
12053,2,2.4237,2,42,1
12055,1,2.3536,2,16,6
12057,23,2.1672,10,286,0
12059,1,2.5488,0,0,4
12061,9,2.8764,2,35,0
12063,2,1.9391,1,4,2
12065,0,1.4039,0,2,0
12067,1,2.3747,0,1,0
12069,5,2.4243,3,73,8
12071,23,2.271,4,147,1
12073,8,1.8734,2,44,1
12075,2,4.0961,1,9,5
12077,1,2.3941,0,1,0
12079,1,3.2445,0,4,1
12081,22,2.7774,3,87,0
12083,10,2.1336,2,59,7
12085,2,2.1739,1,31,1
12086,191,2.65,21,508,0
12087,4,3.7721999999999998,1,23,0
12089,0,1.9182000000000001,1,15,1
12091,5,2.1828,3,38,0
12093,3,2.6086,1,7,0
12095,19,1.8372000000000002,3,234,0
12097,10,2.1025,2,67,0
12099,20,2.2716,12,306,2
12101,16,2.1121,6,95,0
12103,16,2.2872,10,197,0
12105,14,2.0144,6,125,1
12107,5,2.818,1,10,5
12109,3,1.8891,1,46,0
12111,6,1.7972000000000001,2,51,0
12113,2,1.7362,3,26,1
12115,8,2.3977,4,92,0
12117,4,1.8227,2,80,0
12119,2,2.19,2,23,2
12121,2,2.4765,0,7,2
12123,1,4.6363,1,6,2
12125,1,1.3126,0,1,0
12127,8,2.0966,5,103,0
12129,1,1.482,0,4,0
12131,6,3.1051,2,14,1
12133,1,1.5703,0,3,0
13001,1,3.2634,1,4,0
13003,1,2.4495,0,1,0
13005,1,2.6872,0,2,0
13007,1,3.2916,0,0,0
13009,5,3.1187,1,7,1
13011,2,3.1195,0,4,0
13013,2,1.4416,1,9,0
13015,1,1.3923,1,13,0
13017,1,3.5928,1,4,0
13019,1,2.5777,1,3,0
13021,7,3.0034,3,36,0
13023,1,3.1073,0,3,0
13025,1,1.5699,0,2,0
13027,1,1.2939,0,1,0
13029,1,2.5235,0,8,1
13031,1,2.0098,1,13,1
13033,2,3.1274,1,3,1
13035,1,1.2031,0,2,0
13037,1,4.8473,0,2,0
13039,1,2.0122,1,9,0
13043,1,4.6283,0,4,0
13045,1,1.9167999999999998,2,18,2
13047,2,2.5155,1,14,0
13049,2,3.7336,0,3,0
13051,17,2.9023,3,64,0
13053,3,3.6673999999999998,1,0,0
13055,1,2.4204,0,5,0
13057,2,1.7003,1,41,0
13059,3,2.9611,2,33,0
13061,0,0.0,0,0,0
13063,5,1.2318,1,30,0
13065,0,1.5110000000000001,0,1,0
13067,3,1.8418,3,134,0
13069,4,2.7731,1,7,0
13071,4,3.2895,1,8,2
13073,0,1.9781,0,31,0
13075,1,3.4742,1,4,0
13077,1,2.0201,2,26,1
13079,1,1.6124,0,1,0
13081,6,5.8108,1,6,0
13083,1,1.8615,0,2,0
13085,1,3.0642,0,6,1
13087,3,3.7873,1,6,0
13089,14,1.8175,4,120,0
13091,1,3.3971999999999998,1,5,0
13093,2,2.2405,0,1,0
13095,15,4.3203,1,22,0
13097,1,2.1866,1,30,0
13099,2,3.9254,0,2,0
13101,1,2.4963,0,0,0
13103,0,1.2442,0,8,0
13105,1,4.689,1,5,2
13107,3,3.5326,1,3,1
13109,1,5.6317,1,4,0
13111,3,4.2004,1,7,0
13113,0,2.4471,1,27,0
13115,0,1.929,2,17,0
13117,2,1.392,1,31,0
13119,1,2.998,1,5,0
13121,21,2.2182,9,206,0
13123,2,2.8691,0,6,1
13125,1,3.3659,0,0,0
13127,2,2.5794,1,19,0
13129,0,1.8978000000000002,1,10,0
13131,0,2.8417,1,6,0
13133,3,3.8201,0,4,0
13135,6,1.6341999999999999,2,145,0
13137,1,2.8680000000000003,1,11,0
13139,1,1.9566,1,38,0
13141,1,1.1825,0,0,0
13143,0,2.3496,0,7,0
13145,1,0.8514,0,2,0
13147,1,2.2896,0,5,0
13149,0,0.0,0,0,0
13151,0,1.9184999999999999,1,44,0
13153,4,2.2171,2,29,0
13155,3,6.3721,1,2,0
13157,2,2.3295,1,14,0
13159,0,1.4066,0,2,0
13161,0,1.9848,0,3,0
13163,3,4.5567,1,3,0
13165,1,2.3052,0,1,0
13167,2,2.074,0,0,0
13169,1,1.392,0,3,0
13171,1,2.0968,0,3,0
13173,0,0.9594,0,1,0
13175,1,1.6825999999999999,1,6,0
13177,1,1.3336999999999999,0,3,0
13179,3,2.2788,0,11,0
13181,0,1.2625,0,1,0
13183,2,1.0225,0,0,0
13185,2,2.0442,1,21,0
13187,1,1.1901,1,2,0
13189,0,2.3461,1,4,0
13191,1,2.0865,0,2,0
13193,2,3.8619,0,3,0
13195,2,2.008,0,4,0
13197,0,0.0,0,0,0
13199,2,2.8346,0,4,0
13201,0,3.4977,0,2,0
13205,0,2.7443999999999997,0,6,0
13207,2,2.1756,0,4,0
13209,1,1.0903,0,0,0
13211,0,1.5563,0,3,0
13213,2,1.9952,1,5,0
13215,2,1.8900000000000001,2,33,0
13217,0,1.5213,1,16,0
13219,0,1.9861,0,8,0
13221,1,0.6554,0,0,0
13223,0,1.0079,1,16,0
13225,1,2.1782,0,5,0
13227,1,2.7615,1,7,0
13229,0,1.5412,0,3,0
13231,1,0.5274,0,0,0
13233,1,2.5814,0,10,0
13235,0,2.6936999999999998,1,2,0
13237,0,1.8084,0,4,0
13239,1,4.3497,0,0,0
13241,2,4.6683,0,6,0
13243,0,2.9507,0,2,0
13245,8,2.1726,4,32,0
13247,1,2.5304,1,21,0
13249,2,3.8045,0,0,0
13251,1,2.8641,0,3,0
13253,2,4.9444,1,1,0
13255,3,2.2488,1,11,0
13257,0,1.9285999999999999,1,4,0
13259,1,3.0207,0,1,0
13261,5,4.4032,1,7,0
13263,1,1.6141999999999999,0,0,0
13265,1,6.5062,0,0,0
13267,1,1.9774,0,4,0
13269,3,6.2344,0,2,0
13271,1,3.1526,0,4,0
13273,2,3.5166,0,1,0
13275,4,4.0494,1,13,0
13277,2,3.1985,1,10,0
13279,1,2.609,1,5,0
13281,0,4.1539,0,4,1
13283,1,1.4491,0,0,0
13285,0,2.4313000000000002,1,16,0
13287,2,5.0094,0,2,0
13289,1,1.2315,0,0,0
13291,0,2.8559,1,6,0
13293,1,2.6596,1,5,0
13295,2,1.5768,0,9,0
13297,2,1.7972000000000001,1,14,0
13299,1,2.7984999999999998,1,8,0
13301,1,1.9033,0,0,0
13303,2,2.9449,1,3,0
13305,1,2.6732,1,6,0
13307,0,3.8358,0,1,0
13309,1,1.2731,0,0,0
13311,1,1.9482,0,5,0
13313,0,1.8159999999999998,1,18,0
13315,1,2.3162,0,1,0
13317,0,2.0456,0,2,0
13319,2,4.4673,0,2,0
13321,0,1.4817,0,3,0
16001,19,2.0557,3,77,0
16003,1,2.3288,0,0,0
16005,8,2.7332,1,15,0
16007,1,6.5306,0,2,1
16009,6,6.452999999999999,0,0,0
16011,3,1.9226,0,6,0
16013,0,2.1719,0,5,0
16015,0,0.0,0,0,0
16017,3,2.1863,0,7,0
16019,1,1.8477999999999999,2,19,0
16021,1,3.2666,0,2,1
16023,0,0.0,0,0,0
16025,1,9.0416,0,0,0
16027,20,2.2188,2,28,1
16029,0,2.7952,0,2,0
16031,4,3.3292,0,4,0
16033,0,0.0,0,0,0
16035,0,1.1421000000000001,0,1,0
16037,1,4.635,0,0,1
16039,4,2.5444,0,3,0
16041,1,2.162,0,2,0
16043,4,5.3439,0,3,0
16045,1,2.7606,0,4,0
16047,0,4.6116,0,5,2
16049,0,0.0,0,0,0
16051,1,1.0043,0,2,0
16053,1,2.4577999999999998,0,5,0
16055,27,3.3193,2,26,0
16057,1,2.4933,0,8,1
16059,0,2.4916,0,2,0
16061,0,0.0,0,0,0
16063,0,0.0,0,0,0
16065,1,2.2552,1,7,0
16067,1,0.9506,0,1,0
16069,1,1.9798,1,6,0
16071,0,0.0,0,0,0
16073,5,5.9207,0,2,0
16075,3,2.5051,0,3,0
16077,1,2.6038,0,1,0
16079,2,4.6577,0,4,0
16081,0,0.8236,0,1,0
16083,9,2.6474,1,13,0
16085,0,2.6334,0,3,0
16087,4,6.8668,0,2,1
17001,8,3.0565,1,9,2
17003,3,5.2074,0,0,0
17005,0,2.4352,1,2,1
17007,1,1.1206,0,5,0
17009,0,1.5202,0,1,0
17011,0,1.5324,1,3,1
17013,0,0.0,0,0,0
17015,0,0.6991,0,1,0
17017,2,4.1162,0,3,0
17019,7,2.146,2,36,0
17021,2,2.786,0,5,2
17023,0,3.8858,0,5,1
17025,1,4.551,0,3,2
17027,0,2.1298,1,5,2
17029,3,2.3706,1,7,1
17031,216,1.7708,48,648,0
17033,0,2.6785,0,4,1
17035,1,2.7866,0,2,0
17037,2,1.6206,1,14,0
17039,0,1.2789,0,2,0
17041,0,1.0275,0,2,0
17043,12,1.7445,6,143,0
17045,0,2.3309,0,4,0
17047,1,1.5636999999999999,0,0,0
17049,1,4.4107,1,7,6
17051,1,2.8121,0,2,3
17053,0,1.5431,0,2,0
17055,2,2.3395,0,5,2
17057,0,2.0384,1,6,0
17059,1,8.285,0,1,2
17061,0,3.0843,0,4,0
17063,0,1.3711,1,6,0
17065,0,2.4643,0,1,1
17067,1,2.2589,0,3,0
17069,2,7.8513,0,1,0
17071,3,4.513999999999999,0,0,0
17073,0,2.0444,0,8,2
17075,1,1.8441,1,3,0
17077,12,4.9338999999999995,1,11,4
17079,0,2.0812,0,2,0
17081,1,3.1844,2,7,2
17083,0,1.8371,1,3,0
17085,0,1.8837000000000002,0,4,0
17087,2,4.0267,0,3,0
17089,18,1.5026000000000002,5,57,0
17091,2,1.7294,2,15,0
17093,0,1.3955,0,18,0
17095,1,2.0121,2,7,0
17097,10,1.7659,5,108,0
17099,1,2.0245,2,18,1
17101,0,1.9135,0,2,1
17103,0,1.1732,1,3,0
17105,0,1.6831,1,5,0
17107,1,2.0966,0,3,2
17109,0,1.6844999999999999,1,4,0
17111,3,1.5596,2,43,0
17113,2,1.8074,2,27,0
17115,8,2.4998,2,16,0
17117,8,5.3421,0,10,6
17119,7,2.0915,4,44,0
17121,1,3.2254,1,10,0
17123,0,2.6228,0,2,1
17125,0,1.4971,0,2,0
17127,1,2.9044,0,2,1
17129,0,2.4598,0,3,0
17131,0,1.2955999999999999,0,2,0
17133,0,2.3097,0,8,0
17135,0,2.8155,0,5,3
17137,2,2.674,1,4,2
17139,2,2.7584,0,2,0
17141,0,0.7898,0,4,0
17143,7,2.5673,3,36,0
17145,1,1.9123999999999999,0,3,0
17147,0,1.2237,0,2,0
17149,1,3.2132,0,3,1
17151,1,2.3941,0,0,0
17153,2,5.6232,0,1,0
17155,0,0.0,0,0,0
17157,1,1.8879000000000001,0,5,0
17159,1,3.2231,1,3,0
17161,4,2.185,2,25,0
17163,16,2.1179,4,35,0
17165,2,4.2569,1,6,1
17167,9,2.5171,2,38,0
17169,0,2.9551,0,2,0
17171,0,2.0198,0,1,0
17173,0,1.8489,1,3,0
17175,1,1.8719999999999999,0,0,0
17177,0,1.5731000000000002,1,6,0
17179,2,2.2003,1,26,0
17181,1,3.6029999999999998,0,4,1
17183,1,1.716,1,9,2
17185,0,1.7361,0,1,1
17187,0,1.1874,0,2,0
17189,0,2.8804,0,3,1
17191,1,2.4669,0,3,0
17193,2,3.6936,0,3,0
17195,3,2.1749,1,8,0
17197,9,1.5201,3,93,0
17199,5,3.7539,2,13,5
17201,11,1.9818,3,42,0
17203,0,1.0401,0,4,0
18001,0,1.9566,0,6,1
18003,3,1.7664,6,58,0
18005,1,1.9098000000000002,1,14,0
18007,0,1.1431,0,1,0
18009,0,0.8505,0,1,0
18011,2,2.6532,1,15,0
18013,0,1.3252,0,2,0
18015,4,3.4556,0,2,1
18017,2,2.9186,1,8,0
18019,4,2.5359,2,24,0
18021,0,2.6692,0,6,1
18023,1,1.8519,0,5,0
18025,2,3.7818,0,2,0
18027,0,2.3987,1,4,3
18029,0,2.0219,1,8,1
18031,0,1.8826,0,5,0
18033,0,1.1501000000000001,1,4,0
18035,16,3.3294,1,21,0
18037,0,2.8079,1,10,1
18039,9,2.5201000000000002,2,41,0
18041,1,2.5972,1,3,1
18043,1,2.5471,2,17,0
18045,0,3.0589,0,5,0
18047,0,0.4394,0,1,0
18049,0,3.0039,0,6,0
18051,2,2.6739,0,7,0
18053,4,2.2807,1,10,0
18055,2,1.8796,0,4,0
18057,3,2.1301,6,63,0
18059,1,1.6631,1,11,0
18061,1,1.4809,0,5,0
18063,0,1.8789,2,30,0
18065,1,1.8761,1,6,1
18067,1,2.6652,2,19,0
18069,0,1.9167999999999998,1,6,0
18071,2,3.1652,1,10,1
18073,0,2.3836,0,8,0
18075,2,2.9360000000000004,0,4,0
18077,0,3.4047,1,8,2
18079,0,2.8844,0,7,1
18081,4,2.4025,1,33,0
18083,2,2.7327,1,6,1
18085,0,1.6360999999999999,1,12,0
18087,0,1.5146,0,4,2
18089,33,2.3893,9,74,0
18091,3,2.093,2,18,0
18093,0,1.9837,0,9,0
18095,19,3.3959,2,23,0
18097,81,2.9234999999999998,8,193,0
18099,0,2.5941,1,11,0
18101,0,1.9503,0,2,0
18103,1,1.1263,0,3,0
18105,1,1.5495,2,20,0
18107,2,2.3475,1,6,0
18109,0,1.5605,1,10,0
18111,0,1.4302000000000001,0,2,0
18113,0,1.8851,1,8,0
18115,0,1.7021,0,1,0
18117,2,3.5631,0,4,1
18119,1,1.9232,0,3,0
18121,2,3.5425,0,3,1
18123,0,1.0434,0,2,0
18125,0,2.4215,0,1,2
18127,10,2.0541,1,24,0
18129,0,0.3933,0,1,0
18131,0,2.4286,0,3,0
18133,1,1.8629,0,6,0
18135,0,2.838,0,5,2
18137,0,1.7652999999999999,0,5,0
18139,1,2.4124,0,3,0
18141,11,2.5016,3,54,0
18143,1,2.5133,0,5,0
18145,2,2.2357,1,7,0
18147,0,0.4932,0,1,0
18149,3,3.9139,1,4,1
18151,0,1.4453,0,5,0
18153,0,2.4191,0,4,1
18155,0,0.9301,0,1,0
18157,3,1.9414,2,33,0
18159,1,1.3203,0,1,0
18161,1,4.2529,0,2,0
18163,4,2.8106999999999998,2,45,0
18165,3,3.2262,0,2,0
18167,4,2.8962,1,25,1
18169,0,1.9357,0,6,0
18171,0,0.0,0,0,0
18173,0,2.3810000000000002,2,13,0
18175,1,1.7833999999999999,0,4,0
18177,5,2.8839,1,13,0
18179,1,1.767,1,3,0
18181,3,3.3192,0,5,0
18183,0,1.7666,1,5,0
19001,0,1.3982,0,0,1
19003,0,2.7762000000000002,0,1,0
19005,0,3.6531000000000002,0,3,2
19007,2,3.2191,0,2,0
19009,0,1.8195000000000001,0,1,0
19011,1,2.7296,0,6,0
19013,1,2.0575,3,23,0
19015,0,2.2871,0,6,0
19017,0,2.7931,0,6,1
19019,0,1.4168,0,3,0
19021,1,3.0581,0,5,0
19023,1,1.3851,0,1,0
19025,0,4.1374,0,4,0
19027,0,3.4714,1,6,0
19029,0,2.3372,0,3,0
19031,0,2.6843,0,3,2
19033,1,3.5336,1,12,1
19035,0,2.6702,0,3,0
19037,0,0.838,0,1,0
19039,1,4.2576,0,2,1
19041,0,3.1219,1,4,0
19043,0,2.2793,0,4,0
19045,1,2.1538,1,8,0
19047,0,1.7835999999999999,0,3,0
19049,0,0.9631,0,7,2
19051,0,2.2222,0,2,0
19053,7,11.4358,0,2,0
19055,0,1.7635999999999998,0,3,0
19057,1,2.3096,1,6,1
19059,0,2.8971999999999998,1,4,0
19061,2,2.8773999999999997,2,24,0
19063,0,2.1719999999999997,0,2,0
19065,0,2.5445,0,5,0
19067,0,1.2786,0,2,0
19069,0,1.9861,0,2,0
19071,0,4.3103,0,2,1
19073,0,2.2502,0,2,0
19075,0,2.4526,0,3,0
19077,0,2.8066,0,3,0
19079,0,1.3538000000000001,0,2,0
19081,0,0.9407,0,1,0
19083,0,2.9680999999999997,0,5,0
19085,0,1.4236,0,2,0
19087,0,2.0046,0,4,0
19089,0,2.1839,0,2,0
19091,0,3.1387,0,3,0
19093,0,1.4577,0,1,0
19095,0,3.0895,0,4,1
19097,0,2.0577,0,4,0
19099,0,2.4203,1,8,0
19101,5,4.9193999999999996,0,4,0
19103,1,1.7864,2,24,0
19105,1,2.9012000000000002,0,5,0
19107,4,3.904,0,0,0
19109,0,1.3502,0,2,0
19111,2,3.5654,2,7,1
19113,4,1.9407999999999999,2,38,0
19115,1,3.6248,0,2,1
19117,1,2.3256,0,1,0
19119,0,1.7014,0,2,0
19121,0,3.0604,0,5,0
19123,1,1.8104,0,3,0
19125,0,2.7065,0,9,0
19127,3,2.5401,1,6,0
19129,0,1.9856,0,3,0
19131,0,0.9446,0,1,0
19133,0,3.4823,0,2,1
19135,6,9.082699999999999,0,1,0
19137,0,2.0167,0,2,0
19139,2,2.3439,1,7,0
19141,0,2.9085,0,4,0
19143,0,1.6784,0,1,0
19145,0,2.6478,0,4,0
19147,0,3.3761,0,3,0
19149,0,2.3830999999999998,0,5,1
19151,0,3.0216,0,2,0
19153,11,2.0605,4,86,0
19155,3,2.0385,2,14,0
19157,0,3.2425,1,4,1
19159,3,8.1733,0,1,0
19161,0,2.0574,0,2,0
19163,5,1.8502999999999998,2,25,0
19165,0,3.4922,0,4,0
19167,1,2.2952,0,7,0
19169,1,1.7505,1,15,0
19171,0,2.3733,0,4,0
19173,0,3.2674,0,2,0
19175,0,2.4508,0,3,0
19177,0,0.0,0,0,0
19179,2,3.1456,1,8,0
19181,0,1.1658,0,6,0
19183,0,2.7316000000000003,0,6,0
19185,2,6.2102,0,2,0
19187,3,3.3422,1,8,0
19189,0,1.9316,0,2,0
19191,0,2.0009,0,4,0
19193,1,1.9397,2,16,1
19195,0,0.0,0,0,0
19197,0,1.5920999999999998,0,2,0
20001,1,4.0424,0,2,2
20003,0,1.2726,0,1,0
20005,8,7.4658999999999995,0,3,1
20007,0,4.5177,0,2,0
20009,2,2.3275,1,3,0
20011,2,3.4402,1,2,0
20013,4,7.3191,0,3,0
20015,0,2.0923,2,10,2
20017,0,0.0,0,0,0
20019,0,0.0,0,0,0
20021,3,5.5168,1,5,2
20023,0,0.0,0,0,0
20025,0,0.0,0,0,0
20027,0,2.4994,0,2,0
20029,0,3.4145,0,3,0
20031,0,4.8906,1,3,0
20033,0,0.0,0,0,0
20035,1,3.7241,1,9,2
20037,16,6.1827,1,7,0
20039,0,3.5373,0,1,0
20041,0,1.6246,0,3,0
20043,5,7.8947,0,1,0
20045,4,1.963,1,19,0
20047,0,0.0,0,0,0
20049,0,0.0,0,0,0
20051,1,3.1519999999999997,1,6,1
20053,0,3.2776,0,2,0
20055,4,3.2906,1,7,0
20057,2,2.3796,1,4,1
20059,1,3.1319,1,4,2
20061,2,3.1576,1,7,0
20063,0,0.0,0,0,0
20065,0,4.029,0,1,0
20067,1,4.1958,1,1,0
20069,0,3.34,0,2,0
20071,0,0.0,0,0,0
20073,1,1.6717,0,0,0
20075,0,0.0,0,0,0
20077,0,1.8396,0,1,0
20079,4,3.4854,1,7,0
20081,0,0.0,0,0,0
20083,0,0.0,0,0,0
20085,0,0.7592,0,1,0
20087,0,0.5251,0,1,0
20089,0,0.0,0,0,0
20091,6,2.1414,8,115,0
20093,0,2.6055,0,1,0
20095,0,1.3982,0,1,0
20097,0,0.0,0,0,0
20099,3,5.0974,1,6,0
20101,0,0.0,0,0,0
20103,0,1.5901,2,11,0
20105,0,3.3761,0,1,0
20107,2,4.1224,0,2,0
20109,0,3.5791,0,1,0
20111,1,2.1088,0,6,0
20113,1,2.8029,2,5,0
20115,0,1.6829,0,2,0
20117,0,1.0302,0,1,0
20119,0,0.0,0,0,0
20121,1,2.6287000000000003,1,7,0
20123,0,0.0,0,0,0
20125,5,4.3985,1,6,2
20127,0,0.0,0,0,0
20129,0,3.8655,1,0,0
20131,0,0.9774,0,1,0
20133,2,3.1236,0,3,0
20135,0,3.6364,0,1,0
20137,0,0.0,0,0,0
20139,0,1.881,0,3,0
20141,0,0.0,0,0,0
20143,0,1.7532,0,1,0
20145,1,1.5591,0,0,0
20147,0,1.9106,0,1,0
20149,0,0.4101,0,1,0
20151,0,5.4561,1,3,1
20153,0,3.9526,0,1,0
20155,1,1.9355,2,7,2
20157,0,2.157,0,1,0
20159,0,1.0485,0,1,0
20161,2,1.8860000000000001,2,10,0
20163,0,2.0325,0,1,0
20165,0,0.0,0,0,0
20167,0,1.4586000000000001,0,1,0
20169,1,2.3975,2,10,0
20171,0,0.0,0,0,0
20173,18,1.8797000000000001,6,73,0
20175,1,3.2668,1,5,0
20177,2,1.6961,2,26,0
20179,4,15.8667,0,0,0
20181,0,1.69,0,1,0
20183,0,2.7910000000000004,0,1,0
20185,1,4.8123000000000005,0,1,0
20187,0,0.0,0,0,0
20189,0,1.8232,0,1,0
20191,0,2.6273999999999997,1,3,2
20193,0,3.8575,0,3,0
20195,0,0.0,0,0,0
20197,0,0.0,0,0,0
20199,0,0.0,0,0,0
20201,0,0.0,0,0,0
20203,0,0.0,0,0,0
20205,0,0.0,0,0,0
20207,0,3.1867,0,1,0
20209,9,2.0553,2,23,0
21001,6,8.8532,1,5,5
21003,0,1.8766,0,4,0
21005,7,4.8358,0,4,0
21007,1,3.8032,0,2,0
21009,12,5.4239,1,10,1
21011,1,4.0,0,1,3
21013,14,10.3719,2,8,3
21015,1,1.6469,1,20,0
21017,0,2.0214,1,3,0
21019,1,3.2108,1,13,0
21021,3,3.3266999999999998,1,6,0
21023,1,2.4088,0,1,0
21025,2,8.7094,1,3,5
21027,0,0.9767,0,2,0
21029,0,1.4692,0,10,2
21031,0,4.6587,0,3,3
21033,2,4.707,0,3,1
21035,1,2.3076,1,5,2
21037,2,1.8165,1,14,0
21039,1,6.3025,0,2,0
21041,7,11.2877,0,5,0
21043,2,2.9854000000000003,0,5,1
21045,6,9.2828,0,3,6
21047,2,3.4061,1,11,10
21049,0,3.5849,1,7,5
21051,10,12.0597,1,3,10
21053,5,10.7653,1,3,2
21055,0,4.5424,1,2,1
21057,4,7.5597,0,0,1
21059,2,2.5613,1,23,0
21061,5,7.4074,0,2,2
21063,1,5.3213,0,2,1
21065,2,7.7981,0,4,5
21067,18,2.6612999999999998,4,62,2
21069,1,2.7433,1,2,0
21071,3,5.9007,1,16,1
21073,2,2.5495,1,10,0
21075,0,8.3766,0,3,2
21077,5,6.7651,0,1,0
21079,2,5.0945,0,3,4
21081,1,1.9945,0,4,0
21083,2,3.2201,1,9,0
21085,0,2.2704,1,5,0
21087,6,7.3119,0,2,0
21089,1,1.7095,1,4,0
21091,0,1.1465,0,1,0
21093,23,4.5062,1,26,0
21095,11,7.6894,1,7,1
21097,1,2.6475,1,3,0
21099,3,4.2028,0,4,1
21101,1,1.9907,1,7,0
21103,1,3.7207,0,4,1
21105,0,4.5662,0,1,1
21107,1,3.133,1,11,1
21109,1,3.7512,0,1,3
21111,27,2.3215,4,147,0
21113,7,3.1415,0,10,0
21115,2,4.0562,1,4,2
21117,16,2.7545,1,29,0
21119,3,6.754,0,1,6
21121,16,9.3113,0,4,9
21123,6,6.2509,0,3,0
21125,1,1.9733,1,10,0
21127,1,3.2643,1,3,0
21129,2,8.104800000000001,0,3,1
21131,6,10.1245,0,3,1
21133,14,9.2795,1,4,1
21135,2,2.2599,0,1,0
21137,8,4.4808,0,3,0
21139,0,2.1753,0,2,0
21141,1,2.9518,1,5,1
21143,0,2.4361,0,2,0
21145,2,3.5159000000000002,2,19,0
21147,6,11.0266,0,3,10
21149,1,3.2584,0,2,0
21151,4,3.0112,1,20,3
21153,2,2.4669,0,1,0
21155,8,7.7829,1,4,2
21157,0,2.2508,0,7,0
21159,2,6.2528,0,1,4
21161,3,4.6866,1,4,0
21163,0,1.05,0,3,0
21165,0,3.0821,0,2,0
21167,0,1.8237,0,4,0
21169,0,1.9859,0,2,0
21171,2,6.5728,1,4,0
21173,10,7.103,1,8,1
21175,2,3.7569,0,3,0
21177,3,3.9188,1,7,1
21179,5,3.4607,1,9,1
21181,2,4.1271,0,1,0
21183,0,2.0839,0,5,0
21185,0,1.0479,1,6,0
21187,10,10.0908,0,1,0
21189,3,13.59,0,3,0
21191,0,1.3708,0,2,0
21193,4,5.4352,1,8,1
21195,4,5.3563,2,22,3
21197,7,8.0913,0,3,0
21199,4,2.6162,1,11,1
21201,0,0.0,0,0,0
21203,1,2.9949,1,3,0
21205,0,2.8618,1,6,0
21207,7,6.6953,0,5,0
21209,0,1.5788,1,8,0
21211,1,1.6319,1,6,0
21213,0,2.6922,0,5,0
21215,1,1.5503,0,2,0
21217,0,2.7164,1,6,0
21219,1,1.6268,0,1,0
21221,0,1.3651,0,2,0
21223,0,1.1804999999999999,0,1,0
21225,1,3.4768,0,3,1
21227,1,2.2574,2,27,0
21229,4,4.1339,0,1,0
21231,6,4.9181,0,4,0
21233,2,3.8634,0,3,0
21235,12,6.8939,1,11,1
21237,1,4.1917,0,2,0
21239,1,2.2443,0,5,0
22001,1,3.0623,1,12,5
22003,2,3.1217,2,2,2
22005,3,2.5276,1,26,2
22007,2,2.2840000000000003,0,0,3
22009,1,4.2348,1,5,10
22011,1,1.6000999999999999,1,3,1
22013,2,3.7761,0,1,2
22015,2,1.8892,1,20,1
22017,11,2.2481,4,39,0
22019,2,1.9171,4,33,0
22021,0,2.0165,1,1,0
22023,0,1.4341,0,0,1
22025,4,6.3198,0,1,1
22027,1,3.8289999999999997,1,3,1
22029,2,4.6731,1,5,1
22031,2,2.9130000000000003,1,4,1
22033,28,2.7042,8,83,0
22035,0,2.915,1,1,0
22037,5,4.1808,0,3,0
22039,1,5.0906,2,7,7
22041,1,2.9978,1,3,1
22043,7,4.9131,0,3,1
22045,1,2.0049,1,8,4
22047,9,5.8442,0,7,3
22049,3,3.8110000000000004,0,2,1
22051,29,2.9596,5,94,0
22053,0,2.2316,1,6,0
22055,5,2.6188000000000002,8,51,0
22057,2,2.0489,1,17,0
22059,0,2.0145,1,2,0
22061,3,2.9952,1,9,1
22063,8,2.4859999999999998,0,23,4
22065,1,2.7395,0,1,1
22067,5,4.4223,1,5,0
22069,5,3.4069,1,5,2
22071,54,2.8707000000000003,5,53,0
22073,11,3.0011,6,29,0
22075,2,2.1555,0,3,0
22077,9,5.9825,0,3,1
22079,19,3.8566000000000003,3,28,0
22081,0,1.1846,0,1,0
22083,6,5.9636,1,4,1
22085,1,2.5121,1,3,1
22087,2,2.9633000000000003,1,11,0
22089,4,2.6365,1,9,0
22091,5,5.9218,0,1,0
22093,2,3.3182,0,3,2
22095,5,3.5016,0,8,2
22097,4,2.8006,1,16,2
22099,1,1.8716,0,9,0
22101,3,3.0396,1,10,1
22103,5,2.7648,8,58,1
22105,14,3.7104,2,30,4
22107,3,9.2293,0,1,0
22109,4,2.2632,3,18,0
22111,2,2.7138999999999998,0,4,0
22113,2,2.1845,1,8,2
22115,2,1.6867,2,3,1
22117,3,3.8966,1,14,0
22119,1,2.8691,2,8,0
22121,2,1.8893,0,3,0
22123,0,3.6934,1,3,0
22125,0,0.0,0,0,0
22127,4,5.7537,1,3,0
23001,18,3.6942,2,20,0
23003,25,6.86,3,18,0
23005,23,2.8813,3,59,0
23007,3,3.6425,1,7,0
23009,6,3.2735,1,11,0
23011,4,2.7800000000000002,2,28,0
23013,7,4.0229,1,8,0
23015,1,1.7324000000000002,0,5,0
23017,4,2.2423,0,9,0
23019,53,6.2439,3,37,2
23021,4,5.3619,0,5,0
23023,1,1.9523000000000001,0,6,0
23025,4,2.5751,0,9,0
23027,2,2.0144,0,5,1
23029,12,6.3737,0,7,1
23031,5,1.9264000000000001,2,33,0
24001,3,2.6983,0,16,0
24003,4,1.7264,0,96,0
24005,3,1.8976,0,154,0
24009,0,1.8373,0,17,0
24011,14,5.3883,0,4,0
24013,0,1.5434999999999999,0,26,0
24015,3,1.6528,0,14,0
24017,1,2.0214,0,32,0
24019,4,3.4451,0,7,0
24021,2,2.042,0,51,0
24023,2,3.4466,0,8,0
24025,3,2.1531000000000002,0,52,0
24027,3,1.7808000000000002,0,55,0
24029,1,2.5744,0,4,0
24031,15,1.5133,0,144,0
24033,13,1.5615999999999999,0,129,0
24035,1,1.5878999999999999,0,7,0
24037,1,1.6739000000000002,0,18,0
24039,3,3.123,0,5,0
24041,10,5.648,0,11,0
24043,3,2.5157,0,35,0
24045,7,2.799,0,22,0
24047,2,3.252,0,15,0
24510,31,2.4432,0,114,0
25001,13,2.8169999999999997,2,45,0
25003,9,3.2014,1,27,3
25005,7,1.9108,4,97,0
25007,1,2.8848000000000003,0,4,0
25009,62,2.1799,5,105,0
25011,4,2.1374,1,9,1
25013,16,2.0156,5,73,0
25015,6,2.0519,1,26,0
25017,18,1.4581,11,206,0
25019,0,3.5091,1,3,0
25021,7,1.5422,4,98,0
25023,7,1.6308,3,75,0
25025,75,2.4257,12,108,0
25027,25,1.7336,7,112,0
26001,4,3.8443,0,0,0
26003,0,1.0979,0,1,0
26005,1,1.1856,0,13,0
26007,13,7.041,1,5,1
26009,1,2.5725,0,5,0
26011,1,4.7034,0,4,2
26013,0,0.0,0,0,0
26015,1,1.1373,1,5,0
26017,4,2.1333,1,17,0
26019,1,1.1257,0,1,0
26021,7,2.2164,2,25,0
26023,0,2.0682,1,7,1
26025,11,3.2052,2,30,0
26027,2,1.1586,0,4,0
26029,1,3.0601,0,6,1
26031,10,5.9345,0,5,0
26033,3,2.4097,1,5,0
26035,0,2.2617,1,5,1
26037,0,1.1307,0,9,0
26039,0,2.8512,1,3,0
26041,0,1.1178,0,4,0
26043,0,2.3773,1,4,1
26045,1,1.9950999999999999,0,21,0
26047,10,5.6861,1,8,0
26049,9,2.1685,3,76,0
26051,1,2.3577,0,5,0
26053,0,1.4311,0,2,0
26055,1,3.0079,1,25,1
26057,8,3.9301,1,7,0
26059,0,2.1927,1,7,2
26061,5,3.0826000000000002,1,5,0
26063,2,3.8733,1,9,0
26065,11,1.9493,2,44,0
26067,1,2.0094,0,10,2
26069,5,4.7757,1,5,1
26071,1,3.6147,0,3,0
26073,1,1.7174,1,10,0
26075,7,1.8925999999999998,1,22,0
26077,4,1.8109,2,42,0
26079,0,2.2175,0,3,1
26081,17,1.9179,3,105,1
26083,0,0.0,0,0,0
26085,3,4.2183,0,1,1
26087,2,1.8263,1,13,0
26089,1,1.3786,0,2,0
26091,3,1.8283,1,12,2
26093,0,1.5625,1,29,0
26095,0,4.8162,0,3,0
26097,0,0.926,0,1,0
26099,6,2.2198,4,184,0
26101,6,4.8864,1,4,1
26103,3,2.5488,1,12,1
26105,2,2.745,1,4,1
26107,2,2.5315,1,7,1
26109,1,0.878,0,1,0
26111,1,1.4431,1,10,0
26113,1,1.9844,0,2,0
26115,14,2.7243,1,26,0
26117,1,1.7218,2,7,1
26119,7,9.6484,0,2,0
26121,19,2.8231,1,28,1
26123,8,3.4708,0,9,0
26125,23,2.2424,11,248,0
26127,1,1.1335,0,2,0
26129,5,6.1914,1,5,2
26131,1,1.7483,0,0,0
26133,1,1.705,0,3,0
26135,3,8.4941,0,2,2
26137,5,4.4592,1,5,0
26139,2,1.4392,3,37,0
26141,6,8.7357,0,5,0
26143,5,5.8286999999999995,0,8,1
26145,15,2.5717,2,32,0
26147,2,2.011,3,27,0
26149,1,2.6245000000000003,2,13,0
26151,0,1.9432,0,8,0
26153,0,0.0,0,0,0
26155,2,2.0551,1,11,0
26157,3,2.2969,0,8,1
26159,2,2.3785,1,14,1
26161,6,1.5777999999999999,4,48,0
26163,40,1.915,15,280,0
26165,2,2.9734,1,7,0
27001,0,1.8885,0,2,1
27003,1,1.4849,1,51,0
27005,0,2.0335,1,6,0
27007,0,2.1192,1,9,0
27009,0,0.9783,0,4,0
27011,0,6.0108,0,3,0
27013,1,2.0694,1,12,0
27015,0,2.3992,0,6,0
27017,1,1.9514,0,6,0
27019,0,1.5225,1,15,0
27021,0,2.0148,0,6,0
27023,0,1.6949,0,2,0
27025,0,1.0605,1,5,0
27027,3,1.8685,0,9,0
27029,0,3.4021,0,2,1
27031,4,7.322,0,0,0
27033,1,5.3591,0,3,2
27035,0,2.3057,1,14,0
27037,0,1.585,3,65,0
27039,0,0.4777,0,1,0
27041,0,2.3597,1,8,0
27043,0,1.4649,0,2,0
27045,0,1.8987,0,4,0
27047,0,1.9814,1,5,0
27049,0,2.158,1,9,0
27051,0,3.3489999999999998,0,2,0
27053,41,1.5089000000000001,8,142,0
27055,0,1.6129,0,3,0
27057,0,1.3959,0,3,0
27059,0,1.7243,1,6,0
27061,3,2.659,1,8,0
27063,0,2.0313,0,2,0
27065,0,1.2242,0,2,0
27067,1,2.5464,1,9,0
27069,0,4.6533,0,2,0
27071,2,3.2709,0,2,0
27073,0,1.5099,0,1,0
27075,0,2.8193,0,3,0
27077,0,2.6738,0,1,0
27079,0,0.3462,0,1,0
27081,0,1.7734,0,1,0
27083,0,2.3553,0,6,0
27085,0,2.2288,1,7,0
27087,0,1.8093,0,1,0
27089,0,0.0,0,0,0
27091,0,2.5403000000000002,1,4,0
27093,0,0.8613,0,2,0
27095,0,2.2834,0,6,0
27097,0,1.1981,0,4,0
27099,0,1.4977,0,6,0
27101,1,4.8816,0,3,0
27103,0,0.8753,0,3,0
27105,1,3.6987,1,6,0
27107,0,4.7059,0,3,0
27109,1,1.7057,2,24,0
27111,0,1.8725,1,10,0
27113,0,2.1248,0,3,0
27115,0,1.0142,0,3,0
27117,0,4.3831,0,4,0
27119,0,2.8695,0,9,0
27121,0,1.7779,0,2,0
27123,23,1.7444,4,69,0
27125,0,2.4661,0,1,0
27127,0,1.3184,0,2,0
27129,0,2.7495000000000003,0,4,0
27131,0,1.4932,1,9,0
27133,0,1.0735,0,1,0
27135,0,1.9782,0,3,0
27137,8,2.3106999999999998,5,33,0
27139,1,1.4093,1,19,0
27141,0,1.4398,1,13,0
27143,0,1.3454,0,2,0
27145,0,1.6141999999999999,1,25,0
27147,0,2.1829,1,7,0
27149,0,1.0199,0,1,0
27151,0,3.2376,0,3,0
27153,0,1.6218,0,4,0
27155,0,0.0,0,0,0
27157,0,1.3872,0,3,0
27159,0,2.1927,0,3,0
27161,0,1.0746,0,2,0
27163,0,1.2955,2,32,0
27165,0,1.8354,0,2,0
27167,0,1.6111,0,1,0
27169,0,1.9808,1,9,0
27171,0,1.3008,1,17,0
27173,0,2.0599,0,2,0
28001,5,4.2355,1,5,2
28003,1,2.4355,1,7,0
28005,1,2.4396,0,1,1
28007,0,2.2009,0,4,0
28009,2,4.8431999999999995,0,0,2
28011,2,3.265,1,4,3
28013,2,4.8743,0,4,1
28015,0,2.0107,0,0,2
28017,3,4.0928,0,2,2
28019,0,0.0,0,0,0
28021,3,5.563,0,2,0
28023,1,3.2173,0,2,2
28025,0,2.0708,1,3,0
28027,3,3.616,1,4,0
28029,1,1.7816,0,3,1
28031,7,5.9026,0,3,1
28033,1,2.325,2,40,0
28035,16,4.5396,1,17,0
28037,2,5.186,0,2,0
28039,1,2.0408,1,3,0
28041,6,5.1524,0,1,0
28043,2,4.3357,1,6,0
28045,1,1.4696,1,4,1
28047,8,2.499,3,41,0
28049,27,2.588,4,27,2
28051,5,6.4668,0,3,3
28053,1,3.7202,0,1,1
28055,1,22.6074,0,0,2
28057,6,5.5579,0,6,1
28059,6,1.6711,1,17,0
28061,2,1.8312,0,0,1
28063,3,4.2918,0,0,0
28065,2,3.5945,0,0,2
28067,4,2.0559,1,8,1
28069,2,2.053,0,0,0
28071,2,2.2214,1,8,1
28073,2,0.7894,1,2,0
28075,4,2.5632,3,11,1
28077,2,2.3836,0,1,0
28079,2,2.6332,0,4,0
28081,3,2.9262,1,18,3
28083,1,2.1289,1,4,0
28085,2,2.0496,1,4,0
28087,0,2.048,1,11,0
28089,6,3.5757,1,29,2
28091,3,3.2556,1,4,0
28093,3,2.55,0,5,1
28095,5,3.1204,1,4,1
28097,2,3.0691,0,1,0
28099,1,2.0606,1,4,0
28101,1,1.4273,0,2,0
28103,1,2.8799,0,2,0
28105,1,1.815,1,7,0
28107,1,2.6322,1,6,1
28109,1,1.4405000000000001,1,5,1
28111,2,2.5056000000000003,0,1,0
28113,1,2.5453,2,7,0
28115,4,2.7973,0,2,3
28117,1,3.1839999999999997,1,6,0
28119,1,1.4723,0,0,0
28121,5,2.5117000000000003,3,28,3
28123,0,2.1334,0,6,0
28125,1,11.5714,1,2,1
28127,3,3.3761,1,4,1
28129,3,1.8849,0,0,0
28131,0,2.1814999999999998,0,4,0
28133,9,4.779,1,1,1
28135,0,0.7242,0,1,0
28137,1,2.4717000000000002,1,5,0
28139,2,2.2712,0,3,0
28141,1,3.6114,1,5,0
28143,2,6.2292,0,2,2
28145,1,3.1234,1,7,0
28147,3,3.4999000000000002,0,2,0
28149,1,1.9832,1,6,1
28151,3,2.9607,1,9,0
28153,2,2.9728,1,3,0
28155,0,4.1284,1,3,0
28157,2,3.4762,0,1,0
28159,1,2.7847,1,3,0
28161,1,2.4777,1,1,0
28163,8,4.3786,0,5,0
29001,5,4.3404,1,5,0
29003,3,2.8228999999999997,0,2,0
29005,0,1.9444,0,1,0
29007,1,3.545,1,6,1
29009,1,2.5147,0,8,0
29011,1,2.5523,0,2,0
29013,2,3.7100999999999997,1,3,0
29015,2,2.0573,0,2,0
29017,1,3.2968,0,1,2
29019,6,1.9949,2,28,0
29021,6,3.0905,1,20,0
29023,4,4.7083,2,9,5
29025,5,6.6519,0,1,0
29027,2,1.788,1,4,1
29029,5,4.5351,1,14,1
29031,1,3.8037,2,18,9
29033,2,5.761,0,3,0
29035,1,1.6717,0,0,0
29037,2,1.8907,1,16,1
29039,1,3.4846,0,3,1
29041,1,4.0399,0,2,0
29043,0,2.1446,0,15,4
29045,1,1.4712,0,0,0
29047,6,1.9203999999999999,2,39,1
29049,1,2.4525,1,3,0
29051,3,2.8666,2,17,0
29053,0,1.6941000000000002,1,1,1
29055,1,3.7625,0,5,3
29057,1,2.6452,0,1,0
29059,1,2.3699,0,2,1
29061,3,4.8321,0,1,0
29063,0,0.0,0,0,0
29065,0,3.8528000000000002,0,3,3
29067,2,4.5506,0,3,1
29069,6,5.1492,1,6,2
29071,1,2.0199,1,19,0
29073,1,3.4,0,4,0
29075,4,9.131,0,2,0
29077,13,2.4907,2,58,0
29079,0,2.0305,0,2,0
29081,2,4.7893,0,2,0
29083,2,3.2075,1,4,0
29085,6,6.2867,0,0,0
29087,1,4.5424,0,1,0
29089,0,0.9999,0,1,0
29091,2,2.742,1,6,2
29093,3,5.9259,0,3,0
29095,15,1.8634,9,107,0
29097,2,2.4726,0,28,0
29099,9,1.6883,1,26,2
29101,1,1.4798,1,6,0
29103,1,5.0518,0,1,0
29105,7,3.0792,1,3,0
29107,6,3.3631,0,5,0
29109,1,2.3465,0,7,1
29111,0,2.0458,0,2,0
29113,1,1.6945000000000001,0,6,3
29115,1,3.3557,0,3,0
29117,1,3.9404,0,5,0
29119,1,0.8758,0,1,0
29121,1,1.9845000000000002,0,2,0
29123,0,5.7909,0,4,3
29125,0,4.5993,0,2,2
29127,4,4.2061,1,4,3
29129,2,11.0589,0,2,0
29131,4,3.513,0,5,0
29133,1,7.5873,0,2,7
29135,1,1.2398,0,1,0
29137,2,4.6274999999999995,0,0,2
29139,1,1.7315,0,1,0
29141,4,3.8784,0,4,0
29143,3,3.5137,0,1,2
29145,2,1.8889,2,7,0
29147,3,3.6212,1,3,1
29149,3,3.799,0,1,0
29151,1,1.4689999999999999,0,1,0
29153,1,2.1801,0,0,1
29155,2,4.428999999999999,1,3,1
29157,1,2.0903,0,3,0
29159,2,2.5981,1,8,0
29161,3,2.6922,1,7,1
29163,2,1.6392,0,1,0
29165,1,1.7238,1,16,0
29167,4,3.7326,1,7,0
29169,3,1.9009,0,5,2
29171,0,0.0,0,0,0
29173,1,0.97,0,0,0
29175,2,3.6367000000000003,1,6,0
29177,1,2.1722,0,3,1
29179,2,4.7847,0,0,1
29181,3,6.0205,1,3,1
29183,4,2.0894,4,76,0
29185,1,2.1283,0,1,0
29186,0,0.5588,0,1,0
29187,3,2.9755000000000003,1,15,1
29189,10,2.1726,10,196,0
29195,2,3.5148,1,5,0
29197,0,2.1459,0,1,0
29199,0,0.0,0,0,0
29201,3,2.6123,1,6,0
29203,1,2.4492,0,0,1
29205,0,3.3727,0,2,0
29207,3,3.1008,1,3,2
29209,3,3.1297,0,6,1
29211,1,1.6423,0,0,0
29213,6,3.7548,1,14,0
29215,4,4.7248,1,3,4
29217,2,3.4042,1,3,1
29219,1,1.4026,0,4,0
29221,4,3.2349,0,3,1
29223,1,1.5535999999999999,0,1,0
29225,2,2.7782999999999998,0,8,1
29227,1,4.9677,0,0,0
29229,2,2.7339,0,3,0
29510,27,2.4619,3,44,0
30001,3,5.2893,0,2,0
30003,2,2.2524,0,1,0
30005,2,5.9871,0,2,0
30007,0,1.6033,0,0,1
30009,3,2.7972,0,0,0
30011,0,0.0,0,0,0
30013,13,3.5641,2,14,0
30015,0,1.7746,0,1,0
30017,2,3.5082,0,2,0
30019,0,0.0,0,0,0
30021,2,3.4831,0,1,0
30023,1,4.3764,0,3,0
30025,0,3.5137,0,1,0
30027,1,1.81,0,1,0
30029,10,2.7937,2,17,0
30031,9,2.1847,2,14,0
30033,0,0.0,0,0,0
30035,4,4.3627,0,2,0
30037,0,0.0,0,0,0
30039,0,2.9595000000000002,0,1,0
30041,1,4.8532,1,6,0
30043,0,1.6364999999999998,0,2,0
30045,0,0.0,0,0,0
30047,2,2.2982,0,5,0
30049,5,2.1604,1,9,0
30051,0,8.558,0,2,0
30053,4,5.005,0,5,1
30055,0,0.0,0,0,0
30057,0,1.1628,0,1,0
30059,0,0.0,0,0,0
30061,1,4.5486,0,0,1
30063,8,2.592,2,21,0
30065,0,2.1584,0,1,0
30067,1,1.8066,0,2,0
30069,0,0.0,0,0,0
30071,0,0.0,0,0,0
30073,2,3.3835,0,0,0
30075,0,0.0,0,0,0
30077,0,1.4514,0,1,0
30079,0,0.0,0,0,0
30081,1,2.7394,0,10,1
30083,1,1.8513,0,1,0
30085,0,0.0,0,0,0
30087,4,5.5947,0,1,0
30089,0,2.4767,0,2,1
30091,0,0.0,0,0,0
30093,4,3.4369,1,7,0
30095,0,1.0371,0,1,0
30097,0,0.0,0,0,0
30099,0,0.0,0,0,0
30101,3,8.4459,0,1,0
30103,0,0.0,0,0,0
30105,0,0.0,0,0,0
30107,0,0.0,0,0,0
30109,0,0.0,0,0,0
30111,7,2.1079,2,25,0
31001,0,3.1885,1,9,0
31003,0,4.7634,0,3,0
31005,0,0.0,0,0,0
31007,0,0.0,0,0,0
31009,0,0.0,0,0,0
31011,0,5.7781,0,2,1
31013,0,3.7095000000000002,0,4,0
31015,0,5.211,0,0,1
31017,0,0.0,0,0,0
31019,1,2.6179,2,10,0
31021,0,1.5482,0,1,0
31023,0,1.2475,0,0,1
31025,1,1.1429,0,2,0
31027,0,2.3804,0,2,0
31029,0,0.0,0,0,0
31031,0,1.7578,0,0,1
31033,0,3.367,0,3,0
31035,0,1.6120999999999999,0,1,0
31037,2,2.8014,0,1,0
31039,1,3.3914,0,2,0
31041,0,2.7837,0,2,1
31043,1,2.4968,0,3,1
31045,1,4.6571,0,3,0
31047,0,0.8476,0,2,0
31049,0,0.0,0,0,0
31051,0,1.7743,0,1,0
31053,1,3.0083,1,9,0
31055,27,2.3279,9,97,0
31057,0,0.0,0,0,0
31059,0,3.6616999999999997,0,1,1
31061,0,6.7137,0,1,1
31063,0,3.8066,0,1,0
31065,0,2.1386,0,1,0
31067,0,1.3945,0,3,0
31069,0,5.4437,0,1,0
31071,0,0.0,0,0,0
31073,0,0.0,0,0,0
31075,0,0.0,0,0,0
31077,0,4.2445,0,1,0
31079,4,2.9337999999999997,1,13,0
31081,0,1.0725,0,1,0
31083,0,0.0,0,0,0
31085,0,0.0,0,0,0
31087,0,0.0,0,0,0
31089,1,3.9734,0,1,2
31091,0,0.0,0,0,0
31093,0,0.0,0,0,0
31095,0,1.4192,0,1,0
31097,0,1.972,0,1,0
31099,0,0.0,0,0,0
31101,0,3.7340999999999998,0,3,0
31103,0,0.0,0,0,0
31105,0,2.7533,0,1,0
31107,0,1.2002,0,1,0
31109,6,2.037,4,54,1
31111,0,1.7185000000000001,1,5,0
31113,0,0.0,0,0,0
31115,0,0.0,0,0,0
31117,0,0.0,0,0,0
31119,13,6.268,1,8,0
31121,0,1.2894999999999999,0,1,0
31123,0,0.0,0,0,0
31125,0,2.8417,0,1,0
31127,0,4.3029,0,3,0
31129,0,4.8216,0,2,0
31131,0,2.4981,0,4,0
31133,0,0.0,0,0,0
31135,0,0.0,0,0,0
31137,0,0.0,0,0,0
31139,0,1.399,0,1,0
31141,2,3.5853,1,9,0
31143,0,3.8366,0,2,0
31145,0,2.7975,0,3,0
31147,0,1.2715,0,1,0
31149,0,0.0,0,0,0
31151,0,0.703,0,1,0
31153,2,1.6560000000000001,2,27,0
31155,0,0.9269,0,2,0
31157,1,1.6844999999999999,1,3,1
31159,0,0.5786,0,1,0
31161,0,1.9062000000000001,0,1,0
31163,0,6.6644,0,2,0
31165,0,0.0,0,0,0
31167,1,1.6892,0,0,0
31169,0,1.9988000000000001,0,1,0
31171,0,0.0,0,0,0
31173,0,2.7685,0,2,0
31175,0,4.8100000000000005,0,2,0
31177,0,1.4472,0,3,0
31179,1,3.1966,0,2,0
31181,0,2.8678,0,1,0
31183,0,0.0,0,0,0
31185,0,2.1931,0,3,0
32001,0,2.0073,0,5,0
32003,26,1.4426,14,287,0
32005,0,1.6358000000000001,0,8,0
32007,4,2.0842,1,6,0
32009,0,0.0,0,0,0
32011,0,0.0,0,0,0
32013,0,1.7824,0,3,0
32015,1,1.8077,0,0,0
32017,0,3.8588,0,2,0
32019,0,1.5649,0,8,1
32021,0,2.2198,0,1,0
32023,2,1.5046,0,5,0
32027,0,1.4869999999999999,0,1,0
32029,1,2.4254,0,0,0
32031,10,1.8027,4,71,0
32033,0,4.1754,0,4,0
32510,3,3.0403000000000002,1,13,0
33001,3,2.61,1,12,0
33003,1,2.0446,0,8,1
33005,0,1.8399999999999999,1,13,0
33007,6,3.1683,0,4,0
33009,9,3.6713,1,23,0
33011,19,2.1581,4,67,0
33013,2,2.3779,1,33,0
33015,7,2.2597,4,59,0
33017,4,2.22,2,23,0
33019,1,2.0859,0,8,0
34001,9,2.1618,2,46,0
34003,3,1.8344,6,162,0
34005,3,2.1332,3,89,0
34007,10,2.4483,4,110,0
34009,2,2.7161999999999997,1,22,0
34011,11,2.5413,1,26,0
34013,22,1.8899,8,121,0
34015,4,1.8173,1,48,0
34017,10,1.8888,6,111,0
34019,1,1.9297,1,22,0
34021,9,2.2861000000000002,4,71,0
34023,5,1.818,5,140,0
34025,8,2.2948,5,129,0
34027,3,1.9315,3,89,0
34029,11,1.8446,4,97,0
34031,3,1.9927000000000001,2,95,0
34033,1,1.7631999999999999,2,8,0
34035,1,1.7328999999999999,1,55,0
34037,1,1.9219,1,25,0
34039,4,1.7614999999999998,3,91,0
34041,1,2.4699,2,23,0
35001,18,1.9142000000000001,5,107,0
35003,2,8.5058,0,1,0
35005,11,3.4048,2,9,0
35006,2,2.9991,0,6,0
35007,2,2.5124,0,1,0
35009,7,2.6555999999999997,1,4,1
35011,2,11.4416,0,0,0
35013,26,2.3832,2,24,0
35015,7,3.7633,2,13,0
35017,9,5.556,1,5,0
35019,2,6.9767,1,0,0
35021,1,16.0,0,0,0
35023,4,11.9104,0,1,0
35025,1,1.2664,1,7,0
35027,1,3.5765000000000002,0,4,2
35028,0,2.0652,1,3,0
35029,4,2.9525,0,3,0
35031,4,1.6814,1,7,0
35033,3,6.6357,0,0,0
35035,6,2.2226,1,8,0
35037,1,2.4234,0,1,0
35039,18,6.9371,1,8,0
35041,8,5.9459,1,2,0
35043,16,2.6576,1,22,0
35045,4,1.6134,1,15,0
35047,8,4.7659,1,4,0
35049,37,4.456,1,29,0
35051,2,4.6335,0,3,0
35053,5,4.8086,0,3,0
35055,8,4.8895,1,7,0
35057,2,2.5872,0,2,0
35059,0,0.0,0,0,0
35061,2,1.304,0,8,0
36001,8,2.0622,3,52,0
36003,2,2.1696,1,7,0
36005,137,2.1083,6,156,0
36007,1,1.9949,2,35,0
36009,2,1.8393000000000002,1,11,0
36011,18,4.0483,1,12,0
36013,4,2.2064,4,20,0
36015,0,2.037,2,15,0
36017,0,1.271,1,5,0
36019,2,2.3607,1,16,0
36021,1,2.0181,1,10,0
36023,9,3.783,1,8,0
36025,0,1.5859999999999999,0,7,0
36027,14,2.1413,2,47,0
36029,11,2.1117,7,176,0
36031,4,3.2534,0,8,0
36033,3,2.7988,2,9,0
36035,0,1.8733,1,9,0
36037,3,2.6187,1,11,0
36039,0,2.1192,0,10,0
36041,1,2.2645,0,0,0
36043,1,1.7939,0,10,0
36045,9,2.6403,1,19,0
36047,141,1.7149,12,286,0
36049,1,1.5211000000000001,0,3,0
36051,5,2.5432,1,10,0
36053,1,1.9735,1,12,0
36055,37,1.9817,4,106,0
36057,1,3.0475,1,12,1
36059,13,1.4813,9,179,0
36061,116,2.5665,12,290,0
36063,2,2.3891,3,45,0
36065,7,2.1428,3,39,0
36067,15,2.0194,3,75,0
36069,2,2.0952,3,18,0
36071,16,2.0523,4,59,0
36073,4,2.7260000000000004,0,7,0
36075,13,2.7321,1,18,0
36077,0,2.017,2,10,0
36079,2,1.6273,1,13,0
36081,42,1.5130000000000001,7,292,0
36083,2,2.0792,2,29,0
36085,14,1.5332,2,57,0
36087,8,1.4733,2,38,0
36089,3,2.3204000000000002,3,19,0
36091,1,1.4791,1,32,0
36093,3,1.8030000000000002,1,24,0
36095,0,1.9355,1,5,0
36097,0,1.6846999999999999,0,3,0
36099,1,1.4699,0,4,0
36101,4,2.2016999999999998,3,14,0
36103,19,1.5238,11,195,0
36105,6,2.3863,1,11,0
36107,0,1.0373,0,5,0
36109,0,1.5659,1,15,0
36111,11,2.3652,2,29,0
36113,15,5.6299,1,20,0
36115,2,2.124,0,11,0
36117,6,2.4467,1,15,0
36119,29,1.7261,10,128,0
36121,1,2.258,1,7,0
36123,6,4.4154,0,5,0
37001,4,1.6518000000000002,1,23,0
37003,1,1.6000999999999999,0,4,1
37005,1,2.6936999999999998,0,2,0
37007,1,1.2272,1,1,0
37009,4,3.6761,0,6,0
37011,2,3.4173999999999998,0,4,0
37013,1,2.1279,1,8,0
37015,3,2.1112,0,0,1
37017,2,1.8336000000000001,0,4,0
37019,5,2.4506,1,28,1
37021,7,2.5652,1,57,2
37023,3,2.3208,1,17,0
37025,2,1.8479999999999999,1,37,0
37027,3,1.8253,1,11,0
37029,0,0.9202,0,1,0
37031,0,2.7349,1,17,1
37033,6,3.0968,0,1,0
37035,20,3.5098000000000003,2,34,0
37037,3,1.2085,0,6,0
37039,1,2.097,0,5,0
37041,1,3.5860000000000003,0,4,0
37043,0,2.6712,0,3,0
37045,2,2.4503,2,19,1
37047,6,3.0626,1,9,1
37049,3,2.4476,1,21,0
37051,6,1.8479,2,54,0
37053,0,0.7204,0,2,0
37055,0,2.9722,0,11,0
37057,3,1.4916,2,20,0
37059,3,2.8007,1,7,1
37061,8,3.575,1,11,1
37063,9,1.8041,3,46,0
37065,4,2.5256,1,8,0
37067,8,2.1188,3,70,0
37069,1,1.2915,0,8,0
37071,16,2.8949,1,48,0
37073,2,2.5947,0,1,0
37075,1,2.3694,0,1,0
37077,1,1.8199,1,9,0
37079,6,3.7969999999999997,0,2,0
37081,5,1.7127,2,85,0
37083,11,4.5991,1,10,1
37085,6,1.9121000000000001,1,18,1
37087,1,2.2466,1,12,0
37089,12,3.0660000000000003,2,22,0
37091,3,3.8012,1,5,0
37093,1,1.2673,1,5,0
37095,2,4.051,0,0,0
37097,5,2.3102,3,34,0
37099,5,3.1863,1,8,0
37101,4,1.5286,1,27,0
37103,0,2.1234,0,2,0
37105,0,1.6187,1,9,0
37107,15,5.0046,1,12,0
37109,2,2.0903,1,15,0
37111,0,1.7484,1,7,0
37113,0,1.9521,0,7,0
37115,4,3.6773,0,4,0
37117,1,2.6738,1,4,0
37119,4,1.8102,6,191,0
37121,2,3.3414,0,3,0
37123,1,2.2081,0,3,2
37125,0,2.0817,1,20,0
37127,5,2.5451,1,18,0
37129,3,1.9618,1,42,0
37131,5,2.5663,0,0,0
37133,1,2.2229,1,42,0
37135,3,1.9532,1,25,0
37137,1,3.9290000000000003,0,4,0
37139,1,2.2599,1,7,0
37141,4,2.5373,0,12,0
37143,0,0.7428,0,1,0
37145,3,2.2791,1,5,0
37147,2,2.0471,1,34,0
37149,3,2.4127,0,2,0
37151,3,1.3225,1,15,0
37153,2,2.4538,1,7,1
37155,8,2.6029,1,24,1
37157,1,1.8679000000000001,1,15,0
37159,5,1.6187,1,17,0
37161,3,2.0886,1,10,0
37163,9,2.8333,1,8,0
37165,1,2.2973,1,6,0
37167,0,2.3883,1,14,0
37169,0,1.7547000000000001,0,8,0
37171,2,3.0648,2,18,0
37173,2,2.8029,0,2,0
37175,1,1.7449,0,5,0
37177,0,4.9801,0,1,1
37179,1,1.626,1,37,0
37181,1,2.4699999999999998,1,8,1
37183,8,1.9069,4,200,0
37185,1,1.5205,0,2,0
37187,1,2.5907,0,2,0
37189,3,1.9581,1,7,0
37191,5,2.274,1,22,0
37193,1,1.4617,1,8,0
37195,1,2.0782,1,15,0
37197,0,1.0619,0,4,0
37199,1,2.2137000000000002,0,3,0
38001,0,4.5126,0,1,0
38003,1,3.8406000000000002,0,2,1
38005,0,2.9274,0,2,0
38007,0,0.0,0,0,0
38009,0,1.5918,0,0,1
38011,0,0.0,0,0,0
38013,1,4.7280999999999995,0,0,0
38015,1,2.3006,2,19,0
38017,4,1.5391,2,22,0
38019,0,2.6582,0,1,0
38021,0,8.2102,0,2,2
38023,0,4.417,0,1,0
38025,1,4.5208,0,0,1
38027,0,4.3725,0,1,0
38029,0,3.0855,0,1,0
38031,0,6.2305,0,2,0
38033,0,0.0,0,0,0
38035,2,1.5838999999999999,1,8,0
38037,0,0.0,0,0,0
38039,0,0.0,0,0,0
38041,0,0.0,0,0,0
38043,0,0.0,0,0,0
38045,0,4.9432,0,2,0
38047,0,5.4054,0,1,0
38049,0,0.0,0,0,0
38051,0,4.0048,0,1,0
38053,0,2.6624,0,4,0
38055,1,3.1746,0,2,0
38057,2,3.6643,0,1,0
38059,0,1.913,0,6,0
38061,0,1.8965999999999998,0,2,0
38063,0,3.4734,0,1,0
38065,1,5.1046,0,0,0
38067,0,2.9407,0,2,0
38069,0,5.0314,0,2,0
38071,0,3.4725,0,4,0
38073,0,5.7493,0,2,1
38075,0,4.2974,0,1,0
38077,0,2.4726,0,4,0
38079,2,2.8217,0,2,0
38081,0,2.5654,0,1,0
38083,1,7.6046,0,0,0
38085,0,2.3641,0,1,0
38087,0,0.0,0,0,0
38089,0,1.2703,0,4,0
38091,0,0.0,0,0,0
38093,0,1.932,0,4,0
38095,0,0.0,0,0,0
38097,0,1.2444,0,1,0
38099,1,3.759,0,3,0
38101,2,1.1827,1,5,0
38103,0,2.6082,0,1,0
38105,2,1.0641,0,2,0
39001,3,2.8883,0,4,1
39003,8,2.9311,3,19,0
39005,1,1.3088,1,4,1
39007,2,2.1596,1,18,0
39009,10,3.8269,1,14,0
39011,0,1.9713,1,8,0
39013,3,2.9848,2,15,0
39015,5,2.3024,0,4,1
39017,10,1.6965,4,51,0
39019,0,0.7431,0,2,0
39021,0,1.8002,0,6,1
39023,4,2.1628,2,23,0
39025,7,2.2768,1,38,1
39027,1,2.8593,1,10,0
39029,5,2.5519,2,19,0
39031,3,2.1858,1,4,0
39033,2,2.6510000000000002,0,9,0
39035,43,2.1699,15,210,0
39037,5,2.5434,1,7,0
39039,1,2.8881,1,7,2
39041,1,1.6732,1,32,1
39043,7,3.097,1,13,2
39045,3,1.5231,2,19,0
39047,1,2.1034,0,5,0
39049,33,1.8834,9,206,0
39051,0,1.8991,0,8,0
39053,1,2.6757999999999997,1,6,0
39055,0,1.7085,1,15,0
39057,2,1.5981999999999998,2,23,0
39059,4,3.0868,1,6,1
39061,47,2.2875,8,132,0
39063,1,1.7154,1,11,0
39065,3,3.1883,0,7,0
39067,2,2.6596,0,2,0
39069,3,2.2217000000000002,0,3,0
39071,6,3.9387,0,10,1
39073,2,2.1228,0,4,0
39075,0,0.6824,1,2,0
39077,1,2.2311,1,11,0
39079,3,3.3937,0,7,1
39081,7,3.3678,1,14,0
39083,2,1.9255,1,9,0
39085,3,1.9118,1,40,0
39087,9,3.5316,1,11,0
39089,0,1.1308,1,19,0
39091,3,2.6273999999999997,1,8,0
39093,7,1.8719999999999999,3,48,0
39095,16,2.3811999999999998,8,78,0
39097,1,2.012,1,7,0
39099,1,2.1427,4,44,0
39101,1,2.1508,1,12,0
39103,2,1.5577999999999999,1,25,0
39105,3,3.0558,0,4,0
39107,0,1.7002000000000002,1,6,0
39109,0,1.1216,1,11,0
39111,1,2.1972,0,2,0
39113,19,2.2569999999999997,6,95,0
39115,1,1.3785,0,1,0
39117,1,1.4153,0,4,0
39119,4,2.6677,1,18,0
39121,1,2.7732,0,3,0
39123,0,1.9741,0,7,1
39125,0,1.0711,0,2,0
39127,1,1.9372,0,4,2
39129,1,1.3685,1,6,0
39131,3,3.2407,0,6,0
39133,1,1.8465,1,28,0
39135,0,0.9784,0,4,0
39137,0,1.1813,0,4,0
39139,7,2.5587,2,22,0
39141,3,2.0869999999999997,1,12,0
39143,5,2.9051,2,10,0
39145,6,3.585,2,16,3
39147,1,1.6311,1,7,0
39149,0,1.2348,1,5,0
39151,8,2.5094,4,81,0
39153,6,2.0147,4,99,0
39155,8,2.2225,2,34,0
39157,2,1.9567999999999999,1,14,1
39159,1,1.8648,1,9,0
39161,1,1.7683,1,3,0
39163,2,2.2927,0,1,0
39165,2,1.7476,1,38,0
39167,2,2.5037000000000003,1,12,0
39169,0,0.9507,1,10,0
39171,1,2.7254,1,8,0
39173,2,1.6053,1,18,0
39175,0,1.8372000000000002,0,4,0
40001,1,1.8023,1,2,0
40003,1,5.2613,0,1,1
40005,1,1.4537,0,1,0
40007,0,1.8829,0,1,0
40009,0,3.2023,1,6,0
40011,1,4.2422,0,2,1
40013,0,1.8752,1,8,0
40015,3,1.7384,0,2,0
40017,1,1.8880000000000001,2,25,0
40019,3,2.2864,1,7,0
40021,6,3.0828,1,8,0
40023,2,5.4526,1,4,1
40025,0,0.0,0,0,0
40027,2,1.7957,2,47,0
40029,1,1.8197999999999999,0,0,0
40031,8,2.2359999999999998,2,17,0
40033,0,1.7649,0,1,0
40035,2,3.5356,1,2,0
40037,0,2.0973,1,13,1
40039,0,2.0688,1,5,0
40041,0,1.3951,1,5,0
40043,0,4.0891,0,2,0
40045,0,2.5913,0,1,0
40047,1,2.7843,2,14,0
40049,4,4.3304,2,6,0
40051,1,1.2537,1,5,0
40053,1,4.6157,0,0,1
40055,0,3.5014,0,2,0
40057,1,3.7693,0,0,0
40059,0,8.1345,0,3,0
40061,1,3.1678,0,3,0
40063,1,1.5061,0,1,0
40065,0,2.4459999999999997,1,5,0
40067,0,4.9983,0,2,1
40069,1,0.9021,0,0,0
40071,1,2.2968,2,7,0
40073,0,3.8059,0,6,0
40075,0,2.2967,1,1,0
40077,1,4.9638,1,3,0
40079,1,1.4041000000000001,0,6,0
40081,1,1.7203,0,5,0
40083,1,1.2497,0,5,0
40085,0,0.9753,0,1,0
40087,0,2.4707,1,9,0
40089,3,3.3504,1,7,0
40091,4,4.5928,0,4,1
40093,0,2.6216,0,2,0
40095,1,1.7719,0,2,0
40097,1,2.1898,1,7,0
40099,0,2.8423,0,4,0
40101,4,2.3529999999999998,1,10,1
40103,0,2.6952,1,2,0
40105,1,1.9849,0,0,1
40107,0,1.6676,0,1,1
40109,18,2.3074,18,148,0
40111,2,2.8597,2,7,0
40113,2,1.0647,0,2,1
40115,4,2.8914,1,4,0
40117,0,0.6106,0,1,0
40119,0,2.3232,2,17,0
40121,4,2.7489,1,7,0
40123,2,2.6121,1,7,0
40125,1,1.7908,1,11,0
40127,1,1.8025,0,0,1
40129,0,2.7910000000000004,0,1,0
40131,0,1.6223,1,14,0
40133,2,2.0612,1,2,0
40135,1,1.4434,1,4,0
40137,3,3.0132,1,9,0
40139,2,3.0026,1,3,0
40141,1,2.7586,0,1,0
40143,9,2.3482,12,132,0
40145,2,1.1072,1,6,0
40147,0,1.9407,1,9,0
40149,1,0.9161,0,0,0
40151,0,5.6863,1,3,1
40153,0,3.9582,1,7,0
41001,0,3.7212,0,4,2
41003,6,2.0418,1,12,0
41005,15,1.7217,4,50,3
41007,1,2.9833,0,10,1
41009,1,1.9101,0,7,2
41011,8,3.2565,1,11,1
41013,2,2.4586,0,3,1
41015,2,3.4896,0,4,2
41017,12,2.0233,2,26,0
41019,11,2.8834,1,18,2
41021,0,10.4603,0,1,1
41023,0,2.7782,0,1,1
41025,0,2.7053000000000003,0,2,0
41027,2,3.8491,0,6,1
41029,33,3.2587,3,33,3
41031,2,2.8388,0,4,1
41033,6,2.1718,1,12,0
41035,6,1.9051,1,6,0
41037,1,3.8124000000000002,0,1,1
41039,14,2.12,3,61,3
41041,8,3.8029,0,10,1
41043,2,1.9268,1,22,0
41045,5,4.2524,1,5,2
41047,6,1.4663,3,42,0
41049,2,6.0329,0,2,3
41051,51,1.9561,6,102,0
41053,5,1.6263,0,9,0
41055,0,5.6179999999999986,0,0,1
41057,4,2.5891,0,3,0
41059,1,1.6677,0,11,1
41061,0,1.8632,0,5,0
41063,5,9.7114,0,2,0
41065,1,2.9983,1,5,1
41067,19,1.5127000000000002,3,69,0
41069,4,30.03,0,0,0
41071,4,1.6806999999999999,2,12,0
42001,3,1.6503,1,13,0
42003,33,2.2943,15,231,0
42005,0,1.6992,1,10,0
42007,3,2.1351,1,31,0
42009,2,3.3411,1,10,3
42011,5,1.8045,3,68,0
42013,1,2.7087,2,30,0
42015,0,2.3208,2,12,0
42017,0,1.9896,7,118,0
42019,1,1.8632,1,33,0
42021,3,2.9956,2,34,0
42023,1,4.4974,0,1,0
42025,0,1.2465,1,7,0
42027,1,1.7243,1,25,1
42029,5,1.9238,5,91,0
42031,2,3.3821,1,9,1
42033,1,2.145,2,13,1
42035,0,1.8119999999999998,1,6,0
42037,0,2.155,2,12,0
42039,2,2.5996,1,17,2
42041,1,2.4074999999999998,2,58,0
42043,6,2.12,2,51,0
42045,4,2.0468,4,108,0
42047,3,3.3434,0,7,0
42049,9,2.4098,3,53,0
42051,7,3.1716,2,32,0
42053,0,1.3799000000000001,0,1,0
42055,11,2.5157,2,26,0
42057,1,2.0647,0,2,0
42059,12,5.5198,1,6,1
42061,7,3.5442,1,7,1
42063,2,1.7842,1,12,0
42065,1,2.7634,1,10,0
42067,0,1.2115,0,3,0
42069,12,3.3385,3,53,2
42071,10,1.8691,4,88,0
42073,3,2.9236,2,20,0
42075,3,1.6221,1,19,0
42077,3,1.8142,5,59,0
42079,9,2.4258,3,65,0
42081,2,2.2066,2,21,0
42083,2,3.4462,2,9,1
42085,12,3.6555,4,24,0
42087,3,1.9506999999999999,1,5,0
42089,0,2.0555,2,33,0
42091,4,2.2987,9,178,0
42093,0,3.2913,1,5,0
42095,7,2.3257,3,61,0
42097,2,2.6419,1,19,2
42099,2,2.1611,0,8,0
42101,79,2.3926,14,286,0
42103,2,1.4335,0,6,0
42105,0,1.8153000000000001,0,3,0
42107,2,2.3345000000000002,3,27,1
42109,0,1.2385,0,5,0
42111,0,2.1784,2,13,1
42113,0,0.0,0,0,0
42115,4,2.4797000000000002,0,6,0
42117,9,3.9417999999999997,0,7,0
42119,0,1.5582,1,6,0
42121,2,2.171,1,8,0
42123,1,2.0413,1,6,0
42125,30,3.3355,4,35,0
42127,11,4.2834,1,9,1
42129,5,2.0636,3,64,0
42131,2,2.6125,1,4,0
42133,3,1.7591999999999999,5,71,0
44001,1,1.6502,0,7,0
44003,6,2.2521,1,30,0
44005,6,2.3148,1,12,0
44007,37,2.2694,7,101,0
44009,4,2.3890000000000002,2,24,0
45001,1,1.2231,0,2,0
45003,5,2.0483,1,29,0
45005,1,4.6041,0,1,2
45007,1,1.6785,1,32,0
45009,6,7.8203,0,3,2
45011,5,5.2717,0,6,0
45013,10,2.4984,2,35,1
45015,4,1.3163,0,25,1
45017,4,4.8100000000000005,0,0,3
45019,13,2.7710000000000004,6,93,2
45021,1,1.9197,1,7,2
45023,1,2.4811,1,6,0
45025,5,2.6287000000000003,1,5,1
45027,2,2.9634,1,5,2
45029,8,3.9812,1,4,2
45031,5,2.5519,1,9,2
45033,3,4.9214,1,5,6
45035,1,1.3513,0,21,0
45037,0,1.4674,0,4,0
45039,5,4.0274,0,2,2
45041,9,3.2539999999999996,3,32,1
45043,7,4.4671,2,16,3
45045,7,2.1202,5,98,1
45047,5,2.4008,1,11,0
45049,2,3.6417,1,3,1
45051,13,2.7112,3,77,3
45053,6,4.6553,1,7,0
45055,2,1.5026000000000002,1,7,0
45057,3,2.2446,1,18,0
45059,2,2.0743,1,10,1
45061,3,2.377,0,1,0
45063,6,2.5105,1,67,1
45065,1,2.1135,0,1,0
45067,1,2.2833,1,5,0
45069,4,2.2973,0,2,0
45071,2,2.8616,1,7,1
45073,2,2.1371,1,12,2
45075,6,2.5529,1,15,0
45077,2,2.4432,2,27,0
45079,9,2.2369,4,80,0
45081,2,2.4422,0,3,0
45083,7,2.3141,3,64,0
45085,6,2.2489,1,17,0
45087,1,2.1965,1,3,1
45089,2,2.9636,0,5,2
45091,7,2.0286,1,48,1
46003,2,7.2701,0,0,0
46005,1,2.7096,0,4,0
46007,2,8.9153,0,1,0
46009,0,1.4491,0,1,0
46011,0,1.1403,1,3,0
46013,1,2.3173,2,6,0
46015,1,3.7757,0,1,0
46017,1,5.0968,0,0,0
46019,0,1.9177,0,2,0
46021,0,0.0,0,0,0
46023,0,2.1524,0,2,0
46025,0,0.0,0,0,0
46027,0,2.8429,0,3,1
46029,0,2.1422,1,5,0
46031,1,2.4474,0,0,0
46033,0,1.1146,0,0,1
46035,1,3.5398,1,5,0
46037,0,3.6873,0,1,1
46039,0,2.2983000000000002,0,1,0
46041,3,5.0916,0,0,0
46043,0,0.0,0,0,0
46045,0,0.0,0,0,0
46047,0,1.4896,0,1,0
46049,0,4.3497,0,1,0
46051,0,2.8361,0,1,1
46053,0,2.3895,0,1,0
46055,0,0.0,0,0,0
46057,1,3.2446,0,0,1
46059,0,0.0,0,0,0
46061,0,0.0,0,0,0
46063,0,0.0,0,0,0
46065,0,2.2823,1,3,0
46067,0,1.3716,0,1,0
46069,1,7.6864,0,0,0
46071,0,0.0,0,0,0
46073,1,9.9354,0,1,0
46075,1,11.0742,0,0,0
46077,2,8.0988,0,2,0
46079,0,1.5629,0,2,0
46081,0,2.3216,1,5,0
46083,0,1.9630999999999998,1,10,1
46085,2,5.2896,0,0,0
46087,0,1.7902,0,1,0
46089,0,0.0,0,0,0
46091,0,0.0,0,0,0
46093,1,0.7059,0,1,0
46095,1,4.852,0,0,0
46097,2,9.0253,0,0,0
46099,4,2.2264,3,36,0
46101,0,3.0414,0,2,0
46102,0,0.0,0,0,0
46103,3,1.9336,3,15,1
46105,1,3.4904,0,0,0
46107,0,0.0,0,0,0
46109,0,1.9242,0,2,0
46111,1,4.2661999999999995,0,0,0
46115,0,1.5684,0,1,0
46117,1,3.2279,0,0,0
46119,1,7.1891,0,0,0
46121,1,0.9826,0,0,0
46123,0,1.8378999999999999,0,1,0
46125,0,3.5782,0,3,0
46127,4,5.0213,1,3,0
46129,0,1.8399,0,1,0
46135,1,3.5066,1,6,0
46137,0,0.0,0,0,0
47001,1,2.858,1,19,1
47003,1,2.2127,1,5,4
47005,0,2.4752,0,3,1
47007,1,3.3192,0,1,3
47009,1,1.7282,1,21,0
47011,1,2.4975,1,25,0
47013,2,4.5178,2,10,4
47015,1,3.4065,1,2,1
47017,0,2.8811,2,5,1
47019,1,2.3053,1,10,1
47021,0,1.4754,0,5,1
47023,1,4.0469,0,3,3
47025,3,5.3193,1,11,2
47027,1,5.2528,0,3,0
47029,5,3.8885,1,8,0
47031,0,2.3001,2,11,0
47033,0,6.3247,0,3,6
47035,1,2.3133,1,10,2
47037,14,2.2186,9,130,1
47039,0,5.1445,1,3,2
47041,1,3.4163,1,5,0
47043,0,1.6683,1,7,1
47045,0,3.4985,1,7,5
47047,1,1.9449,0,6,1
47049,2,3.7791,1,4,0
47051,0,2.1323,1,7,1
47053,1,3.0529,1,10,3
47055,0,3.3939999999999997,1,5,4
47057,3,3.4305,0,5,0
47059,3,3.4748,2,19,0
47061,1,3.7237999999999998,0,4,0
47063,2,3.6961,2,20,0
47065,9,2.6101,3,84,0
47067,3,7.5529,0,2,0
47069,2,3.992,1,5,2
47071,4,6.6272,1,8,4
47073,5,2.6414999999999997,1,9,0
47075,1,5.2011,0,3,5
47077,0,2.4896,1,3,3
47079,0,2.7824999999999998,1,7,1
47081,1,1.9859,0,2,2
47083,0,4.8774999999999995,1,2,1
47085,0,2.6908,0,5,0
47087,1,3.3939,0,2,1
47089,1,2.202,1,10,0
47091,1,1.6865,0,2,0
47093,6,2.5515,4,110,0
47095,2,4.2759,0,0,1
47097,1,1.9506000000000001,0,4,0
47099,0,1.8123,1,6,1
47101,1,4.8908000000000005,0,3,2
47103,0,1.7459,1,5,0
47105,1,2.2194,1,10,0
47107,1,4.4615,1,12,10
47109,2,3.892,0,7,1
47111,2,2.4388,0,4,0
47113,1,2.3473,2,20,0
47115,0,1.7297,0,5,0
47117,13,4.6545,0,3,0
47119,1,1.9712,1,17,0
47121,1,0.805,0,0,0
47123,16,6.2305,1,12,0
47125,2,1.7225000000000001,1,33,0
47127,0,0.0,0,0,0
47129,1,1.4017,0,1,1
47131,1,3.9908,1,3,7
47133,1,2.6977,1,4,0
47135,1,3.7147,1,1,0
47137,1,3.9619999999999997,0,1,0
47139,1,5.3469999999999995,0,6,2
47141,1,2.617,1,19,0
47143,1,2.1105,0,6,0
47145,0,2.6226000000000003,1,12,1
47147,0,1.9495,1,13,0
47149,4,2.1066,2,64,0
47151,7,6.343999999999999,0,6,1
47153,0,1.9965000000000002,0,3,0
47155,19,4.6819,1,26,0
47157,20,1.6646,5,130,1
47159,1,2.4805,0,4,0
47161,1,2.9165,0,2,1
47163,2,3.2839,3,47,0
47165,1,1.8296999999999999,2,32,0
47167,0,2.1104,1,8,4
47169,0,2.6586,0,3,0
47171,1,3.9143,1,5,0
47173,1,2.5035,0,4,0
47175,1,5.109,0,1,1
47177,1,2.6649000000000003,1,8,1
47179,3,3.1691,2,36,0
47181,2,2.9989,1,2,0
47183,0,3.0005,1,6,3
47185,1,2.1942,1,4,0
47187,20,2.7683,1,45,0
47189,1,1.3826,1,18,0
48001,2,1.5588,1,6,0
48003,0,1.0692,1,1,0
48005,2,1.9604,2,12,1
48007,0,2.5521000000000003,0,4,2
48009,0,1.1692,0,1,0
48011,0,15.8983,0,1,2
48013,2,1.9548999999999999,1,6,1
48015,0,1.9979,1,4,1
48017,0,2.8571,0,2,0
48019,0,0.4327,0,1,0
48021,5,1.6907,1,9,0
48023,0,5.6996,1,1,0
48025,1,1.8425,1,3,1
48027,5,1.3226,3,40,0
48029,27,1.5323,12,268,0
48031,0,0.8382,0,1,0
48033,0,0.0,0,0,0
48035,0,2.1408,0,4,0
48037,4,2.2521,2,15,0
48039,19,2.0039,2,54,0
48041,5,1.7015,4,30,0
48043,2,4.3464,0,1,1
48045,0,0.0,0,0,0
48047,1,4.2295,0,2,0
48049,2,3.4333,1,9,1
48051,3,3.2533,0,3,0
48053,1,2.2843,1,8,1
48055,3,1.8322,0,5,0
48057,0,2.3485,0,4,1
48059,4,3.5860000000000003,0,1,0
48061,9,1.4415,4,45,3
48063,0,2.2911,0,3,0
48065,0,1.6875,0,1,0
48067,1,1.3322,0,3,0
48069,0,0.0,0,0,0
48071,3,1.8249,0,4,1
48073,2,2.4693,1,9,1
48075,0,4.1062,0,3,0
48077,0,0.955,0,1,0
48079,0,0.0,0,0,0
48081,0,0.0,0,0,0
48083,0,0.0,0,0,0
48085,5,1.7106,12,160,0
48087,0,0.0,0,0,0
48089,0,2.3263,1,4,0
48091,2,1.8565,1,25,1
48093,1,2.9336,0,2,1
48095,2,11.0051,0,1,0
48097,0,1.9391,1,6,1
48099,0,1.0533,0,8,0
48101,0,7.1531,1,0,0
48103,0,2.0846,0,0,1
48105,0,2.8868,0,0,1
48107,0,1.7431,0,1,0
48109,0,0.0,0,0,0
48111,0,2.7446,0,1,1
48113,12,1.4115,27,333,0
48115,2,4.7139999999999995,1,3,0
48117,1,2.6959999999999997,1,3,0
48119,1,3.7516,0,0,1
48121,4,1.6456,9,133,0
48123,0,2.9762,1,4,1
48125,0,0.0,0,0,0
48127,2,8.8898,1,3,3
48129,0,6.1013,0,2,0
48131,1,2.6889,0,1,1
48133,0,2.7233,1,4,0
48135,2,1.6242999999999999,2,23,0
48137,0,5.176,0,0,1
48139,2,1.6231,2,25,1
48141,41,1.6442999999999999,8,88,1
48143,1,2.1078,1,6,1
48145,0,1.1562999999999999,1,1,0
48147,1,1.9710999999999999,0,5,1
48149,2,2.7618,1,4,0
48151,0,0.0,0,0,0
48153,0,3.5014,0,2,0
48155,0,0.0,0,0,0
48157,6,1.5523,5,115,0
48159,0,2.7972,0,2,1
48161,0,2.0287,1,3,0
48163,3,3.4473,1,3,0
48165,0,0.9306,0,2,0
48167,6,1.8706,1,57,0
48169,0,0.0,0,0,0
48171,0,2.2232,1,5,0
48173,0,7.0972,0,0,1
48175,0,0.0,0,0,0
48177,2,2.3996,1,2,0
48179,0,1.8277,1,3,0
48181,0,2.2759,4,27,0
48183,11,3.4693,2,30,0
48185,1,1.7313,0,3,1
48187,2,1.1987,1,17,0
48189,2,2.6941,1,4,2
48191,0,0.0,0,0,0
48193,0,4.7276,1,3,0
48195,0,0.0,0,0,0
48197,0,2.5426,0,1,0
48199,1,2.4305,0,13,0
48201,90,1.5,38,579,0
48203,5,2.2538,1,9,0
48205,0,0.0,0,0,0
48207,0,3.5348,0,1,1
48209,3,1.5638999999999998,2,31,0
48211,0,5.237,1,1,0
48213,1,1.5712000000000002,1,11,0
48215,9,1.2778,6,96,0
48217,0,2.7286,1,7,2
48219,1,2.6063,1,4,0
48221,0,1.6221999999999999,1,9,0
48223,1,2.1573,1,5,1
48225,0,2.6123,1,4,1
48227,1,2.182,1,6,0
48229,3,6.14,0,0,0
48231,5,2.5357,1,17,2
48233,0,2.8656,0,4,2
48235,0,0.0,0,0,0
48237,0,2.2384,1,1,0
48239,0,2.0325,0,3,0
48241,1,3.659,1,7,4
48243,0,0.0,0,0,0
48245,5,1.7888,3,37,0
48247,1,3.8462,0,0,1
48249,2,2.2232,1,5,1
48251,0,1.5356999999999998,1,26,0
48253,0,2.4897,3,2,0
48255,2,2.5639,0,2,0
48257,1,1.4689,1,18,0
48259,1,1.8975,0,8,0
48261,0,0.0,0,0,0
48263,0,0.0,0,0,0
48265,0,1.7109999999999999,1,8,0
48267,1,2.3057,0,0,0
48269,0,0.0,0,0,0
48271,1,2.727,0,0,0
48273,2,2.6076,1,5,0
48275,0,2.7293,1,0,0
48277,1,2.2062,1,9,0
48279,0,1.5512000000000001,1,1,0
48281,0,1.4,0,3,0
48283,3,5.3191,0,0,1
48285,0,2.9771,0,6,0
48287,1,2.3203,0,3,0
48289,1,2.2983000000000002,0,3,0
48291,3,1.587,1,10,0
48293,0,2.1334,1,4,0
48295,0,3.0931,0,0,1
48297,1,0.8192,0,0,0
48299,0,1.8353000000000002,1,3,0
48301,0,0.0,0,0,0
48303,12,2.2217000000000002,5,51,1
48305,0,0.0,0,0,0
48307,2,3.7575,0,1,0
48309,12,1.8315000000000001,2,33,0
48311,1,13.459000000000001,0,0,0
48313,1,2.8003,0,3,0
48315,0,1.0148,0,1,0
48317,0,1.7328000000000001,0,1,0
48319,1,2.3397,0,0,0
48321,5,3.5477,1,7,0
48323,4,1.7029,1,4,1
48325,2,1.5509,0,6,0
48327,1,4.6773,0,0,0
48329,5,1.6400000000000001,1,23,0
48331,1,2.4171,1,4,0
48333,0,2.0521,0,1,0
48335,0,1.1703000000000001,0,1,0
48337,0,2.523,1,2,2
48339,5,1.5147,5,82,0
48341,0,1.9102000000000001,0,3,1
48343,0,1.6145,0,2,0
48345,0,0.0,0,0,0
48347,4,2.6071999999999997,2,10,1
48349,0,1.5964,1,7,0
48351,0,2.2067,0,2,1
48353,0,2.7185,1,3,0
48355,4,1.3249,4,40,0
48357,0,2.0333,0,2,0
48359,0,0.0,0,0,0
48361,2,2.0385,0,15,0
48363,0,1.713,1,4,0
48365,2,3.0180000000000002,1,3,1
48367,0,1.3998,1,18,1
48369,0,0.0,0,0,0
48371,1,1.896,1,1,0
48373,1,1.5577999999999999,1,6,0
48375,1,2.2995,3,23,0
48377,2,2.9833,0,0,0
48379,0,1.5981999999999998,0,1,1
48381,1,1.5975000000000001,0,21,0
48383,0,0.0,0,0,0
48385,2,5.7937,0,0,0
48387,0,1.6635,0,1,1
48389,0,1.2519,0,2,0
48391,0,0.0,0,0,0
48393,0,0.0,0,0,0
48395,3,2.9284,0,2,0
48397,0,1.811,3,16,0
48399,0,0.9743,0,1,0
48401,2,1.6542,1,6,0
48403,0,0.9486,0,1,0
48405,1,3.6421,0,2,0
48407,1,0.693,0,1,0
48409,2,2.0980000000000003,1,11,0
48411,0,1.6515,0,1,0
48413,0,0.0,0,0,0
48415,0,2.3948,0,4,0
48417,1,3.0628,0,0,0
48419,4,3.1653000000000002,0,4,0
48421,0,0.0,0,0,0
48423,6,2.406,5,44,1
48425,0,3.2866,1,2,0
48427,2,1.5472000000000001,1,5,2
48429,1,4.2708,1,2,0
48431,0,0.0,0,0,0
48433,0,0.0,0,0,0
48435,0,2.6483,0,1,0
48437,0,1.3519,0,1,0
48439,3,1.5267,25,293,0
48441,2,2.1734,2,26,0
48443,0,0.0,0,0,0
48445,0,4.0528,1,4,0
48447,0,0.0,0,0,0
48449,2,2.4427,1,5,0
48451,2,1.7617,2,17,0
48453,37,1.4914,10,143,0
48455,1,2.7302,0,2,1
48457,0,2.7685,1,3,2
48459,1,1.1975,0,3,1
48461,0,2.7345,0,1,0
48463,4,4.1135,0,3,4
48465,4,1.8357999999999999,1,4,0
48467,0,1.5904,0,9,0
48469,1,1.4118,2,10,0
48471,1,1.5074,1,9,0
48473,3,1.0861,0,3,0
48475,0,0.8335,0,1,0
48477,0,1.6721,1,5,0
48479,4,1.0482,2,23,0
48481,2,2.6470000000000002,1,8,0
48483,0,3.9557,0,2,0
48485,8,2.42,2,22,0
48487,0,3.9157,1,4,0
48489,1,0.9364,0,1,0
48491,11,1.4563,4,71,0
48493,1,1.5665,1,5,1
48495,0,1.2484,0,1,0
48497,0,1.5718,1,10,0
48499,0,1.7567,0,8,0
48501,0,1.1477,0,1,0
48503,0,2.221,1,3,0
48505,1,1.4104999999999999,0,1,0
48507,3,3.3784,0,1,0
49001,0,1.4903,0,0,1
49003,3,1.9627,2,6,0
49005,3,1.5590000000000002,2,15,0
49007,4,4.3982,1,4,0
49009,0,0.0,0,0,0
49011,1,1.5191,2,51,0
49013,0,2.5078,1,4,0
49015,1,1.9976,0,1,0
49017,4,9.899000000000001,0,1,0
49019,0,2.0504,0,2,0
49021,2,1.8235000000000001,1,7,0
49023,0,0.8322,0,1,0
49025,0,1.2681,0,1,0
49027,1,3.0331,0,3,0
49029,0,2.4744,0,2,1
49031,0,0.0,0,0,0
49033,1,4.0274,0,0,0
49035,12,1.5511,10,158,0
49037,6,3.9195,0,0,0
49039,0,1.9393,0,6,0
49041,2,4.1628,1,5,1
49043,0,2.1355,1,8,0
49045,0,1.5223,1,10,0
49047,2,2.2388,1,5,0
49049,4,1.3831,5,79,0
49051,0,1.1733,0,4,0
49053,4,2.0838,1,32,0
49055,2,7.3774,0,0,0
49057,4,1.5756000000000001,2,35,0
50001,2,2.1753,0,6,0
50003,1,2.5374,1,7,0
50005,4,3.6675,0,7,0
50007,9,3.114,1,41,0
50009,4,6.4903,0,0,0
50011,6,3.2387,1,8,1
50013,2,4.1465,0,1,0
50015,5,4.3372,0,6,0
50017,17,7.2684,0,4,0
50019,1,2.2192,0,5,0
50021,7,3.7807,1,14,0
50023,8,4.109,1,15,0
50025,2,3.0789999999999997,1,10,0
50027,12,3.6323,0,8,0
51001,6,3.4039,1,4,0
51003,1,1.4635,1,14,0
51005,1,2.6917999999999997,1,2,0
51007,2,3.043,0,2,0
51009,4,2.5312,0,4,0
51011,0,2.5140000000000002,0,4,0
51013,2,1.7311,1,38,0
51015,0,0.5294,1,3,0
51017,0,2.4114,0,1,0
51019,2,1.2659,1,7,0
51021,2,4.7771,0,1,0
51023,0,0.5985,0,2,0
51025,1,1.2322,0,1,0
51027,4,6.1893,1,6,2
51029,1,0.5832,0,0,0
51031,1,1.0932,0,5,0
51033,2,1.3019,0,2,0
51035,1,1.3427,0,2,1
51036,1,1.4362,0,0,0
51037,1,2.5253,0,2,0
51041,1,1.7006999999999999,1,58,0
51043,0,0.684,0,1,0
51045,3,7.7958,0,1,0
51047,0,1.7109,1,8,0
51049,0,1.0068,0,1,0
51051,1,5.5874,0,7,0
51053,1,0.7007,0,1,0
51057,0,3.6519999999999997,1,3,0
51059,10,1.4553,4,153,0
51061,0,1.5445,1,10,0
51063,1,1.9049,0,2,0
51065,0,1.1001,0,3,0
51067,2,1.6059,1,6,0
51069,0,1.5675,0,14,0
51071,1,2.3923,0,3,0
51073,0,2.142,1,7,0
51075,0,0.421,0,1,0
51077,0,0.6431,0,1,0
51079,0,1.0091,0,2,0
51081,0,0.0,0,0,0
51083,1,2.0642,1,5,0
51085,0,2.227,1,23,0
51087,3,2.3276,2,72,0
51089,2,0.989,0,3,0
51091,2,13.6986,0,1,0
51093,0,1.3474,0,5,0
51095,0,2.6136,0,19,1
51097,0,0.0,0,0,0
51099,0,1.1179000000000001,0,3,0
51101,1,2.3326000000000002,0,3,0
51103,0,4.7156,0,5,0
51105,4,4.2693,0,5,1
51107,3,1.5718,2,60,0
51109,1,1.0641,0,3,0
51111,6,5.7396,0,1,0
51113,0,0.0,0,0,0
51115,1,2.2640000000000002,0,1,0
51117,1,2.2886,1,5,0
51119,0,0.945,0,1,0
51121,1,1.9282,2,16,0
51125,5,4.6885,0,2,0
51127,0,1.2992,0,3,0
51131,2,5.9778,0,5,0
51133,0,0.8268,0,1,0
51135,0,1.9695,0,3,0
51137,0,1.8893,0,7,0
51139,0,0.8368,0,2,0
51141,0,2.2717,0,3,1
51143,1,0.6628,0,3,0
51145,0,1.0117,0,3,0
51147,1,2.6313,1,4,0
51149,1,0.5215,0,1,0
51153,3,1.2544,2,54,0
51155,1,2.9388,1,8,0
51157,0,0.0,0,0,0
51159,0,1.1083,0,1,0
51161,0,1.5926,0,15,0
51163,1,0.8859999999999999,0,1,0
51165,1,1.0983,1,7,0
51167,1,4.1375,1,9,0
51169,2,3.2458,0,5,0
51171,0,1.3756,0,6,0
51173,3,4.6505,1,9,1
51175,2,1.1344,0,0,0
51177,0,1.3214000000000001,1,17,0
51179,0,1.5044,1,22,0
51181,1,1.5571000000000002,0,0,0
51183,2,1.7923,0,0,0
51185,2,4.9267,2,14,2
51187,0,1.7429000000000001,1,6,0
51191,3,3.9077,1,16,1
51193,1,1.6653,0,2,0
51195,1,4.0125,1,13,0
51197,0,2.4404,1,6,0
51199,0,1.3181,1,8,0
51510,4,2.0699,1,28,0
51520,2,4.7727,0,6,0
51530,1,4.6311,0,2,0
51540,3,3.1734999999999998,1,11,0
51550,1,2.0422,1,48,0
51570,0,6.3328,0,11,0
51580,0,5.4171,0,3,0
51590,3,4.7448,1,15,0
51595,1,7.4822,1,2,0
51600,0,4.996,0,12,0
51610,0,5.4731,0,8,0
51620,1,7.5311,1,4,0
51630,1,3.444,1,8,0
51640,0,7.8777,1,4,0
51650,1,1.7099,1,21,0
51660,2,3.2066,0,15,0
51670,0,2.2194,1,4,0
51678,0,5.372000000000001,0,4,0
51680,7,3.6511,1,22,0
51683,1,2.9208,1,10,0
51685,0,0.0,0,0,0
51690,2,7.169,1,6,0
51700,5,1.8971,2,27,0
51710,4,1.6066,3,32,0
51720,0,10.0477,1,3,0
51730,3,3.5092,1,7,0
51735,0,0.8149,0,1,0
51740,1,1.8009,1,15,0
51750,0,2.7399,0,5,0
51760,12,2.083,3,33,0
51770,3,2.5216,1,21,0
51775,0,3.5572,1,8,0
51790,0,2.4065,0,6,0
51800,2,1.8457,1,14,0
51810,3,1.7557,2,74,0
51820,0,3.5351,0,8,0
51830,0,0.6687,1,0,0
51840,2,4.63,1,10,0
53001,2,1.5013,0,1,0
53003,1,2.657,0,5,0
53005,8,2.1527,2,31,3
53007,15,3.3679,2,9,0
53009,3,2.3277,1,14,0
53011,14,1.4952,2,57,0
53013,0,0.0,0,0,0
53015,8,2.0797,1,14,0
53017,7,2.9934,0,5,1
53019,2,2.6223,0,0,0
53021,6,1.6803,0,10,0
53023,0,0.0,0,0,0
53025,7,2.251,1,13,1
53027,3,1.8651,1,9,1
53029,2,1.2919999999999998,0,8,1
53031,0,1.5518,0,5,0
53033,110,1.8777,16,296,1
53035,13,1.8786,1,37,0
53037,3,2.9206,0,10,1
53039,0,1.3378,0,2,1
53041,9,3.2215,1,10,6
53043,0,1.8283,0,2,0
53045,3,1.7973,0,9,0
53047,8,3.5509,0,7,0
53049,2,2.2251,0,3,0
53051,1,3.6433,0,3,1
53053,22,1.5470000000000002,5,113,0
53055,0,2.2751,0,2,2
53057,6,2.0897,2,19,0
53059,0,0.8276,0,1,0
53061,17,1.7151999999999998,4,120,0
53063,17,2.0849,4,88,0
53065,9,3.4993,0,6,1
53067,11,1.7898,2,39,0
53069,1,4.4563,0,1,0
53071,1,1.975,2,8,1
53073,10,1.8757000000000001,1,31,1
53075,1,1.5967,0,6,1
53077,28,2.5511,3,33,0
54001,4,4.2576,0,3,0
54003,2,1.7622,1,18,0
54005,6,5.5926,0,6,0
54007,10,10.0308,0,3,1
54009,2,3.6465,1,5,0
54011,18,4.6767,2,23,0
54013,5,9.8467,0,2,0
54015,9,12.929,0,2,0
54017,3,4.7348,0,1,0
54019,18,7.3103,0,13,0
54021,4,7.6697,0,2,0
54023,4,6.0512,0,2,1
54025,18,9.809,1,13,2
54027,3,3.452,0,4,1
54029,7,6.2478,0,11,0
54031,9,8.7108,0,3,0
54033,27,7.1369,1,19,1
54035,3,3.4994,0,6,1
54037,1,2.0999,0,10,1
54039,25,4.5474,4,52,0
54041,8,7.5438,1,3,0
54043,8,5.8798,0,4,0
54045,8,5.6217,1,8,1
54047,5,5.6741,0,4,1
54049,10,3.3885,1,7,1
54051,0,2.2928,1,6,0
54053,2,2.2628,1,3,0
54055,9,4.0846,2,11,2
54057,0,1.8609,0,5,0
54059,9,5.5499,1,2,1
54061,1,2.4618,2,23,0
54063,7,6.7797,0,1,1
54065,2,2.2366,0,2,0
54067,10,7.3481,0,7,1
54069,1,2.8978,2,9,0
54071,7,11.4794,0,1,0
54073,1,4.0214,0,2,0
54075,9,12.1256,0,1,0
54077,3,2.3929,0,5,0
54079,13,4.4287,0,12,0
54081,24,7.2245,2,26,1
54083,13,7.3183,1,7,0
54085,2,3.14,0,1,0
54087,1,2.9223,0,3,0
54089,6,6.3628,0,2,0
54091,2,2.9949,0,3,0
54093,4,8.7732,0,2,0
54095,0,2.3280000000000003,0,2,0
54097,12,7.0318,0,5,0
54099,7,3.5531,0,7,0
54101,3,6.1622,0,2,0
54103,1,3.9827,1,4,0
54105,2,3.4358,0,0,0
54107,5,2.8736,1,18,0
54109,2,2.9419999999999997,0,3,1
55001,1,0.4946,0,0,0
55003,5,5.1407,0,3,0
55005,9,3.3154,1,5,0
55007,4,3.3254,0,1,0
55009,11,1.8145,4,33,0
55011,0,0.7674,0,1,0
55013,0,1.2974999999999999,0,2,0
55015,0,0.5989,0,3,0
55017,5,1.7013,1,5,0
55019,1,0.5751,0,1,0
55021,0,2.0858,1,11,0
55023,0,1.8598,0,3,0
55025,5,1.6644999999999999,3,83,0
55027,1,1.3660999999999999,2,9,0
55029,0,2.8914,0,6,2
55031,13,4.1715,0,5,0
55033,2,1.5429,0,5,0
55035,2,1.3378,3,9,0
55037,0,0.0,0,0,0
55039,0,1.4506000000000001,1,14,0
55041,3,4.4425,0,1,0
55043,0,1.7496,0,9,0
55045,0,2.1645,1,7,0
55047,0,1.0575,0,2,0
55049,1,1.6893,0,3,0
55051,2,5.2752,0,1,0
55053,1,0.9689,0,1,0
55055,0,1.5335999999999999,1,12,0
55057,1,1.1241,1,1,0
55059,5,1.8283,2,24,0
55061,0,1.9575,0,3,1
55063,2,1.3557000000000001,2,12,0
55065,0,0.6001,0,1,0
55067,3,3.6479,0,4,0
55069,1,1.8121,0,4,0
55071,1,1.646,2,10,0
55073,2,1.2528000000000001,2,13,0
55075,0,1.9827,1,7,0
55077,0,1.2842,0,2,0
55078,0,0.0,0,0,0
55079,30,2.1571,9,164,1
55081,5,2.8106,0,8,0
55083,4,2.3728,0,4,1
55085,2,3.3713,2,8,0
55087,3,1.8628,2,30,0
55089,0,2.3537,2,19,0
55091,0,2.7446,0,2,0
55093,0,0.9356,0,4,0
55095,3,1.8272,0,5,0
55097,1,1.5543,1,9,0
55099,4,5.2431,0,3,0
55101,0,1.5282,2,28,0
55103,0,1.1593,0,2,0
55105,1,1.7141,3,24,0
55107,2,2.116,0,1,0
55109,0,1.3232,0,12,0
55111,0,1.7069999999999999,2,9,0
55113,4,5.4354,0,5,0
55115,0,0.978,0,4,0
55117,18,3.2079,2,17,0
55119,1,0.9831,0,1,0
55121,1,1.3491,0,3,0
55123,6,2.92,0,3,0
55125,1,2.7033,0,5,0
55127,0,1.4441,1,14,0
55129,4,3.1807,0,1,0
55131,0,1.9113,2,24,0
55133,1,1.9792,4,75,0
55135,1,1.1767,0,5,0
55137,1,1.6364999999999998,0,3,0
55139,1,1.6288,3,24,0
55141,3,1.9178,2,9,0
56001,1,2.0576,1,5,1
56003,1,2.5445,0,1,1
56005,0,1.9421,1,7,1
56007,0,1.3514,0,2,0
56009,0,2.1705,0,2,1
56011,0,0.0,0,0,0
56013,3,3.0565,1,8,0
56015,0,0.7569,0,1,0
56017,0,2.266,0,1,0
56019,0,2.3683,0,2,0
56021,3,1.8090000000000002,1,14,0
56023,0,3.0257,0,6,0
56025,4,2.5044,2,14,0
56027,0,0.0,0,0,0
56029,3,2.7403,0,5,0
56031,0,2.3829000000000002,0,2,0
56033,0,1.9682,1,5,0
56035,0,1.0172,0,1,0
56037,1,2.1255,1,6,1
56039,0,2.1309,1,4,0
56041,1,3.4609,1,5,0
56043,0,1.2812000000000001,0,1,0
56045,0,2.8872999999999998,0,2,0
