GEOID,Rate_poor_fair_health,provcount_b,provcount_c,injury_deaths_per_100000
01001,0.228,10,9,73.3
01003,0.127,20,13,74.5
01005,0.23399999999999999,13,9,56.1
01007,0.179,7,6,80.8
01009,0.242,12,11,91.9
01011,0.23,5,5,85.4
01013,0.19899999999999998,11,9,82.9
01015,0.22699999999999998,16,10,77.9
01017,0.385,9,9,78.3
01019,0.242,9,10,82.6
01021,0.205,12,8,83.9
01023,0.316,9,8,99.7
01025,0.218,13,9,76.0
01027,0.28600000000000003,7,6,66.3
01029,0.2,7,6,82.0
01031,0.184,10,9,60.1
01033,0.259,12,9,70.9
01035,0.183,12,8,101.6
01037,0.258,11,10,99.8
01039,0.25,14,10,70.9
01041,0.203,9,9,81.6
01043,0.214,15,11,74.6
01045,0.212,10,7,61.1
01047,0.252,12,8,80.7
01049,0.204,11,8,88.0
01051,0.16699999999999998,17,13,71.1
01053,0.281,15,9,103.4
01055,0.22699999999999998,13,10,73.8
01057,0.318,9,7,113.6
01059,0.24,10,8,114.3
01061,0.28300000000000003,12,9,83.0
01063,0.271,6,6,72.7
01065,0.21100000000000002,9,8,78.6
01067,0.184,8,8,83.4
01069,0.207,17,11,64.5
01071,0.28,9,8,89.3
01073,0.17800000000000002,25,15,78.1
01075,0.285,8,7,88.1
01077,0.192,15,11,70.0
01079,0.235,7,7,111.2
01081,0.175,15,11,46.3
01083,0.207,15,10,65.1
01085,0.358,9,8,90.1
01087,0.247,9,8,93.4
01089,0.141,21,13,56.5
01091,0.264,13,9,66.0
01093,0.237,10,7,106.3
01095,0.212,16,13,72.4
01097,0.226,17,11,80.3
01099,0.257,8,6,81.7
01101,0.21,21,11,56.5
01103,0.149,18,12,77.0
01105,0.272,7,4,81.8
01107,0.26,10,9,83.4
01109,0.23800000000000002,12,9,73.9
01111,0.223,11,7,92.0
01113,0.213,11,7,89.2
01115,0.193,14,12,89.6
01117,0.12300000000000001,19,13,62.8
01119,0.27699999999999997,7,6,65.9
01121,0.299,16,10,75.9
01123,0.265,14,10,71.2
01125,0.17600000000000002,16,12,68.5
01127,0.35,10,9,142.6
01129,0.21100000000000002,8,6,90.8
01131,0.305,8,8,105.8
01133,0.21100000000000002,9,9,114.5
02013,0.17,4,2,
02016,0.122,5,4,47.2
02020,0.125,12,6,68.7
02050,0.21100000000000002,4,3,157.3
02060,0.16699999999999998,4,2,198.6
02068,0.065,6,3,
02070,0.121,5,4,192.6
02090,0.11,9,5,60.6
02100,0.11800000000000001,4,2,80.0
02105,,4,4,
02110,0.115,7,4,65.2
02122,0.13699999999999998,9,8,97.1
02130,0.14400000000000002,4,3,83.0
02150,0.132,5,4,62.8
02164,,5,4,159.1
02170,0.133,8,5,79.9
02180,0.16399999999999998,4,3,194.5
02185,0.2,4,3,92.4
02188,0.188,4,3,168.4
02195,,4,4,
02198,,4,3,
02220,0.11,4,3,103.2
02230,,4,2,
02240,0.154,5,4,59.7
02261,0.172,6,5,72.8
02270,0.25,3,2,219.6
02275,0.132,4,3,
02282,,3,1,
02290,0.19399999999999998,8,7,245.6
04001,0.203,10,7,170.4
04003,0.187,19,11,77.3
04005,0.128,22,14,94.3
04007,0.214,17,10,106.4
04009,0.19,11,7,74.2
04011,0.17600000000000002,8,6,92.9
04012,0.22,12,8,112.5
04013,0.147,50,31,66.3
04015,0.203,18,13,104.2
04017,0.175,16,10,132.6
04019,0.14400000000000002,28,19,73.8
04021,0.17,29,21,63.7
04023,0.17800000000000002,14,8,48.8
04025,0.177,27,19,104.2
04027,0.226,20,11,51.9
05001,0.287,7,5,93.5
05003,0.252,8,7,100.8
05005,0.175,7,7,98.9
05007,0.125,18,10,60.0
05009,0.168,12,9,79.4
05011,0.18600000000000003,8,6,73.0
05013,0.217,5,4,82.2
05015,0.17800000000000002,12,11,110.6
05017,0.249,8,7,101.9
05019,0.21899999999999997,11,9,86.8
05021,0.284,9,9,80.1
05023,0.24100000000000002,13,13,95.2
05025,0.215,7,7,69.1
05027,0.24,11,7,84.7
05029,0.22699999999999998,9,10,116.9
05031,0.17600000000000002,12,10,71.6
05033,0.2,12,10,75.9
05035,0.20800000000000002,11,8,62.0
05037,0.21,12,10,89.4
05039,0.233,6,4,78.7
05041,0.209,6,6,97.4
05043,0.193,11,8,69.0
05045,0.17300000000000001,17,14,61.0
05047,0.257,9,7,99.3
05049,0.235,7,9,91.1
05051,0.187,12,9,114.4
05053,0.242,12,10,86.2
05055,0.14300000000000002,11,12,89.1
05057,0.3,11,9,87.8
05059,0.28,12,10,92.9
05061,0.18899999999999997,11,9,81.2
05063,0.21899999999999997,10,11,91.4
05065,0.285,6,7,104.5
05067,0.292,11,10,98.5
05069,0.177,12,10,78.8
05071,0.253,6,5,86.9
05073,0.122,7,6,136.6
05075,0.249,12,10,83.3
05077,0.304,8,8,111.1
05079,0.275,6,7,60.9
05081,0.171,9,7,91.7
05083,0.20199999999999999,7,6,94.9
05085,0.16899999999999998,13,11,73.0
05087,0.21600000000000003,7,8,93.1
05089,0.142,8,8,89.8
05091,0.248,10,8,69.5
05093,0.257,10,8,83.7
05095,0.275,7,7,129.9
05097,0.2,7,7,103.5
05099,0.36,7,6,79.9
05101,0.188,7,8,89.3
05103,0.231,11,8,85.6
05105,0.315,7,8,74.9
05107,0.228,8,8,104.3
05109,0.22,7,7,69.2
05111,0.25,9,8,100.3
05113,0.235,12,10,106.1
05115,0.182,12,8,74.5
05117,0.16899999999999998,6,5,92.3
05119,0.152,22,13,74.0
05121,0.247,7,7,96.7
05123,0.183,9,8,80.4
05125,0.174,14,10,59.5
05127,0.183,8,8,82.4
05129,0.205,7,8,95.8
05131,0.187,15,10,64.1
05133,0.266,7,6,73.0
05135,0.34299999999999997,7,8,93.7
05137,0.254,9,8,86.6
05139,0.23,11,8,91.3
05141,0.231,9,10,98.8
05143,0.171,13,10,49.0
05145,0.171,16,14,73.3
05147,0.27399999999999997,7,5,96.3
05149,0.225,9,8,90.7
06001,0.145,34,14,42.4
06003,,10,6,
06005,0.175,12,7,93.4
06007,0.17300000000000001,13,8,90.9
06009,0.214,12,9,92.3
06011,,10,8,55.3
06013,0.138,22,13,47.5
06015,0.159,8,5,96.7
06017,0.09699999999999999,20,14,67.4
06019,0.23399999999999999,25,11,53.3
06021,0.28300000000000003,10,9,62.0
06023,0.12,13,8,102.7
06025,0.29,16,9,41.8
06027,,9,6,85.5
06029,0.237,23,13,61.1
06031,0.26899999999999996,10,5,46.7
06033,0.204,11,6,128.0
06035,0.182,12,9,84.3
06037,0.22399999999999998,51,31,36.9
06039,0.311,16,12,60.5
06041,0.09699999999999999,19,13,52.0
06043,0.165,10,7,95.6
06045,0.16,13,8,88.6
06047,0.23,15,10,59.7
06049,,12,9,119.4
06051,,9,5,35.3
06053,0.24,24,17,50.0
06055,0.16699999999999998,15,7,50.1
06057,0.092,11,8,73.7
06059,0.145,37,18,36.1
06061,0.087,22,17,47.3
06063,,10,7,87.2
06065,0.195,35,23,47.0
06067,0.139,38,23,55.7
06069,0.18100000000000002,11,8,41.5
06071,0.19399999999999998,33,20,42.5
06073,0.16,38,23,47.4
06075,0.16399999999999998,30,14,58.7
06077,0.22,26,16,61.4
06079,0.11599999999999999,16,11,57.5
06081,0.12,32,20,37.7
06083,0.21,19,10,45.6
06085,0.135,38,23,36.8
06087,0.168,21,16,53.3
06089,0.158,20,13,96.4
06091,,7,5,81.2
06093,0.195,15,10,109.8
06095,0.174,24,14,50.8
06097,0.14400000000000002,19,11,49.9
06099,0.223,18,11,56.3
06101,0.19,12,8,64.3
06103,0.243,14,12,80.7
06105,0.16699999999999998,10,8,118.3
06107,0.248,17,11,50.3
06109,0.132,12,7,90.4
06111,0.163,21,11,43.9
06113,0.16699999999999998,23,14,39.5
06115,0.223,10,7,77.0
08001,0.166,32,20,62.9
08003,0.153,16,11,84.7
08005,0.12,32,19,59.1
08007,0.14400000000000002,11,7,72.6
08009,0.132,9,7,153.4
08011,0.154,8,5,64.7
08013,0.091,30,19,63.4
08014,0.092,20,12,49.7
08015,0.094,13,12,82.9
08017,0.111,8,6,150.4
08019,0.073,12,8,68.5
08021,0.265,6,5,114.2
08023,0.221,8,6,163.0
08025,,8,6,62.8
08027,0.081,7,7,80.9
08029,0.16399999999999998,14,9,97.6
08031,0.16399999999999998,38,23,84.4
08033,0.08900000000000001,7,5,166.1
08035,0.067,29,19,36.2
08037,0.154,13,8,41.6
08039,0.071,21,16,64.2
08041,0.12,31,22,69.1
08043,0.127,17,12,97.9
08045,0.165,18,9,75.8
08047,,9,6,41.1
08049,,11,9,54.7
08051,0.07,13,9,56.0
08053,,7,6,
08055,0.297,12,8,133.4
08057,,4,3,
08059,0.1,24,20,67.9
08061,,8,7,141.9
08063,0.215,16,11,85.3
08065,0.191,10,6,100.1
08067,0.085,17,10,77.4
08069,0.10300000000000001,26,20,56.8
08071,0.201,13,7,120.7
08073,,14,9,113.7
08075,0.149,19,13,61.3
08077,0.141,19,11,88.0
08079,,6,5,
08081,0.161,15,9,94.5
08083,0.14800000000000002,14,8,102.3
08085,0.13699999999999998,18,10,103.8
08087,0.23600000000000002,19,11,78.2
08089,0.2,10,8,90.6
08091,,9,5,67.8
08093,0.128,12,9,73.0
08095,,13,9,95.8
08097,,13,7,60.0
08099,0.22,10,8,87.7
08101,0.17300000000000001,23,14,87.2
08103,0.162,12,5,110.1
08105,0.235,16,10,119.1
08107,0.057999999999999996,15,9,80.4
08109,0.21,14,11,84.0
08111,,5,4,
08113,,14,10,61.9
08115,0.13,14,10,134.0
08117,,12,10,44.7
08119,0.08,13,7,70.0
08121,0.121,14,9,66.8
08123,0.154,29,21,60.1
08125,0.128,17,12,71.8
09001,0.1,27,13,44.5
09003,0.109,27,8,54.6
09005,0.092,19,7,55.5
09007,0.094,16,7,55.3
09009,0.124,24,11,56.4
09011,0.107,19,9,54.4
09013,0.09300000000000001,15,8,42.1
09015,0.122,12,7,54.7
10001,0.147,14,8,57.2
10003,0.11,22,11,57.0
10005,0.146,15,8,69.3
11001,0.122,33,12,59.5
12001,0.146,15,9,59.1
12003,0.289,9,5,76.9
12005,0.171,15,9,77.7
12007,0.147,11,6,101.6
12009,0.14,16,10,82.6
12011,0.13699999999999998,26,15,59.2
12013,0.358,8,5,75.2
12015,0.20199999999999999,12,6,61.5
12017,0.17300000000000001,12,7,109.1
12019,0.125,15,8,63.1
12021,0.168,14,8,74.8
12023,0.22,10,5,104.5
12027,0.162,11,6,64.6
12029,0.306,6,4,128.6
12031,0.16899999999999998,24,13,74.3
12033,0.198,17,12,68.8
12035,0.156,10,4,64.6
12037,0.223,7,4,83.0
12039,0.205,10,8,75.1
12041,0.174,7,4,104.3
12043,0.187,8,5,85.6
12045,0.182,8,4,90.9
12047,0.263,6,4,85.3
12049,0.19399999999999998,10,5,63.6
12051,0.228,10,4,82.5
12053,0.21600000000000003,13,10,112.4
12055,0.218,12,6,75.5
12057,0.166,27,13,69.7
12059,0.24,7,5,103.1
12061,0.187,12,5,85.7
12063,0.196,12,8,76.1
12065,0.22,7,4,95.9
12067,0.231,5,4,85.0
12069,0.153,16,11,86.9
12071,0.135,16,9,79.1
12073,0.099,18,7,49.2
12075,0.2,10,6,112.0
12077,0.14300000000000002,5,3,64.9
12079,0.184,9,5,82.4
12081,0.157,15,10,76.8
12083,0.192,19,12,96.8
12085,0.147,12,10,78.2
12086,0.163,36,17,46.1
12087,0.099,10,5,109.5
12089,0.146,9,6,84.6
12091,0.18,18,9,66.5
12093,0.243,10,4,92.7
12095,0.153,33,18,52.8
12097,0.19699999999999998,15,10,48.1
12099,0.124,25,17,68.3
12101,0.188,14,13,95.5
12103,0.139,16,10,93.7
12105,0.20600000000000002,16,11,69.1
12107,0.272,10,6,99.7
12109,0.11599999999999999,15,8,58.2
12111,0.177,14,9,68.8
12113,0.121,17,11,65.3
12115,0.121,15,10,80.5
12117,0.129,18,9,51.6
12119,0.14800000000000002,11,5,80.4
12121,0.23,8,4,99.4
12123,0.24,9,5,82.4
12125,0.215,5,4,73.8
12127,0.209,18,11,85.2
12129,0.187,9,6,78.8
12131,0.203,18,11,83.5
12133,0.349,12,8,106.3
13001,0.239,10,7,104.1
13003,0.29600000000000004,6,7,86.1
13005,0.132,6,5,102.5
13007,,3,4,
13009,0.29,12,7,43.2
13011,0.16,10,8,87.8
13013,0.17800000000000002,10,7,70.9
13015,0.191,15,7,70.3
13017,0.276,9,6,61.3
13019,0.298,8,7,65.9
13021,0.161,14,11,72.4
13023,0.205,8,7,87.3
13025,0.242,6,6,91.1
13027,0.185,9,7,56.0
13029,0.106,12,7,52.9
13031,0.19699999999999998,19,12,52.6
13033,0.225,12,7,88.7
13035,,11,6,92.2
13037,,5,6,33.3
13039,0.13,12,8,56.7
13043,0.196,7,5,72.8
13045,0.191,14,8,73.3
13047,0.19699999999999998,16,13,60.2
13049,0.182,9,7,63.9
13051,0.159,16,10,65.8
13053,,9,7,48.6
13055,0.22699999999999998,12,9,92.7
13057,0.113,18,12,45.8
13059,0.151,13,8,45.3
13061,,6,5,101.0
13063,0.16899999999999998,16,9,45.6
13065,0.207,7,5,67.6
13067,0.099,28,11,46.3
13069,0.212,12,8,79.1
13071,0.184,11,7,79.6
13073,0.121,13,7,47.4
13075,0.218,9,7,66.7
13077,0.172,14,8,48.3
13079,0.18100000000000002,6,7,64.6
13081,0.28600000000000003,12,8,64.7
13083,0.168,11,9,83.1
13085,,11,8,81.6
13087,0.203,11,9,78.4
13089,0.11599999999999999,22,8,47.1
13091,0.23399999999999999,10,8,68.5
13093,0.155,9,8,42.6
13095,0.188,13,6,50.5
13097,0.163,17,9,50.3
13099,0.278,7,6,78.5
13101,,4,4,74.6
13103,0.163,9,7,58.7
13105,0.235,12,8,89.5
13107,0.21100000000000002,9,7,86.8
13109,0.27,9,6,62.1
13111,0.24600000000000002,10,8,89.9
13113,0.087,17,9,42.6
13115,0.21600000000000003,15,8,76.1
13117,0.066,12,9,39.0
13119,0.149,12,8,99.8
13121,0.111,41,19,56.0
13123,0.19699999999999998,11,6,73.7
13125,,5,5,123.5
13127,0.127,15,10,70.4
13129,0.184,15,8,70.6
13131,0.28800000000000003,11,9,70.2
13133,0.192,8,8,63.8
13135,0.114,27,10,37.0
13137,0.171,12,6,70.6
13139,0.146,17,8,54.5
13141,,9,8,65.8
13143,0.195,11,6,111.0
13145,0.129,14,11,61.0
13147,,11,8,77.6
13149,,9,6,108.9
13151,0.124,14,7,54.9
13153,0.11800000000000001,14,9,52.5
13155,0.15,6,6,70.6
13157,0.19,12,8,72.6
13159,,10,7,75.3
13161,0.23199999999999998,8,6,93.5
13163,0.195,13,8,69.0
13165,,8,7,89.7
13167,0.259,9,7,48.0
13169,0.17300000000000001,10,9,59.4
13171,,11,8,69.4
13173,0.218,7,6,49.7
13175,0.198,13,10,80.8
13177,0.107,10,8,53.5
13179,0.212,10,5,58.9
13181,0.12,7,4,85.4
13183,0.16,6,6,47.1
13185,0.188,13,10,50.0
13187,0.10300000000000001,10,6,65.6
13189,0.239,12,7,87.3
13191,0.244,7,5,63.8
13193,0.2,8,8,59.1
13195,0.24,8,7,93.0
13197,0.332,6,5,62.6
13199,0.212,11,8,76.4
13201,0.09699999999999999,6,6,85.2
13205,0.16,8,7,59.6
13207,,10,9,66.7
13209,,10,9,70.6
13211,0.121,10,5,65.9
13213,0.293,11,9,81.7
13215,0.171,15,9,63.7
13217,0.162,15,8,58.8
13219,0.128,11,7,43.3
13221,0.11800000000000001,7,8,73.3
13223,0.17,15,6,54.9
13225,0.258,14,9,81.3
13227,0.13699999999999998,12,8,85.6
13229,0.23600000000000002,7,6,80.5
13231,0.138,10,8,80.0
13233,0.252,14,6,76.5
13235,0.153,8,6,50.8
13237,0.23199999999999998,13,9,79.2
13239,,6,6,
13241,0.127,9,5,99.4
13243,,6,5,73.7
13245,0.17,16,7,76.2
13247,0.139,14,9,56.7
13249,,7,7,76.6
13251,0.15,7,5,74.1
13253,0.201,5,5,104.4
13255,0.217,12,7,75.1
13257,0.192,13,7,102.2
13259,,6,7,70.5
13261,0.149,11,8,46.1
13263,0.177,8,7,120.9
13265,,5,5,
13267,0.192,9,8,82.1
13269,0.207,6,4,61.9
13271,0.287,9,7,59.0
13273,,6,5,53.3
13275,0.188,13,9,54.1
13277,0.154,12,8,59.3
13279,0.198,12,8,87.2
13281,,8,5,118.1
13283,0.18100000000000002,9,8,64.3
13285,0.149,15,8,68.8
13287,0.203,6,6,83.8
13289,0.33799999999999997,11,8,86.8
13291,0.134,10,7,93.8
13293,0.14400000000000002,10,7,65.7
13295,0.26,18,13,72.4
13297,0.135,12,7,67.8
13299,0.171,12,8,78.0
13301,0.363,7,5,69.0
13303,0.21899999999999997,12,8,56.8
13305,0.275,11,7,89.5
13307,,5,6,
13309,0.282,8,7,77.5
13311,0.171,8,4,76.7
13313,0.235,15,10,55.2
13315,0.255,5,4,100.4
13317,,8,4,69.1
13319,0.23,9,6,66.8
13321,0.349,9,8,47.8
15001,0.149,12,6,67.4
15003,0.135,13,5,46.7
15005,,4,3,
15007,0.157,11,5,59.3
15009,0.136,12,6,62.9
16001,0.12,25,13,48.9
16003,0.193,7,7,90.5
16005,0.147,16,11,76.8
16007,0.158,8,7,126.9
16009,0.21899999999999997,12,11,92.9
16011,0.16699999999999998,15,11,66.7
16013,0.092,13,11,68.4
16015,0.152,10,8,71.3
16017,0.15,18,12,74.0
16019,0.14,17,14,72.4
16021,0.134,11,8,103.3
16023,0.205,6,7,113.2
16025,,5,4,
16027,0.174,17,13,52.8
16029,0.139,8,7,107.7
16031,0.155,14,12,86.8
16033,,6,5,
16035,0.19899999999999998,9,8,87.2
16037,0.11599999999999999,8,8,119.8
16039,0.147,12,9,57.8
16041,0.138,10,7,56.5
16043,0.15,11,11,65.5
16045,0.183,9,7,88.3
16047,0.217,9,9,62.6
16049,0.21,11,10,107.3
16051,0.162,11,10,57.1
16053,0.188,11,9,71.3
16055,0.127,20,13,67.9
16057,0.115,14,10,56.3
16059,,7,6,147.1
16061,0.142,7,7,94.2
16063,0.146,10,9,73.5
16065,0.106,15,12,29.5
16067,0.21600000000000003,9,8,78.4
16069,0.152,13,10,100.4
16071,0.107,8,6,89.8
16073,0.198,9,10,74.8
16075,0.17600000000000002,12,9,61.9
16077,0.191,11,9,75.2
16079,0.22399999999999998,9,7,124.9
16081,0.132,7,6,81.9
16083,0.14,17,11,81.5
16085,0.152,7,6,85.6
16087,0.188,11,8,86.6
17001,0.19,12,8,61.4
17003,,9,7,66.2
17005,0.215,11,12,66.4
17007,,17,15,45.8
17009,,8,7,34.7
17011,0.183,12,9,69.5
17013,,8,8,82.9
17015,0.076,12,10,84.8
17017,,12,13,72.2
17019,0.1,22,17,45.6
17021,,15,14,66.6
17023,,12,11,84.4
17025,,13,12,104.2
17027,0.131,14,10,53.5
17029,0.08800000000000001,17,11,52.5
17031,0.16699999999999998,54,30,46.5
17033,0.215,17,12,70.7
17035,,12,11,76.0
17037,0.132,19,15,37.2
17039,,12,8,65.2
17041,,14,12,54.2
17043,0.11699999999999999,34,20,32.2
17045,0.156,15,15,70.2
17047,,12,11,116.7
17049,0.11,17,13,71.2
17051,,14,13,67.0
17053,,15,15,69.8
17055,0.215,16,13,91.6
17057,0.141,21,18,68.7
17059,,14,12,100.1
17061,,10,10,75.2
17063,0.13699999999999998,17,14,62.6
17065,,12,10,52.2
17067,0.139,10,10,54.6
17069,,6,4,120.4
17071,,11,11,71.5
17073,,17,16,61.1
17075,,18,18,70.0
17077,0.21,17,13,53.0
17079,,13,12,61.8
17081,0.20199999999999999,17,12,73.5
17083,0.10300000000000001,12,11,59.2
17085,,12,10,65.3
17087,,10,9,50.6
17089,0.122,26,20,33.0
17091,0.18,20,15,54.6
17093,0.106,16,10,33.5
17095,0.14800000000000002,27,17,70.5
17097,0.135,28,18,38.2
17099,0.154,23,18,70.5
17101,,13,9,85.8
17103,,14,11,64.2
17105,0.142,17,15,77.6
17107,0.166,16,16,54.9
17109,0.105,18,15,44.2
17111,0.126,24,19,42.2
17113,0.134,24,17,44.9
17115,0.188,19,14,51.5
17117,,17,15,63.8
17119,0.149,26,23,78.9
17121,0.191,16,12,74.6
17123,,11,9,68.4
17125,,15,12,84.7
17127,0.325,12,8,93.6
17129,0.135,12,12,50.3
17131,,17,16,58.5
17133,0.163,12,10,53.3
17135,0.177,18,12,73.3
17137,0.125,14,11,78.2
17139,,12,11,64.7
17141,0.172,16,12,60.0
17143,0.09699999999999999,29,21,62.1
17145,,13,12,57.4
17147,0.121,11,10,50.4
17149,0.067,9,7,70.5
17151,,9,7,100.3
17153,,11,7,78.5
17155,,9,8,83.8
17157,0.11599999999999999,14,12,88.1
17159,0.08800000000000001,14,11,72.9
17161,0.171,19,14,51.0
17163,0.156,21,16,70.2
17165,0.157,17,12,84.1
17167,0.188,25,17,68.4
17169,,9,9,69.3
17171,,11,9,75.0
17173,0.09300000000000001,13,11,65.4
17175,,9,7,84.0
17177,,15,11,63.1
17179,0.11,24,22,53.6
17181,,12,10,62.9
17183,0.183,18,17,71.9
17185,,13,11,88.8
17187,,16,13,66.6
17189,0.26899999999999996,14,13,68.1
17191,0.138,13,11,56.2
17193,,14,11,84.3
17195,0.14,16,12,54.4
17197,0.126,25,20,39.0
17199,0.228,14,9,74.5
17201,0.146,23,17,68.0
17203,0.079,17,15,50.1
18001,0.133,15,13,45.4
18003,0.131,22,14,56.3
18005,0.14800000000000002,19,14,56.7
18007,0.184,11,10,72.6
18009,0.26,11,12,80.1
18011,0.11,24,19,48.0
18013,0.08800000000000001,11,11,75.0
18015,0.203,17,18,57.7
18017,0.17,15,13,56.6
18019,0.18100000000000002,15,10,65.6
18021,0.16899999999999998,12,10,66.1
18023,0.151,18,15,63.9
18025,0.207,10,9,102.8
18027,0.24600000000000002,15,14,62.6
18029,0.109,15,12,75.3
18031,0.187,15,11,72.1
18033,0.134,13,10,59.7
18035,0.201,18,13,55.5
18037,0.12,14,9,50.5
18039,0.15,21,15,51.1
18041,0.26899999999999996,12,10,76.7
18043,0.18600000000000003,13,9,58.2
18045,0.145,15,14,80.1
18047,0.20800000000000002,13,10,68.3
18049,0.174,12,11,68.3
18051,0.185,14,11,76.6
18053,0.188,23,19,67.5
18055,0.172,13,13,83.7
18057,0.07200000000000001,31,22,31.2
18059,0.183,20,16,47.9
18061,0.133,14,8,71.6
18063,0.114,26,20,42.6
18065,0.19699999999999998,19,18,81.4
18067,0.195,18,14,77.7
18069,0.14400000000000002,15,15,62.4
18071,0.17300000000000001,20,15,62.3
18073,0.149,15,12,74.3
18075,0.203,13,12,63.7
18077,0.162,14,10,64.7
18079,0.195,14,11,88.1
18081,0.14300000000000002,21,15,47.6
18083,0.20199999999999999,16,14,70.8
18085,0.17800000000000002,18,15,59.2
18087,0.139,16,15,39.2
18089,0.175,26,19,56.8
18091,0.162,22,16,69.5
18093,0.21100000000000002,15,15,78.0
18095,0.17600000000000002,22,17,86.1
18097,0.17300000000000001,37,20,67.9
18099,0.11199999999999999,15,15,60.4
18101,0.212,11,10,67.9
18103,0.156,14,15,60.2
18105,0.14400000000000002,11,9,52.8
18107,0.157,17,15,76.9
18109,0.18,21,16,70.7
18111,0.23800000000000002,15,14,90.1
18113,0.14800000000000002,16,14,61.8
18115,0.22,8,7,65.6
18117,0.281,13,11,74.5
18119,0.16,10,10,73.2
18121,0.14800000000000002,14,12,75.2
18123,0.163,9,8,67.1
18125,0.218,10,9,62.3
18127,0.114,19,13,58.1
18129,0.15,14,13,65.8
18131,0.261,15,14,90.9
18133,0.127,15,13,52.6
18135,0.201,13,14,55.9
18137,0.17,10,9,67.6
18139,0.16,15,15,64.5
18141,0.14300000000000002,20,15,55.2
18143,0.263,13,8,118.1
18145,0.226,21,16,69.8
18147,0.159,10,9,67.8
18149,0.204,13,12,104.7
18151,0.133,13,12,52.2
18153,0.188,12,11,102.8
18155,0.244,10,9,78.0
18157,0.157,23,18,44.2
18159,0.14300000000000002,11,13,72.9
18161,0.154,10,9,59.0
18163,0.198,17,12,77.1
18165,0.153,11,11,70.2
18167,0.175,19,11,68.3
18169,0.16,16,16,86.5
18171,0.18899999999999997,9,13,63.7
18173,0.141,9,11,60.7
18175,0.214,12,10,91.6
18177,0.18,17,13,66.3
18179,0.141,16,14,52.0
18181,0.14,17,13,69.8
18183,0.114,14,11,54.2
19001,0.087,17,15,110.2
19003,,11,10,54.6
19005,0.159,12,11,74.2
19007,0.23,12,7,102.8
19009,0.086,12,10,82.2
19011,0.124,23,22,56.8
19013,0.122,38,31,47.5
19015,0.092,27,22,82.1
19017,0.083,21,19,41.2
19019,0.113,22,20,52.4
19021,0.13,27,21,55.4
19023,0.075,19,17,76.6
19025,0.121,20,18,75.9
19027,0.095,23,18,69.4
19029,0.095,22,16,89.4
19031,0.053,26,25,55.3
19033,0.111,25,17,69.9
19035,,19,15,74.9
19037,0.07200000000000001,20,17,59.6
19039,0.10400000000000001,9,7,66.7
19041,0.098,26,22,68.5
19043,0.114,18,15,65.3
19045,0.158,31,25,62.8
19047,0.153,16,13,55.0
19049,0.106,35,29,36.8
19051,0.129,13,11,68.8
19053,0.187,9,8,66.7
19055,0.062,16,14,73.4
19057,0.158,20,14,76.0
19059,0.121,25,19,57.2
19061,0.09699999999999999,28,20,50.3
19063,0.091,21,18,54.5
19065,0.10300000000000001,24,19,77.5
19067,0.102,15,12,58.0
19069,,18,14,67.5
19071,0.125,16,14,75.9
19073,,13,12,101.0
19075,0.114,15,12,54.7
19077,0.079,16,13,51.3
19079,0.073,21,17,67.8
19081,0.151,22,17,63.5
19083,0.177,25,19,74.3
19085,0.188,16,13,71.4
19087,0.094,17,12,55.4
19089,0.113,14,10,66.8
19091,,22,18,77.4
19093,,13,11,64.6
19095,0.184,23,18,62.5
19097,0.094,29,24,62.6
19099,0.166,25,18,72.3
19101,0.111,20,15,71.5
19103,0.076,43,35,39.1
19105,0.106,33,27,66.8
19107,0.134,19,18,59.1
19109,0.1,31,26,60.6
19111,0.154,20,14,80.5
19113,0.111,57,46,49.7
19115,0.214,15,14,83.8
19117,,9,7,78.5
19119,,14,11,63.7
19121,0.095,20,16,48.6
19123,0.12300000000000001,28,24,55.3
19125,0.092,26,22,54.5
19127,0.127,27,20,77.4
19129,0.129,17,15,70.5
19131,0.047,13,10,53.8
19133,,13,10,99.6
19135,0.138,11,8,72.7
19137,0.146,18,14,80.3
19139,0.11699999999999999,31,25,57.1
19141,0.065,23,19,62.9
19143,,18,16,56.0
19145,0.102,16,13,75.4
19147,,22,20,74.3
19149,0.077,20,19,51.4
19151,0.098,21,20,68.4
19153,0.10800000000000001,66,56,54.3
19155,0.124,31,22,61.7
19157,0.107,27,23,63.5
19159,0.11800000000000001,8,7,66.3
19161,0.122,15,13,60.1
19163,0.095,34,29,56.4
19165,0.08900000000000001,15,11,79.0
19167,0.095,24,19,36.1
19169,0.064,36,30,36.0
19171,0.115,20,18,77.7
19173,,18,15,72.9
19175,0.08800000000000001,15,11,75.0
19177,0.174,13,12,81.9
19179,0.153,22,18,69.4
19181,0.131,19,15,52.8
19183,0.10400000000000001,23,20,73.5
19185,0.166,7,6,116.3
19187,0.139,29,20,86.0
19189,,16,13,66.5
19191,0.053,21,17,37.1
19193,0.13699999999999998,32,25,55.9
19195,,14,10,89.7
19197,0.11599999999999999,17,12,84.9
20001,0.18899999999999997,10,10,89.8
20003,0.146,11,8,76.8
20005,0.122,10,9,75.9
20007,0.102,10,9,115.1
20009,0.16,12,9,81.9
20011,0.20600000000000002,9,9,77.0
20013,0.174,9,10,92.3
20015,0.10400000000000001,18,15,67.7
20017,,7,8,
20019,,7,8,109.6
20021,0.182,14,12,83.6
20023,0.045,8,8,117.3
20025,,7,5,
20027,0.099,7,7,95.9
20029,0.13,9,9,95.0
20031,0.10300000000000001,10,9,98.2
20033,,8,8,105.6
20035,0.15,14,11,75.5
20037,0.18100000000000002,15,13,68.5
20039,0.115,9,8,122.3
20041,0.141,11,10,69.8
20043,0.149,9,10,47.9
20045,0.11599999999999999,15,12,43.8
20047,0.11699999999999999,8,8,132.4
20049,0.175,6,7,126.0
20051,0.092,10,7,62.4
20053,,9,9,67.9
20055,0.16399999999999998,17,13,67.8
20057,0.161,10,8,68.8
20059,0.141,15,12,71.0
20061,0.17300000000000001,16,11,74.3
20063,,5,5,156.1
20065,0.08900000000000001,4,3,
20067,0.11,8,5,53.7
20069,0.127,6,6,63.6
20071,0.10300000000000001,6,5,
20073,0.207,11,10,99.0
20075,,7,6,135.3
20077,0.107,11,11,113.2
20079,0.11800000000000001,16,12,80.4
20081,0.109,7,6,85.2
20083,,6,5,
20085,0.128,10,10,77.7
20087,0.11199999999999999,12,12,77.8
20089,0.106,6,8,64.8
20091,0.08199999999999999,32,20,39.2
20093,,8,6,106.2
20095,0.142,12,11,99.1
20097,,8,7,119.9
20099,0.185,12,12,88.9
20101,,6,5,137.3
20103,0.109,19,13,54.3
20105,,8,8,74.0
20107,0.165,10,9,83.1
20109,0.107,7,6,86.8
20111,0.127,15,13,63.3
20113,0.08800000000000001,15,13,71.2
20115,0.126,14,14,89.1
20117,0.153,9,8,55.5
20119,0.114,7,6,57.8
20121,0.132,13,9,58.4
20123,0.092,9,7,97.4
20125,0.18100000000000002,15,13,88.7
20127,0.102,8,8,77.6
20129,,8,5,81.0
20131,0.11699999999999999,9,8,86.5
20133,0.191,15,13,80.0
20135,0.162,6,5,122.5
20137,,6,6,102.6
20139,0.17300000000000001,10,12,101.9
20141,0.08800000000000001,9,7,57.0
20143,0.10099999999999999,7,8,62.2
20145,0.136,8,5,103.8
20147,0.102,6,5,78.8
20149,0.08800000000000001,16,13,55.6
20151,0.122,12,11,90.9
20153,0.083,8,8,
20155,0.12300000000000001,21,16,85.2
20157,,9,10,76.4
20159,0.11599999999999999,12,13,89.3
20161,0.073,18,14,35.4
20163,0.139,6,6,88.4
20165,0.102,4,4,110.2
20167,0.127,8,7,109.8
20169,0.14400000000000002,14,12,67.0
20171,0.10400000000000001,9,7,135.6
20173,0.132,23,17,65.2
20175,0.191,14,10,65.2
20177,0.125,23,18,70.6
20179,,6,6,
20181,0.08,7,6,89.4
20183,0.05,7,7,109.3
20185,0.157,9,9,122.8
20187,,5,4,
20189,0.086,5,4,92.4
20191,0.154,13,12,92.5
20193,0.16399999999999998,8,6,84.1
20195,0.121,6,4,101.0
20197,0.087,8,10,90.8
20199,0.095,7,6,
20201,,7,9,68.9
20203,0.153,6,5,98.2
20205,0.23399999999999999,8,9,81.0
20207,0.19399999999999998,10,9,121.0
20209,0.213,15,10,74.9
21001,0.318,11,9,71.8
21003,0.217,11,9,89.0
21005,0.182,9,9,74.6
21007,0.242,10,6,75.1
21009,0.218,15,9,79.6
21011,0.255,9,9,130.3
21013,0.3,9,6,132.1
21015,0.12300000000000001,16,7,56.5
21017,0.156,11,9,91.0
21019,0.256,13,9,86.7
21021,0.128,13,9,84.4
21023,0.22699999999999998,6,7,94.3
21025,0.342,12,12,165.2
21027,0.248,12,10,93.6
21029,0.20800000000000002,12,9,56.8
21031,0.212,12,11,112.9
21033,0.171,13,10,94.0
21035,0.168,14,9,76.4
21037,0.165,14,7,74.2
21039,,7,6,110.3
21041,0.335,11,7,101.3
21043,0.312,12,9,109.3
21045,0.253,10,11,81.4
21047,0.231,15,11,67.3
21049,0.196,11,7,109.1
21051,0.36200000000000004,12,10,148.3
21053,0.276,9,7,136.6
21055,0.282,11,9,83.6
21057,0.28800000000000003,11,9,154.6
21059,0.17600000000000002,15,10,71.6
21061,0.287,10,8,74.3
21063,0.289,6,5,90.6
21065,0.29100000000000004,10,9,127.0
21067,0.132,13,9,58.6
21069,0.239,8,7,97.2
21071,0.38,13,9,162.3
21073,0.163,13,8,64.0
21075,0.31,10,8,82.8
21077,0.22399999999999998,12,7,133.7
21079,0.191,9,10,73.4
21081,0.263,13,8,94.7
21083,0.21600000000000003,17,13,94.6
21085,0.252,12,10,114.9
21087,0.24100000000000002,10,8,72.5
21089,0.23600000000000002,11,9,76.9
21091,0.195,11,9,76.9
21093,0.188,15,11,63.7
21095,0.364,15,13,121.2
21097,0.172,8,9,97.9
21099,0.251,10,8,62.4
21101,0.18899999999999997,14,10,62.3
21103,0.149,9,8,88.1
21105,0.20199999999999999,10,9,119.1
21107,0.215,14,10,83.6
21109,0.33899999999999997,6,6,84.6
21111,0.16899999999999998,26,14,69.6
21113,0.151,11,7,70.8
21115,0.27699999999999997,10,8,112.3
21117,0.155,14,8,78.1
21119,0.324,8,10,152.6
21121,0.319,13,12,121.3
21123,0.198,11,10,69.1
21125,0.27,14,11,88.3
21127,0.282,11,8,117.0
21129,0.35200000000000004,9,8,130.3
21131,0.354,9,8,127.3
21133,0.299,9,8,125.8
21135,0.307,7,7,73.4
21137,0.345,12,11,103.7
21139,0.207,12,10,111.8
21141,0.225,14,10,89.6
21143,0.247,8,8,72.0
21145,0.188,17,13,85.1
21147,0.405,8,6,67.0
21149,0.184,9,8,94.1
21151,0.179,12,10,66.9
21153,0.386,7,5,116.4
21155,0.183,11,9,76.5
21157,0.19699999999999998,14,10,103.9
21159,0.375,7,7,130.0
21161,0.17300000000000001,10,8,62.8
21163,0.18899999999999997,11,8,63.6
21165,0.314,5,4,117.0
21167,0.145,13,11,82.7
21169,0.332,7,7,101.2
21171,0.19699999999999998,9,9,131.7
21173,0.23600000000000002,10,9,90.5
21175,0.29100000000000004,8,4,94.9
21177,0.196,15,10,86.7
21179,0.19,14,12,73.6
21181,,8,9,107.1
21183,0.268,12,9,81.7
21185,0.092,12,8,45.4
21187,0.205,11,10,99.3
21189,0.384,5,5,126.2
21191,0.318,9,8,109.7
21193,0.354,12,8,144.7
21195,0.353,12,10,121.1
21197,0.218,9,7,148.8
21199,0.266,11,8,77.1
21201,0.233,6,7,115.5
21203,0.276,10,9,126.4
21205,0.242,10,7,80.5
21207,0.207,11,8,123.0
21209,0.183,13,9,50.0
21211,0.135,12,9,46.8
21213,0.152,13,10,79.6
21215,0.177,8,8,70.0
21217,0.21600000000000003,13,8,93.8
21219,0.23399999999999999,11,9,86.5
21221,0.24100000000000002,8,7,97.9
21223,,8,7,81.6
21225,0.19699999999999998,10,8,98.7
21227,0.17300000000000001,18,14,54.0
21229,0.14800000000000002,11,10,102.6
21231,0.314,11,10,73.9
21233,0.221,10,7,99.7
21235,0.27399999999999997,12,11,111.7
21237,0.331,5,5,150.7
21239,,12,8,89.4
22001,0.204,12,10,90.8
22003,0.25,11,8,59.8
22005,0.17800000000000002,12,9,58.4
22007,0.19,10,10,80.6
22009,0.257,12,6,83.0
22011,0.226,13,8,82.0
22013,0.268,7,7,64.2
22015,0.168,13,9,59.4
22017,0.171,14,11,74.4
22019,0.19699999999999998,15,11,74.4
22021,0.28800000000000003,7,6,90.9
22023,0.245,9,9,54.9
22025,0.23600000000000002,9,7,101.8
22027,0.223,10,8,73.8
22029,0.187,9,7,90.1
22031,0.187,13,10,84.7
22033,0.155,19,12,63.8
22035,0.268,7,6,82.7
22037,0.264,10,7,65.2
22039,0.221,12,10,89.4
22041,0.293,9,7,70.5
22043,0.27699999999999997,5,5,95.3
22045,0.244,13,10,77.5
22047,0.18899999999999997,16,10,62.9
22049,0.214,9,8,56.8
22051,0.20199999999999999,19,12,74.9
22053,0.2,14,10,90.0
22055,0.14400000000000002,17,14,57.1
22057,0.196,17,11,68.3
22059,0.154,6,6,97.1
22061,0.22,12,9,46.4
22063,0.19699999999999998,14,11,88.7
22065,0.14800000000000002,9,6,75.9
22067,0.259,12,10,87.4
22069,0.223,13,8,75.6
22071,0.184,18,14,102.0
22073,0.20199999999999999,18,13,68.8
22075,0.172,14,9,66.4
22077,0.17300000000000001,11,8,94.7
22079,0.21100000000000002,16,10,75.2
22081,0.28,10,9,92.8
22083,0.20800000000000002,11,8,64.4
22085,0.239,9,7,85.7
22087,0.20800000000000002,10,6,100.6
22089,0.158,13,8,58.5
22091,0.259,6,6,84.7
22093,0.251,12,11,71.9
22095,0.228,14,12,78.1
22097,0.245,16,13,89.1
22099,0.20600000000000002,14,12,64.2
22101,0.257,15,11,75.1
22103,0.153,14,9,73.0
22105,0.228,14,12,81.7
22107,0.21899999999999997,5,6,107.9
22109,0.23,14,10,81.6
22111,0.24100000000000002,10,9,79.5
22113,0.16699999999999998,13,10,54.8
22115,0.221,10,8,59.9
22117,0.264,10,7,98.6
22119,0.22699999999999998,13,9,69.5
22121,0.207,11,8,59.0
22123,0.215,7,6,75.9
22125,0.20199999999999999,7,6,42.4
22127,0.266,8,7,73.5
23001,0.134,17,8,57.9
23003,0.177,11,10,63.5
23005,0.098,19,11,56.3
23007,0.124,12,10,63.8
23009,0.11699999999999999,15,12,70.1
23011,0.14,17,9,63.9
23013,0.122,14,10,69.8
23015,0.102,12,10,84.8
23017,0.156,11,8,64.7
23019,0.14400000000000002,23,17,59.1
23021,0.16399999999999998,11,11,81.4
23023,0.115,15,10,44.0
23025,0.17,15,13,69.1
23027,0.124,15,11,71.2
23029,0.175,13,13,96.2
23031,0.11599999999999999,19,12,60.6
24001,0.175,15,10,76.0
24003,0.107,28,10,49.8
24005,0.142,27,11,62.1
24009,0.121,11,7,51.4
24011,0.179,8,7,85.6
24013,0.126,17,12,53.1
24015,0.152,17,9,74.4
24017,0.125,13,8,53.1
24019,0.16399999999999998,8,6,59.6
24021,0.105,24,14,44.9
24023,0.18100000000000002,14,11,57.9
24025,0.127,19,12,57.5
24027,0.08800000000000001,27,14,32.7
24029,0.128,7,8,67.4
24031,0.092,28,12,30.3
24033,0.128,29,11,48.1
24035,0.10400000000000001,11,8,53.9
24037,0.122,13,8,50.9
24039,0.162,8,8,46.2
24041,0.13699999999999998,13,9,58.3
24043,0.14800000000000002,17,12,60.9
24045,0.138,15,9,57.7
24047,0.133,10,9,59.9
24510,0.187,31,13,96.7
25001,0.083,12,5,63.8
25003,0.121,13,8,55.0
25005,0.152,19,11,54.6
25007,,10,8,39.8
25009,0.13,25,13,43.9
25011,0.10300000000000001,16,9,47.3
25013,0.15,22,12,48.9
25015,0.1,17,8,38.2
25017,0.08900000000000001,34,16,38.2
25019,,8,5,51.0
25021,0.08900000000000001,27,13,40.3
25023,0.11,17,10,47.6
25025,0.17,35,14,46.5
25027,0.11900000000000001,24,13,45.8
26001,0.128,9,8,80.3
26003,,9,6,69.3
26005,0.13,23,14,54.7
26007,0.147,12,7,67.5
26009,0.182,12,11,67.7
26011,0.24,12,10,70.2
26013,0.168,9,8,68.1
26015,0.14,15,11,60.1
26017,0.134,18,11,62.1
26019,,8,7,67.3
26021,0.16699999999999998,17,11,58.5
26023,0.21899999999999997,14,10,59.7
26025,0.185,24,16,74.8
26027,0.161,13,9,64.6
26029,0.1,15,12,51.4
26031,0.135,13,10,68.7
26033,0.149,11,7,72.9
26035,0.21600000000000003,10,8,61.4
26037,0.11199999999999999,21,14,35.9
26039,,14,10,77.9
26041,0.14800000000000002,14,10,53.9
26043,0.133,13,7,79.1
26045,0.145,20,11,51.0
26047,0.147,14,11,57.9
26049,0.187,27,18,74.3
26051,0.25,12,8,73.0
26053,,11,10,86.9
26055,0.091,19,12,57.8
26057,0.17300000000000001,17,12,45.8
26059,0.156,19,12,63.9
26061,0.149,15,11,57.5
26063,0.146,14,10,63.6
26065,0.13,24,13,46.6
26067,0.142,21,15,58.6
26069,0.126,12,7,70.3
26071,,16,12,103.0
26073,0.092,19,13,39.3
26075,0.132,22,13,54.2
26077,0.14800000000000002,25,17,59.3
26079,0.345,15,11,78.9
26081,0.115,24,13,52.9
26083,,9,9,
26085,,9,10,74.4
26087,0.13,13,10,57.5
26089,,12,8,56.4
26091,0.09699999999999999,20,14,55.2
26093,0.09,19,13,48.5
26095,0.18100000000000002,8,4,72.7
26097,0.115,11,9,77.2
26099,0.127,19,12,61.4
26101,0.17300000000000001,10,7,93.6
26103,0.115,16,11,60.7
26105,0.209,12,7,69.0
26107,0.09300000000000001,20,13,53.6
26109,0.145,12,8,65.7
26111,0.111,21,15,52.1
26113,0.13,11,8,64.2
26115,0.15,21,13,59.1
26117,0.141,20,15,65.7
26119,,9,6,67.9
26121,0.157,17,8,63.2
26123,0.157,16,11,67.6
26125,0.10800000000000001,35,20,46.4
26127,0.192,15,9,75.8
26129,0.172,12,8,70.1
26131,,7,6,113.3
26133,0.115,13,9,53.6
26135,,10,6,91.9
26137,0.132,19,12,67.9
26139,0.098,23,14,42.7
26141,,12,8,89.7
26143,0.242,11,7,68.7
26145,0.147,25,16,62.4
26147,0.17300000000000001,15,10,72.1
26149,0.177,15,9,60.6
26151,0.142,15,9,72.4
26153,,8,7,85.2
26155,0.174,22,16,67.9
26157,0.15,15,10,58.6
26159,0.18600000000000003,16,10,71.9
26161,0.096,25,14,42.7
26163,0.17600000000000002,29,16,72.8
26165,0.19,14,9,78.3
27001,0.16899999999999998,14,10,92.7
27003,0.11599999999999999,27,20,47.7
27005,0.102,10,7,70.0
27007,0.11,12,9,71.7
27009,0.122,20,13,52.4
27011,,12,9,68.5
27013,0.106,21,15,39.1
27015,0.096,21,17,57.4
27017,0.098,18,10,74.8
27019,0.081,26,20,43.2
27021,0.133,18,15,88.4
27023,0.16699999999999998,17,12,69.8
27025,0.13,15,10,68.7
27027,0.10800000000000001,16,11,48.2
27029,0.08800000000000001,11,8,57.6
27031,0.102,9,6,76.8
27033,0.218,21,14,61.7
27035,0.156,18,13,61.4
27037,0.098,29,21,47.9
27039,,13,11,62.8
27041,0.10800000000000001,14,10,55.9
27043,0.10400000000000001,14,12,71.5
27045,0.09,13,13,84.2
27047,0.135,21,14,75.6
27049,0.092,24,15,94.5
27051,,10,8,76.4
27053,0.08900000000000001,33,23,57.7
27055,0.102,12,9,63.2
27057,0.125,11,10,79.6
27059,0.125,17,10,53.7
27061,0.13699999999999998,19,12,72.4
27063,0.059000000000000004,18,15,52.5
27065,0.13699999999999998,11,9,73.9
27067,0.10400000000000001,21,14,58.4
27069,,9,7,57.2
27071,0.124,11,8,88.8
27073,,13,11,110.5
27075,0.195,13,8,70.0
27077,,9,7,79.2
27079,0.128,22,18,43.3
27081,,13,10,54.5
27083,0.124,20,12,50.5
27085,0.083,17,10,62.4
27087,,6,5,92.1
27089,0.106,11,10,44.3
27091,0.105,14,11,64.6
27093,0.10400000000000001,18,14,61.0
27095,0.13,13,10,83.0
27097,0.174,20,16,75.9
27099,0.11599999999999999,23,17,63.9
27101,,15,13,85.1
27103,0.077,19,14,36.7
27105,,17,14,48.7
27107,0.115,8,6,64.7
27109,0.057999999999999996,26,17,47.5
27111,0.122,18,14,61.4
27113,,11,7,65.9
27115,0.133,14,8,76.4
27117,,15,12,79.7
27119,0.113,18,12,73.2
27121,0.08900000000000001,18,14,72.9
27123,0.109,29,19,52.1
27125,,7,5,68.3
27127,0.073,17,11,71.3
27129,0.177,20,15,85.5
27131,0.10800000000000001,22,16,51.5
27133,,17,12,101.9
27135,0.086,9,6,53.6
27137,0.129,26,17,71.1
27139,0.091,27,20,40.7
27141,0.138,20,14,47.7
27143,,14,10,77.7
27145,0.098,27,21,47.0
27147,0.07200000000000001,21,15,54.2
27149,0.193,11,9,63.9
27151,,11,9,67.6
27153,0.132,14,12,62.1
27155,,11,10,84.4
27157,0.091,13,9,66.5
27159,0.136,8,7,59.4
27161,0.106,15,12,42.9
27163,0.086,24,18,38.1
27165,0.08199999999999999,15,13,71.6
27167,,12,11,51.6
27169,0.091,18,12,56.0
27171,0.094,23,17,46.8
27173,,15,11,71.4
28001,0.231,13,8,81.2
28003,0.255,11,9,98.4
28005,0.222,8,7,74.6
28007,0.297,12,7,85.2
28009,0.21100000000000002,7,6,119.1
28011,0.196,11,8,87.6
28013,0.225,9,7,105.9
28015,0.203,6,7,94.9
28017,0.242,9,9,83.9
28019,0.187,5,6,86.9
28021,0.20600000000000002,6,6,84.9
28023,0.20800000000000002,7,6,92.2
28025,0.272,9,6,64.0
28027,0.243,9,6,108.0
28029,0.23800000000000002,13,9,91.3
28031,0.256,10,8,98.0
28033,0.154,13,7,60.9
28035,0.19899999999999998,15,9,70.9
28037,0.239,4,6,91.8
28039,0.22899999999999998,12,8,98.3
28041,0.28600000000000003,5,6,78.0
28043,0.262,12,9,82.2
28045,0.188,15,10,99.1
28047,0.196,17,10,80.9
28049,0.209,19,12,66.8
28051,0.23800000000000002,7,6,95.8
28053,0.319,6,5,93.5
28055,,5,6,
28057,0.268,7,8,117.3
28059,0.204,17,11,94.4
28061,0.266,9,7,97.4
28063,0.295,6,5,69.7
28065,0.23600000000000002,6,6,105.1
28067,0.225,15,10,88.7
28069,0.298,6,6,75.2
28071,0.162,11,7,60.1
28073,0.18600000000000003,14,7,63.3
28075,0.215,14,7,70.6
28077,0.244,8,6,105.8
28079,0.25,10,7,72.8
28081,0.17800000000000002,16,11,75.7
28083,0.223,10,7,80.1
28085,0.248,10,6,74.0
28087,0.204,16,9,64.8
28089,0.154,18,9,57.9
28091,0.247,9,6,130.5
28093,0.231,13,9,88.0
28095,0.237,13,11,82.3
28097,0.2,7,5,113.9
28099,0.263,10,9,103.0
28101,0.21,9,6,93.1
28103,0.226,6,7,57.3
28105,0.17800000000000002,12,9,61.1
28107,0.223,10,6,109.0
28109,0.254,11,7,109.1
28111,0.245,10,8,77.0
28113,0.285,11,8,87.8
28115,0.244,15,10,79.5
28117,0.248,11,8,81.9
28119,0.35100000000000003,6,6,134.2
28121,0.146,16,11,71.8
28123,0.273,11,7,96.4
28125,0.145,5,5,132.7
28127,0.237,13,10,93.2
28129,0.214,9,8,81.6
28131,0.212,10,8,69.2
28133,0.233,11,9,83.5
28135,0.324,6,5,74.7
28137,0.19899999999999998,10,7,91.0
28139,0.265,9,8,96.8
28141,0.204,11,9,117.5
28143,0.308,9,5,80.1
28145,0.231,13,9,83.9
28147,0.212,8,6,114.2
28149,0.191,13,8,82.6
28151,0.20800000000000002,14,11,92.5
28153,0.28300000000000003,10,8,97.4
28155,0.249,6,6,88.3
28157,0.28600000000000003,6,7,85.6
28159,0.248,12,10,99.1
28161,0.26,9,10,120.0
28163,0.245,10,7,76.7
29001,0.175,11,8,58.7
29003,0.11199999999999999,10,11,55.9
29005,0.132,8,8,56.4
29007,0.21600000000000003,14,12,71.8
29009,0.177,13,10,86.5
29011,0.166,10,10,95.0
29013,0.163,11,10,88.2
29015,0.172,7,8,106.1
29017,0.17800000000000002,8,9,72.6
29019,0.10800000000000001,17,11,51.3
29021,0.225,18,12,66.3
29023,0.276,14,11,103.3
29025,0.114,9,7,115.9
29027,0.166,15,12,78.7
29029,0.174,18,15,87.8
29031,0.14800000000000002,14,10,54.2
29033,0.179,8,8,101.3
29035,,7,6,122.0
29037,0.126,23,14,62.8
29039,,6,5,98.8
29041,0.205,10,9,54.1
29043,0.12,14,9,60.2
29045,0.265,6,5,101.7
29047,0.14300000000000002,22,14,56.6
29049,0.126,15,12,72.4
29051,0.13699999999999998,17,13,56.7
29053,0.113,11,8,63.7
29055,0.19,9,6,92.1
29057,,8,8,81.9
29059,0.162,8,8,66.6
29061,0.14800000000000002,10,9,69.5
29063,0.12,11,10,46.7
29065,0.39299999999999996,6,5,119.2
29067,0.213,6,5,80.4
29069,0.294,10,10,101.9
29071,0.129,18,13,98.9
29073,0.289,11,10,101.5
29075,0.209,10,10,70.9
29077,0.152,23,14,79.4
29079,0.146,7,6,68.3
29081,0.195,9,7,107.9
29083,0.172,12,10,88.1
29085,0.508,7,6,100.4
29087,0.095,9,9,82.6
29089,0.107,7,6,51.2
29091,0.209,14,9,88.3
29093,0.28300000000000003,7,7,94.3
29095,0.154,32,18,81.4
29097,0.16399999999999998,20,16,89.9
29099,0.157,17,12,80.8
29101,0.14,13,9,40.0
29103,,7,7,87.5
29105,0.204,14,11,65.4
29107,0.094,14,9,64.9
29109,0.18,13,11,69.5
29111,0.166,7,5,60.9
29113,0.175,12,9,70.7
29115,0.192,10,11,74.2
29117,0.245,11,9,62.4
29119,0.256,11,9,79.2
29121,0.115,11,8,99.0
29123,0.282,7,9,82.8
29125,0.11900000000000001,7,7,89.8
29127,0.151,10,8,71.1
29129,,5,4,95.5
29131,0.221,14,15,72.6
29133,0.349,8,9,68.8
29135,0.14,10,10,44.9
29137,0.21,10,10,92.2
29139,,15,10,88.6
29141,0.209,12,13,91.7
29143,0.239,11,10,102.2
29145,0.155,18,16,85.2
29147,0.139,15,11,52.3
29149,0.18899999999999997,6,6,77.3
29151,0.151,10,9,67.8
29153,0.157,4,4,113.8
29155,0.324,11,11,115.8
29157,0.184,9,8,61.0
29159,0.212,13,9,68.0
29161,0.221,12,8,84.4
29163,0.18600000000000003,8,8,72.2
29165,0.106,23,15,57.2
29167,0.188,10,9,96.0
29169,0.222,11,8,70.6
29171,0.17300000000000001,7,6,84.3
29173,0.14800000000000002,10,10,64.8
29175,0.209,14,10,66.1
29177,0.22,10,9,100.8
29179,0.281,8,8,126.1
29181,0.20800000000000002,6,5,96.7
29183,0.10099999999999999,22,16,55.9
29185,0.212,7,5,97.1
29186,0.159,9,7,80.8
29187,0.255,12,9,97.2
29189,0.12,32,20,63.1
29195,0.16,12,11,64.6
29197,0.131,5,5,81.9
29199,0.254,5,4,82.6
29201,0.233,12,9,73.5
29203,0.245,6,6,102.2
29205,0.155,8,6,75.8
29207,0.183,12,11,68.9
29209,0.179,9,7,77.9
29211,0.204,8,7,114.0
29213,0.204,12,6,54.3
29215,0.302,9,6,89.0
29217,0.18600000000000003,11,11,87.8
29219,0.182,15,11,79.6
29221,0.257,10,11,87.6
29223,0.272,8,8,98.1
29225,0.20800000000000002,9,7,75.7
29227,,7,7,130.1
29229,0.204,9,7,92.9
29510,0.182,22,13,97.9
30001,0.11,11,7,97.5
30003,0.21899999999999997,10,9,144.6
30005,0.188,6,5,110.5
30007,0.12300000000000001,11,11,100.4
30009,0.111,12,12,121.4
30011,0.13,6,6,
30013,0.142,21,13,87.7
30015,0.106,8,8,89.4
30017,0.187,9,7,128.2
30019,,4,4,
30021,0.14,8,5,104.1
30023,0.204,8,6,135.7
30025,0.079,4,4,89.3
30027,0.10300000000000001,11,8,99.1
30029,0.138,14,7,75.6
30031,0.08199999999999999,20,15,58.0
30033,,4,4,
30035,0.196,10,8,132.6
30037,,5,5,
30039,0.081,5,5,84.7
30041,0.171,10,7,92.9
30043,0.113,12,12,88.1
30045,0.1,6,7,107.3
30047,0.152,8,8,102.2
30049,0.129,18,12,86.4
30051,,6,7,
30053,0.17800000000000002,7,7,111.3
30055,0.07200000000000001,5,5,116.7
30057,0.11,8,7,106.7
30059,,5,6,147.1
30061,0.233,4,4,152.6
30063,0.114,17,11,79.4
30065,0.152,4,4,74.5
30067,0.188,14,12,97.1
30069,,5,5,
30071,0.134,6,6,85.5
30073,0.145,6,6,81.2
30075,0.102,4,4,
30077,0.19,8,7,101.9
30079,,4,4,191.1
30081,0.14400000000000002,11,9,91.3
30083,0.11900000000000001,7,5,132.5
30085,0.175,7,5,166.2
30087,0.155,10,8,134.0
30089,0.159,6,7,127.7
30091,0.157,4,4,174.5
30093,0.159,18,13,100.7
30095,0.09300000000000001,12,12,81.4
30097,0.07400000000000001,6,6,108.9
30099,0.129,6,6,78.9
30101,0.14800000000000002,8,7,42.1
30103,,5,5,
30105,0.165,5,5,72.7
30107,0.161,5,5,
30109,,4,4,
30111,0.134,25,16,71.6
31001,0.127,14,11,59.4
31003,0.115,12,9,69.1
31005,0.09300000000000001,6,5,
31007,0.141,8,7,
31009,0.044000000000000004,5,4,
31011,0.098,13,11,54.8
31013,0.133,13,10,73.9
31015,0.10800000000000001,9,6,96.0
31017,0.214,11,8,128.6
31019,0.10300000000000001,19,13,47.5
31021,0.128,14,13,90.7
31023,0.136,11,10,62.3
31025,0.08199999999999999,13,11,65.9
31027,0.098,14,12,77.2
31029,0.08199999999999999,10,8,116.0
31031,0.122,12,9,52.4
31033,0.124,18,14,69.7
31035,0.125,12,10,70.8
31037,0.153,14,12,68.9
31039,0.125,15,12,43.7
31041,0.115,16,14,82.4
31043,0.19,16,11,47.0
31045,0.145,13,9,67.6
31047,0.134,20,15,65.1
31049,0.105,13,12,
31051,0.096,11,10,90.2
31053,0.135,19,14,65.0
31055,0.12300000000000001,28,15,49.2
31057,0.133,9,6,
31059,0.09699999999999999,10,7,54.5
31061,0.127,9,8,100.2
31063,0.099,8,8,87.1
31065,0.10800000000000001,10,9,109.7
31067,0.175,12,9,90.9
31069,0.138,12,11,
31071,0.07400000000000001,6,5,
31073,0.08900000000000001,13,12,
31075,0.09,4,3,
31077,0.094,8,7,
31079,0.14400000000000002,20,13,53.6
31081,0.11199999999999999,15,12,37.4
31083,0.114,14,13,70.2
31085,0.068,9,8,
31087,0.128,9,7,117.4
31089,0.124,16,11,73.0
31091,0.114,5,5,
31093,0.115,11,9,73.0
31095,0.154,13,10,92.4
31097,0.139,12,9,80.9
31099,0.08199999999999999,15,12,52.2
31101,0.14800000000000002,20,16,81.9
31103,,6,5,
31105,0.16,9,8,132.0
31107,0.11900000000000001,11,9,108.7
31109,0.10099999999999999,27,18,42.2
31111,0.14800000000000002,22,16,65.7
31113,,7,6,
31115,0.146,6,5,
31117,,8,8,
31119,0.13,18,11,54.1
31121,0.106,19,15,77.1
31123,0.156,13,10,83.9
31125,0.11900000000000001,15,13,96.4
31127,0.125,14,10,66.4
31129,0.113,9,7,93.4
31131,0.115,17,12,59.8
31133,0.13,11,8,123.8
31135,0.092,10,9,81.4
31137,0.10099999999999999,16,13,65.3
31139,0.083,13,11,41.4
31141,0.127,18,12,47.8
31143,0.08,11,10,
31145,0.15,14,10,70.8
31147,0.145,12,10,74.2
31149,0.107,6,5,
31151,0.131,11,8,68.7
31153,0.1,24,15,33.9
31155,0.105,14,10,66.7
31157,0.141,14,9,70.0
31159,0.079,13,9,57.4
31161,0.125,8,7,73.6
31163,0.14300000000000002,10,8,108.8
31165,0.102,11,9,
31167,0.135,16,13,48.9
31169,0.127,11,8,92.4
31171,,5,5,
31173,0.177,10,8,57.7
31175,0.131,8,7,113.4
31177,0.08199999999999999,12,10,40.6
31179,0.11699999999999999,13,11,48.2
31181,0.125,7,7,84.8
31183,,7,6,
31185,0.114,16,11,53.9
32001,0.136,8,5,97.6
32003,0.179,38,18,62.7
32005,0.14800000000000002,11,5,82.1
32007,0.18100000000000002,15,11,82.2
32009,,6,6,
32011,,5,5,
32013,0.145,8,7,111.4
32015,0.16899999999999998,4,5,97.4
32017,0.121,6,5,98.4
32019,0.161,9,7,82.2
32021,0.191,4,5,140.0
32023,0.198,12,9,129.6
32027,0.19,8,7,83.3
32029,0.158,9,8,85.0
32031,0.153,19,11,71.8
32033,0.201,7,6,122.5
32510,0.177,13,7,70.5
33001,0.12300000000000001,18,8,68.8
33003,0.129,13,7,75.0
33005,0.132,19,9,69.8
33007,0.18100000000000002,11,6,88.1
33009,0.105,23,15,57.5
33011,0.111,28,17,50.9
33013,0.105,25,11,55.7
33015,0.098,19,9,52.6
33017,0.139,17,9,52.7
33019,0.12,15,7,73.9
34001,0.184,19,5,63.8
34003,0.122,34,17,31.0
34005,0.124,21,10,45.5
34007,0.16899999999999998,23,8,61.7
34009,0.135,14,4,59.6
34011,0.24600000000000002,16,6,54.2
34013,0.174,32,13,47.8
34015,0.13699999999999998,19,8,53.5
34017,0.23,32,16,30.5
34019,0.079,18,6,35.6
34021,0.139,28,6,41.2
34023,0.13699999999999998,36,11,35.5
34025,0.111,26,10,38.3
34027,0.08900000000000001,33,14,30.3
34029,0.138,22,11,46.3
34031,0.21,30,11,36.2
34033,0.16699999999999998,15,5,61.5
34035,0.092,28,10,28.6
34037,0.121,17,8,43.5
34039,0.171,29,11,34.3
34041,0.134,22,9,43.3
35001,0.14300000000000002,28,18,90.1
35003,0.226,6,6,130.2
35005,0.23800000000000002,15,11,105.6
35006,0.21899999999999997,15,9,110.6
35007,0.177,9,6,105.7
35009,0.19399999999999998,15,10,67.9
35011,0.253,6,6,111.2
35013,0.21899999999999997,21,13,68.1
35015,0.20800000000000002,17,12,107.6
35017,0.18899999999999997,17,11,113.5
35019,0.128,7,5,86.0
35021,0.1,5,4,
35023,,9,7,101.7
35025,0.217,14,10,83.1
35027,0.11599999999999999,15,11,87.1
35028,0.086,12,10,58.9
35029,0.205,15,10,82.6
35031,0.174,15,8,134.5
35033,0.182,5,4,145.1
35035,0.185,23,18,86.1
35037,0.253,13,8,156.5
35039,0.24,10,7,174.6
35041,0.174,13,9,69.7
35043,0.132,18,14,79.3
35045,0.16699999999999998,18,11,106.5
35047,0.253,12,9,121.8
35049,0.145,23,15,94.0
35051,0.259,11,9,152.5
35053,0.22,13,10,102.0
35055,0.171,12,8,112.3
35057,0.205,12,10,119.1
35059,0.149,7,5,94.1
35061,0.20600000000000002,17,12,90.8
36001,0.129,22,8,41.7
36003,0.163,14,10,56.1
36005,0.242,23,11,38.3
36007,0.133,16,10,52.1
36009,0.182,13,9,53.1
36011,0.114,16,10,53.5
36013,0.16,11,7,53.9
36015,0.193,17,9,61.7
36017,0.10300000000000001,14,7,47.5
36019,0.145,17,11,51.7
36021,0.131,18,11,56.6
36023,0.17300000000000001,16,8,45.7
36025,0.115,17,12,60.6
36027,0.12,19,11,47.0
36029,0.134,17,13,48.9
36031,0.08199999999999999,19,13,58.5
36033,0.152,12,9,55.3
36035,0.18100000000000002,12,7,43.0
36037,0.12,15,7,55.4
36039,0.109,16,9,58.6
36041,,6,5,82.8
36043,0.142,14,8,48.5
36045,0.141,15,9,53.2
36047,0.184,32,14,33.0
36049,0.16699999999999998,9,7,58.4
36051,0.10099999999999999,10,6,50.9
36053,0.149,16,8,49.8
36055,0.166,23,12,46.7
36057,0.122,13,6,52.0
36059,0.114,24,12,38.7
36061,0.155,42,18,31.5
36063,0.14400000000000002,15,11,55.8
36065,0.139,19,11,44.2
36067,0.131,23,12,54.6
36069,0.076,16,9,50.0
36071,0.16899999999999998,20,10,42.9
36073,0.191,11,6,45.7
36075,0.16399999999999998,12,8,56.5
36077,0.14,11,6,45.7
36079,0.063,17,6,38.9
36081,0.177,27,14,30.2
36083,0.165,21,11,41.7
36085,0.115,23,10,43.2
36087,0.11900000000000001,19,8,29.1
36089,0.18899999999999997,16,10,51.6
36091,0.121,20,10,36.6
36093,0.154,16,7,40.0
36095,0.095,13,7,39.2
36097,0.15,14,9,56.4
36099,0.237,13,8,54.4
36101,0.151,16,11,55.8
36103,0.114,24,12,52.4
36105,0.153,13,7,71.4
36107,0.14400000000000002,12,8,47.0
36109,0.11900000000000001,18,12,41.6
36111,0.121,18,10,49.4
36113,0.129,15,8,42.3
36115,0.163,14,9,56.4
36117,0.20600000000000002,16,9,52.4
36119,0.115,27,11,33.5
36121,0.141,12,6,48.9
36123,,13,9,50.5
37001,0.192,14,10,61.2
37003,0.17800000000000002,10,12,84.9
37005,0.23399999999999999,9,8,97.5
37007,0.191,10,7,85.3
37009,0.225,10,10,90.8
37011,0.21600000000000003,10,10,77.6
37013,0.19399999999999998,12,7,82.9
37015,0.275,8,6,87.5
37017,0.271,10,8,97.4
37019,0.175,13,9,83.5
37021,0.139,16,11,72.2
37023,0.221,13,11,79.9
37025,0.155,13,8,64.2
37027,0.21100000000000002,13,11,80.4
37029,0.203,8,6,48.2
37031,0.17600000000000002,12,6,81.4
37033,0.205,11,10,93.2
37035,0.182,14,10,77.8
37037,0.19399999999999998,13,11,59.1
37039,0.214,14,10,109.1
37041,0.231,11,7,64.7
37043,0.184,8,5,106.1
37045,0.19399999999999998,16,11,85.6
37047,0.28600000000000003,12,9,105.9
37049,0.145,11,7,63.4
37051,0.175,14,8,67.9
37053,,11,8,76.1
37055,0.213,9,5,70.0
37057,0.20800000000000002,14,11,65.7
37059,0.14800000000000002,10,7,68.4
37061,0.341,12,9,73.5
37063,0.166,17,10,52.1
37065,0.198,12,7,67.2
37067,0.142,18,11,58.9
37069,0.166,11,7,66.5
37071,0.20800000000000002,16,12,76.0
37073,0.204,6,4,67.9
37075,0.24,9,6,120.9
37077,0.185,12,8,62.4
37079,0.384,8,6,59.0
37081,0.122,21,12,58.5
37083,0.29600000000000004,11,7,73.9
37085,0.188,10,7,64.3
37087,0.18,13,8,80.1
37089,0.172,17,8,81.0
37091,0.262,11,6,57.1
37093,0.217,10,8,63.1
37095,,7,6,68.9
37097,0.16699999999999998,21,16,63.8
37099,0.213,16,11,72.1
37101,0.204,12,7,64.9
37103,0.18899999999999997,6,6,55.4
37105,0.201,15,9,70.8
37107,0.25,9,6,72.1
37109,0.203,11,9,67.1
37111,0.28800000000000003,15,10,82.3
37113,0.17300000000000001,13,8,89.8
37115,0.196,9,10,73.4
37117,0.221,12,6,92.2
37119,0.142,30,17,42.5
37121,0.196,8,7,82.3
37123,,10,8,84.4
37125,0.154,16,10,73.0
37127,0.20199999999999999,15,8,66.1
37129,0.15,14,7,64.0
37131,0.24600000000000002,11,8,89.3
37133,0.166,12,7,54.1
37135,0.128,15,11,43.0
37137,,8,6,103.6
37139,0.205,12,6,58.1
37141,0.152,10,7,74.4
37143,0.201,8,7,65.6
37145,0.139,13,9,69.6
37147,0.165,12,8,58.0
37149,0.10800000000000001,11,7,86.3
37151,0.191,14,12,74.7
37153,0.267,13,9,84.1
37155,0.258,12,8,96.4
37157,0.244,12,8,80.4
37159,0.22,13,11,80.5
37161,0.24,14,11,73.5
37163,0.255,13,10,96.2
37165,0.276,14,9,74.6
37167,0.262,11,9,79.0
37169,0.183,11,9,82.6
37171,0.23800000000000002,15,10,82.4
37173,0.21899999999999997,10,6,122.9
37175,0.107,10,8,85.9
37177,,6,5,105.4
37179,0.156,12,9,44.4
37181,0.27,11,5,85.8
37183,0.111,24,11,36.0
37185,0.191,9,6,61.4
37187,0.175,8,6,41.2
37189,0.131,13,9,61.1
37191,0.18,12,8,66.4
37193,0.203,13,11,88.1
37195,0.159,13,8,66.9
37197,0.207,9,9,83.6
37199,0.193,10,8,90.9
38001,0.13,7,7,111.8
38003,0.096,15,14,85.2
38005,0.179,5,5,140.8
38007,,6,6,
38009,0.113,6,6,74.5
38011,0.142,6,5,76.0
38013,0.078,6,6,169.4
38015,0.095,17,9,52.3
38017,0.10300000000000001,25,20,38.8
38019,0.065,7,7,75.5
38021,0.092,7,6,71.8
38023,0.087,5,5,
38025,0.141,7,7,120.8
38027,0.128,7,7,150.1
38029,0.105,6,5,84.5
38031,0.109,7,7,59.4
38033,0.08800000000000001,5,5,
38035,0.106,17,12,47.6
38037,0.08,6,6,
38039,0.054000000000000006,10,10,
38041,0.087,5,5,
38043,0.132,6,6,91.0
38045,0.106,6,5,53.1
38047,0.134,6,6,
38049,0.121,7,7,76.6
38051,0.11699999999999999,5,5,134.9
38053,0.11599999999999999,8,7,128.6
38055,0.127,12,9,95.4
38057,0.147,7,6,76.1
38059,0.11800000000000001,10,7,66.4
38061,0.19,7,7,115.1
38063,0.115,6,6,89.9
38065,,6,5,
38067,0.10099999999999999,7,7,97.6
38069,0.136,7,7,109.6
38071,0.106,8,7,52.4
38073,0.13699999999999998,7,8,54.5
38075,,7,7,97.3
38077,0.11199999999999999,13,12,60.2
38079,0.218,7,7,115.6
38081,0.087,9,9,
38083,0.139,7,7,
38085,0.268,4,4,185.8
38087,,4,4,
38089,0.13,12,8,79.5
38091,0.122,8,8,
38093,0.11900000000000001,14,10,66.7
38095,0.10400000000000001,6,6,88.5
38097,0.128,8,8,44.3
38099,0.14400000000000002,12,10,73.6
38101,0.10400000000000001,10,7,55.9
38103,0.124,8,8,94.5
38105,0.10800000000000001,11,7,100.7
39001,0.196,9,6,121.4
39003,0.155,24,15,51.2
39005,0.133,16,8,57.1
39007,0.188,15,9,73.8
39009,0.166,15,12,56.3
39011,0.14300000000000002,16,11,57.0
39013,0.187,16,11,69.5
39015,0.131,11,9,88.2
39017,0.163,23,12,60.2
39019,0.20600000000000002,14,9,54.1
39021,0.13,15,11,73.0
39023,0.15,20,11,72.0
39025,0.152,12,8,62.7
39027,0.22,15,9,69.7
39029,0.201,16,10,68.0
39031,0.16399999999999998,13,8,62.9
39033,0.139,15,10,69.2
39035,0.14800000000000002,32,11,58.1
39037,0.191,16,11,74.2
39039,0.152,21,18,62.1
39041,0.07,23,13,35.5
39043,0.195,18,11,62.4
39045,0.11599999999999999,21,13,51.5
39047,0.275,15,7,55.3
39049,0.15,35,16,61.2
39051,0.121,16,12,69.4
39053,0.179,11,8,73.2
39055,0.055,18,11,52.2
39057,0.11199999999999999,20,11,58.2
39059,0.154,16,11,66.4
39061,0.132,29,13,62.5
39063,0.083,19,14,49.0
39065,0.196,16,10,65.0
39067,0.17600000000000002,11,8,74.5
39069,,19,15,56.7
39071,0.20600000000000002,13,9,74.6
39073,0.18600000000000003,12,9,81.7
39075,,11,7,35.8
39077,0.16399999999999998,17,10,58.7
39079,0.217,14,10,85.7
39081,0.252,13,8,85.4
39083,0.122,11,5,59.9
39085,0.136,19,8,54.4
39087,0.27899999999999997,12,9,71.7
39089,0.147,16,10,61.8
39091,0.16699999999999998,15,9,72.4
39093,0.155,22,12,50.1
39095,0.18,29,14,66.0
39097,0.141,15,9,60.1
39099,0.139,20,10,73.7
39101,0.163,19,11,59.0
39103,0.094,22,16,43.2
39105,0.226,10,9,73.5
39107,0.225,18,11,61.6
39109,0.129,20,12,55.5
39111,0.149,12,11,69.5
39113,0.156,26,12,86.9
39115,0.196,10,8,75.8
39117,0.261,17,11,55.6
39119,0.157,15,8,65.1
39121,0.17800000000000002,11,10,72.4
39123,0.149,12,9,56.5
39125,0.171,19,16,73.7
39127,0.129,11,8,60.4
39129,0.221,17,10,63.5
39131,0.203,10,7,88.0
39133,0.129,22,10,44.2
39135,,14,10,80.9
39137,0.098,23,18,62.1
39139,0.139,13,7,54.5
39141,0.293,15,10,87.9
39143,0.174,15,11,65.7
39145,0.24100000000000002,13,7,87.0
39147,0.136,14,13,51.2
39149,0.18600000000000003,17,9,56.7
39151,0.153,20,10,61.7
39153,0.147,25,12,56.5
39155,0.20199999999999999,18,11,73.9
39157,0.132,14,9,53.0
39159,0.115,17,10,47.6
39161,0.16899999999999998,20,15,52.1
39163,0.19,8,6,71.7
39165,0.113,22,12,47.1
39167,0.162,19,14,57.6
39169,0.11699999999999999,15,10,56.5
39171,0.17,16,13,67.2
39173,0.135,26,15,46.6
39175,0.11800000000000001,15,13,68.9
40001,0.22899999999999998,10,8,90.7
40003,0.122,8,8,106.5
40005,0.248,9,7,87.6
40007,0.147,7,5,118.1
40009,0.21100000000000002,10,8,109.2
40011,0.174,6,6,119.1
40013,0.203,13,10,92.8
40015,0.203,13,10,121.2
40017,0.128,17,11,65.1
40019,0.193,14,12,118.5
40021,0.23800000000000002,12,11,82.3
40023,0.213,10,8,105.4
40025,0.1,6,4,
40027,0.14400000000000002,20,17,59.8
40029,0.215,5,6,132.1
40031,0.204,17,12,63.8
40033,0.201,9,9,119.9
40035,0.18899999999999997,11,12,120.5
40037,0.195,20,16,92.7
40039,0.155,13,11,80.5
40041,0.243,16,13,104.4
40043,,7,6,154.4
40045,,6,6,127.0
40047,0.14300000000000002,12,7,90.0
40049,0.24,15,13,132.4
40051,0.19,18,12,91.5
40053,0.20600000000000002,5,6,127.7
40055,0.16699999999999998,6,7,100.3
40057,,6,6,
40059,,8,7,147.1
40061,0.191,8,7,93.9
40063,0.179,10,10,109.0
40065,0.179,11,9,73.8
40067,0.26,10,9,154.9
40069,0.23600000000000002,11,11,151.7
40071,0.198,12,10,98.4
40073,0.11599999999999999,10,10,66.8
40075,0.21600000000000003,10,10,129.4
40077,0.281,9,8,86.4
40079,0.226,15,12,99.3
40081,0.18100000000000002,13,13,92.2
40083,0.175,14,12,71.3
40085,0.248,10,8,93.6
40087,0.149,15,13,77.2
40089,0.209,11,7,117.1
40091,0.19399999999999998,9,8,117.5
40093,0.205,7,7,79.2
40095,0.235,8,7,100.0
40097,0.218,16,13,102.5
40099,0.188,9,10,116.0
40101,0.259,15,11,90.6
40103,0.214,10,11,69.3
40105,0.225,10,12,82.8
40107,0.209,9,9,106.6
40109,0.188,25,14,80.8
40111,0.213,15,12,105.6
40113,0.174,20,17,82.5
40115,0.225,15,11,104.6
40117,0.192,8,6,158.2
40119,0.155,14,11,62.5
40121,0.205,15,12,108.0
40123,0.231,16,12,100.4
40125,0.19399999999999998,15,11,97.9
40127,0.298,8,9,115.1
40129,,7,6,109.3
40131,0.18,17,12,63.9
40133,0.294,9,8,116.7
40135,0.27399999999999997,12,8,88.5
40137,0.171,13,10,103.9
40139,0.125,9,6,81.5
40141,0.23399999999999999,9,8,82.5
40143,0.168,23,17,84.0
40145,0.17,13,12,78.6
40147,0.151,17,11,77.1
40149,0.295,11,10,91.2
40151,,7,8,98.3
40153,0.152,13,8,103.7
41001,0.111,13,8,118.1
41003,0.113,19,14,41.9
41005,0.11800000000000001,30,19,59.9
41007,0.126,13,9,79.3
41009,0.16,13,7,66.9
41011,0.17600000000000002,15,8,98.5
41013,0.157,11,9,66.2
41015,0.207,9,6,111.9
41017,0.087,18,13,63.7
41019,0.23,20,13,83.2
41021,,9,7,
41023,0.09699999999999999,6,6,65.2
41025,0.253,9,6,130.4
41027,0.14800000000000002,10,8,54.0
41029,0.151,17,9,76.9
41031,0.129,16,10,112.1
41033,0.172,16,9,100.6
41035,0.17600000000000002,17,11,85.3
41037,0.102,11,6,116.6
41039,0.142,29,18,75.3
41041,0.14,17,11,81.3
41043,0.179,23,19,64.2
41045,0.158,17,10,67.5
41047,0.14400000000000002,30,19,62.3
41049,0.166,9,5,55.7
41051,0.128,32,15,63.8
41053,0.161,19,12,59.9
41055,,7,5,
41057,0.09699999999999999,11,7,93.5
41059,0.2,19,10,71.7
41061,0.141,12,7,82.6
41063,,9,5,115.4
41065,0.142,17,11,86.8
41067,0.10800000000000001,28,16,41.6
41069,,6,6,140.8
41071,0.13699999999999998,18,13,56.3
42001,0.13,17,9,63.0
42003,0.127,38,22,71.5
42005,0.158,17,12,72.8
42007,0.17,17,9,75.8
42009,0.183,14,9,84.0
42011,0.124,26,18,62.6
42013,0.201,20,11,70.5
42015,0.13699999999999998,19,11,72.5
42017,0.109,29,15,58.6
42019,0.10800000000000001,21,10,57.3
42021,0.168,19,10,86.4
42023,0.172,8,4,110.6
42025,0.154,13,9,82.3
42027,0.10300000000000001,18,12,38.8
42029,0.094,26,13,44.6
42031,0.155,15,9,69.4
42033,0.17300000000000001,16,11,72.2
42035,0.177,14,9,52.6
42037,0.159,16,10,59.3
42039,0.149,13,9,69.5
42041,0.11699999999999999,26,14,47.6
42043,0.128,26,13,55.3
42045,0.127,27,15,67.2
42047,0.273,12,7,83.1
42049,0.163,16,10,59.1
42051,0.207,22,15,81.2
42053,0.281,8,6,96.9
42055,0.14300000000000002,15,7,57.4
42057,0.084,10,7,87.7
42059,0.263,14,9,94.1
42061,0.128,17,9,75.8
42063,0.16899999999999998,19,12,79.5
42065,0.151,15,10,75.9
42067,0.10099999999999999,11,8,72.4
42069,0.129,23,14,68.7
42071,0.114,22,15,54.1
42073,0.171,13,7,75.9
42075,0.11699999999999999,23,11,54.4
42077,0.121,23,14,63.0
42079,0.156,25,12,68.7
42081,0.14400000000000002,17,10,54.1
42083,0.192,17,10,60.7
42085,0.154,15,9,73.5
42087,,16,9,68.5
42089,0.11800000000000001,15,9,62.5
42091,0.102,35,15,55.1
42093,0.114,12,10,62.5
42095,0.151,24,12,55.6
42097,0.177,19,14,66.7
42099,0.11800000000000001,12,11,69.8
42101,0.20199999999999999,32,11,82.6
42103,0.11599999999999999,15,8,62.8
42105,0.187,15,11,83.6
42107,0.159,21,14,82.6
42109,0.129,15,11,55.5
42111,0.166,18,11,79.1
42113,,9,6,96.0
42115,0.22399999999999998,15,10,76.9
42117,0.135,16,10,65.1
42119,0.11800000000000001,16,12,45.4
42121,0.18600000000000003,15,10,76.2
42123,0.16699999999999998,12,9,73.0
42125,0.156,26,15,69.1
42127,0.133,22,17,73.3
42129,0.135,28,17,76.8
42131,0.171,11,7,69.3
42133,0.128,22,12,61.1
44001,0.087,10,7,57.7
44003,0.122,15,6,65.4
44005,0.109,11,5,50.6
44007,0.154,23,9,61.3
44009,0.092,13,5,59.6
45001,0.19899999999999998,12,11,59.8
45003,0.15,19,11,75.0
45005,0.249,9,6,67.3
45007,0.17800000000000002,12,7,84.8
45009,0.221,9,9,85.2
45011,0.21899999999999997,10,7,84.4
45013,0.10099999999999999,16,9,59.3
45015,0.17,20,13,61.6
45017,0.136,14,12,78.0
45019,0.11199999999999999,21,12,70.7
45021,0.226,10,7,73.7
45023,0.217,11,6,88.3
45025,0.205,11,7,80.9
45027,0.20800000000000002,7,7,89.7
45029,0.201,11,10,111.6
45031,0.226,15,10,78.8
45033,0.267,10,7,78.2
45035,0.147,17,11,53.5
45037,0.155,14,10,53.8
45039,0.139,11,7,71.4
45041,0.19399999999999998,13,7,66.0
45043,0.161,14,10,77.7
45045,0.142,15,9,68.9
45047,0.179,12,7,71.9
45049,0.22899999999999998,10,7,87.6
45051,0.157,14,8,72.1
45053,0.159,10,8,97.8
45055,0.15,13,10,78.3
45057,0.16699999999999998,13,9,84.3
45059,0.18899999999999997,14,9,82.2
45061,0.255,8,8,63.6
45063,0.152,16,11,69.9
45065,0.244,6,6,59.2
45067,0.24,9,6,98.0
45069,0.28300000000000003,11,8,75.8
45071,0.16,12,8,69.9
45073,0.179,12,6,95.3
45075,0.19399999999999998,17,14,88.0
45077,0.182,11,6,83.7
45079,0.14300000000000002,18,8,55.9
45081,0.16399999999999998,11,9,83.0
45083,0.16899999999999998,15,10,76.4
45085,0.192,10,8,61.5
45087,0.231,10,7,72.8
45089,0.239,9,7,83.2
45091,0.126,13,8,62.7
46003,0.134,8,6,
46005,0.11900000000000001,18,12,53.0
46007,0.145,4,3,116.7
46009,0.083,9,7,62.6
46011,0.08199999999999999,17,12,37.5
46013,0.113,16,10,51.4
46015,0.125,9,6,76.5
46017,0.214,7,6,164.4
46019,0.11800000000000001,11,9,81.1
46021,0.1,7,5,
46023,0.078,9,7,87.6
46025,0.12,9,8,71.0
46027,0.052000000000000005,14,10,40.1
46029,0.10800000000000001,17,11,62.3
46031,0.20800000000000002,6,5,257.6
46033,0.11699999999999999,8,7,87.7
46035,0.111,13,9,60.4
46037,0.092,11,8,91.7
46039,0.134,10,7,82.3
46041,0.233,9,8,145.8
46043,0.19899999999999998,7,5,66.8
46045,0.083,10,8,59.3
46047,0.191,4,3,82.5
46049,,7,5,
46051,0.17800000000000002,11,8,49.1
46053,0.09300000000000001,7,6,103.5
46055,0.128,4,3,
46057,,10,7,61.2
46059,0.057,10,8,
46061,,8,7,65.4
46063,,5,4,
46065,0.114,14,8,59.8
46067,0.107,11,9,79.5
46069,0.09,6,5,
46071,0.188,4,3,182.7
46073,0.075,7,5,117.1
46075,0.08,4,4,
46077,,16,12,85.2
46079,0.14400000000000002,17,13,45.8
46081,0.10099999999999999,14,9,56.6
46083,0.08199999999999999,23,14,38.2
46085,0.122,10,9,149.4
46087,0.085,11,9,50.0
46089,0.073,7,6,
46091,0.152,8,7,56.2
46093,0.10400000000000001,15,10,61.3
46095,0.133,5,4,156.0
46097,0.073,6,5,
46099,0.098,24,15,58.3
46101,0.19,10,8,64.9
46103,0.11,19,12,72.7
46105,,7,5,174.5
46107,0.10300000000000001,6,4,129.1
46109,0.09,11,8,96.6
46111,0.127,5,4,
46113,0.196,5,4,184.3
46115,0.12300000000000001,10,8,86.4
46117,0.13699999999999998,11,8,
46119,0.065,7,6,
46121,0.20199999999999999,6,5,204.3
46123,0.099,5,4,82.0
46125,0.08900000000000001,10,9,60.0
46127,0.10400000000000001,17,14,58.4
46129,0.184,8,6,51.4
46135,0.114,17,11,73.9
46137,0.163,6,4,114.6
47001,0.19399999999999998,12,8,86.1
47003,0.223,14,11,84.7
47005,0.2,10,9,121.8
47007,0.27,6,6,77.5
47009,0.15,15,8,73.1
47011,0.195,14,9,76.2
47013,0.354,11,8,106.3
47015,0.2,8,8,113.0
47017,0.203,11,10,108.1
47019,0.225,10,7,73.4
47021,0.175,10,8,113.0
47023,0.171,10,9,77.5
47025,0.312,12,9,125.5
47027,0.265,7,7,132.8
47029,0.267,12,8,104.3
47031,0.188,11,7,89.7
47033,0.22899999999999998,12,11,78.2
47035,0.214,14,11,100.2
47037,0.14400000000000002,26,15,73.8
47039,0.251,7,6,114.2
47041,0.226,10,8,131.0
47043,0.22399999999999998,11,7,97.0
47045,0.193,14,11,66.4
47047,0.163,11,9,68.8
47049,0.326,6,5,124.8
47051,0.17800000000000002,12,10,93.7
47053,0.226,20,16,94.7
47055,0.18600000000000003,16,13,98.4
47057,0.19899999999999998,10,10,106.2
47059,0.207,12,7,98.5
47061,0.359,8,8,171.9
47063,0.26,13,9,85.4
47065,0.18,16,12,69.6
47067,0.293,9,10,118.3
47069,0.276,10,8,92.6
47071,0.271,10,10,117.0
47073,0.258,10,8,95.5
47075,0.251,13,10,65.3
47077,0.168,12,8,76.9
47079,0.267,14,13,112.2
47081,0.23600000000000002,8,6,92.3
47083,,5,5,114.6
47085,0.24100000000000002,8,7,102.0
47087,0.289,9,8,128.6
47089,0.255,11,7,81.5
47091,0.256,12,10,78.0
47093,0.16699999999999998,20,15,75.7
47095,0.207,9,8,77.1
47097,0.252,12,8,89.2
47099,0.233,11,10,102.0
47101,0.276,10,8,91.3
47103,0.23199999999999998,13,9,86.5
47105,0.127,14,10,80.7
47107,0.305,12,8,91.7
47109,0.263,11,9,111.5
47111,0.257,9,8,126.6
47113,0.19,16,11,63.3
47115,0.273,15,11,104.9
47117,0.214,11,8,88.3
47119,0.198,14,11,71.6
47121,0.332,9,7,116.1
47123,0.214,11,9,98.1
47125,0.17800000000000002,13,9,60.7
47127,0.294,8,8,88.2
47129,0.264,10,9,113.4
47131,0.16699999999999998,14,12,80.0
47133,0.27399999999999997,11,9,98.9
47135,0.248,4,4,114.5
47137,,7,7,66.6
47139,0.247,10,8,90.7
47141,0.166,12,8,74.8
47143,0.24600000000000002,13,8,95.5
47145,0.24600000000000002,12,7,113.2
47147,0.154,14,9,85.2
47149,0.145,22,17,49.0
47151,0.455,12,9,100.0
47153,0.265,11,10,81.8
47155,0.207,12,8,77.2
47157,0.158,18,12,70.6
47159,0.129,14,10,95.0
47161,0.29600000000000004,10,8,116.2
47163,0.221,15,8,72.9
47165,0.205,18,13,67.6
47167,0.24100000000000002,12,11,71.1
47169,,7,7,109.9
47171,0.257,9,6,83.1
47173,,11,9,90.7
47175,0.19399999999999998,6,6,90.1
47177,0.265,12,9,93.5
47179,0.185,14,8,70.5
47181,0.222,6,6,94.1
47183,0.23,14,11,80.5
47185,0.233,11,11,99.7
47187,0.069,18,14,43.7
47189,0.16899999999999998,18,14,60.4
48001,0.213,15,8,83.4
48003,0.282,11,7,107.9
48005,0.259,12,6,68.8
48007,,15,9,102.7
48009,,15,13,73.7
48011,,9,7,135.1
48013,0.287,16,12,61.2
48015,0.308,17,12,70.5
48017,,7,5,87.1
48019,,13,8,71.3
48021,0.14400000000000002,19,12,73.2
48023,0.10800000000000001,9,8,134.7
48025,0.177,10,6,56.2
48027,0.18899999999999997,15,9,55.5
48029,0.16699999999999998,39,22,59.6
48031,,14,9,80.6
48033,,8,6,
48035,,11,11,86.1
48037,0.204,15,7,72.7
48039,0.1,25,15,55.1
48041,0.126,23,14,36.6
48043,0.163,10,6,74.1
48045,,7,5,
48047,,11,6,77.2
48049,0.218,19,12,68.9
48051,,11,9,87.4
48053,0.081,18,13,83.5
48055,,17,10,60.8
48057,0.213,12,8,67.3
48059,,9,8,84.3
48061,0.301,22,8,30.4
48063,,10,7,82.3
48065,,11,10,109.4
48067,0.355,15,10,95.1
48069,,12,9,55.1
48071,,16,12,85.7
48073,0.281,16,11,88.7
48075,,10,7,82.4
48077,0.19899999999999998,16,14,82.0
48079,,7,6,64.6
48081,,9,10,102.9
48083,,11,10,79.4
48085,0.09699999999999999,46,24,34.1
48087,,10,8,157.4
48089,,21,15,73.1
48091,0.12,25,12,68.3
48093,0.221,12,12,79.3
48095,,9,8,
48097,,17,11,86.9
48099,0.191,14,9,50.0
48101,,6,4,
48103,,7,5,59.6
48105,,9,5,74.8
48107,,10,9,49.1
48109,,7,3,
48111,,8,5,65.4
48113,0.17300000000000001,50,29,50.6
48115,,10,8,62.5
48117,,7,6,58.1
48119,,12,9,114.5
48121,0.125,38,23,35.3
48123,,11,8,77.4
48125,,8,5,
48127,,11,8,63.7
48129,,8,6,82.0
48131,,12,8,77.9
48133,,15,12,91.7
48135,0.207,18,8,74.8
48137,0.22899999999999998,5,4,
48139,0.161,23,12,46.2
48141,0.259,25,11,41.7
48143,0.142,17,11,58.9
48145,,12,9,68.6
48147,0.35,14,10,87.9
48149,,15,13,89.6
48151,,10,10,80.8
48153,,10,10,86.8
48155,,7,5,
48157,0.131,28,21,32.4
48159,,10,7,88.7
48161,0.198,13,9,75.4
48163,,15,9,55.6
48165,0.184,11,9,69.5
48167,0.129,23,12,66.2
48169,,11,8,62.6
48171,,14,10,73.4
48173,,8,6,
48175,,8,8,74.7
48177,,9,7,84.9
48179,0.14800000000000002,13,9,81.8
48181,0.128,24,16,77.8
48183,0.193,20,10,70.2
48185,,18,15,81.2
48187,0.17800000000000002,26,16,53.3
48189,0.196,14,12,55.9
48191,,11,7,101.4
48193,,10,7,80.3
48195,,9,7,79.2
48197,,9,7,53.2
48199,0.162,12,7,88.1
48201,0.174,49,26,52.4
48203,0.18100000000000002,17,11,76.7
48205,,8,6,43.4
48207,,9,9,74.6
48209,0.133,23,16,49.0
48211,,8,7,82.7
48213,0.212,15,10,89.1
48215,0.267,26,11,29.8
48217,0.257,18,12,76.9
48219,0.162,14,9,70.5
48221,0.179,19,11,72.7
48223,0.179,16,9,90.7
48225,0.337,13,8,78.2
48227,0.27,11,7,74.4
48229,,7,4,
48231,0.191,23,16,72.2
48233,0.257,12,9,89.8
48235,,10,7,
48237,,15,12,75.3
48239,,16,11,78.1
48241,0.244,13,7,74.0
48243,0.11599999999999999,8,7,86.4
48245,0.151,22,12,66.3
48247,,9,7,53.3
48249,0.278,16,9,79.5
48251,0.214,24,15,61.7
48253,,12,11,70.6
48255,,12,7,76.3
48257,0.14,20,12,57.5
48259,,15,10,62.9
48261,,5,4,
48263,,6,5,
48265,0.203,14,9,88.9
48267,,8,7,87.2
48269,,5,5,
48271,,6,5,
48273,0.171,16,9,45.1
48275,,6,5,
48277,0.19,15,11,76.0
48279,,11,9,87.2
48281,,11,8,59.5
48283,,11,8,72.6
48285,0.35200000000000004,11,11,51.8
48287,,15,15,81.9
48289,0.19699999999999998,9,8,85.5
48291,0.203,18,13,88.3
48293,0.498,14,12,105.3
48295,,10,7,132.4
48297,,10,7,74.7
48299,,11,8,101.3
48301,,5,2,
48303,0.179,19,13,65.8
48305,,10,8,98.5
48307,,10,7,70.0
48309,0.20800000000000002,21,12,56.6
48311,,7,4,
48313,,9,8,70.7
48315,,8,8,81.4
48317,,10,8,95.8
48319,,9,5,65.5
48321,0.222,15,8,72.0
48323,0.257,11,6,41.4
48325,0.14300000000000002,19,14,55.7
48327,,7,5,134.0
48329,0.149,21,10,58.8
48331,0.327,15,13,68.8
48333,,10,7,90.3
48335,,11,8,68.3
48337,,13,12,115.6
48339,0.151,31,18,58.7
48341,,10,6,62.6
48343,,9,7,97.5
48345,,7,5,
48347,0.214,13,8,73.7
48349,0.23399999999999999,18,13,54.0
48351,,6,6,101.5
48353,,14,12,87.3
48355,0.2,23,15,62.9
48357,,9,7,85.2
48359,,6,5,
48361,0.158,13,6,104.3
48363,0.221,15,12,86.4
48365,0.153,13,10,91.5
48367,0.156,25,17,63.0
48369,,12,10,31.5
48371,0.185,12,8,50.3
48373,0.225,13,10,140.3
48375,0.248,19,11,74.1
48377,0.17600000000000002,8,6,33.9
48379,,9,7,78.3
48381,0.14,13,10,56.2
48383,,10,7,88.5
48385,,6,5,120.3
48387,0.327,11,9,110.9
48389,,11,7,61.7
48391,,7,6,70.7
48393,,9,7,
48395,,12,12,95.1
48397,,23,14,37.9
48399,,12,9,68.8
48401,0.151,16,13,81.9
48403,,4,4,127.6
48405,,6,6,154.9
48407,,13,13,93.7
48409,0.196,15,10,59.0
48411,,10,6,102.8
48413,,8,7,
48415,0.11699999999999999,10,6,79.5
48417,,11,11,
48419,0.168,11,9,116.3
48421,,11,8,72.4
48423,0.18100000000000002,23,12,69.4
48425,,11,7,83.0
48427,0.33299999999999996,9,7,32.2
48429,,11,10,91.9
48431,,9,8,171.8
48433,,10,8,
48435,,11,7,
48437,,11,8,69.2
48439,0.145,46,22,44.9
48441,0.16899999999999998,15,10,64.9
48443,,5,3,
48445,0.237,11,8,89.1
48447,,7,7,147.4
48449,0.184,11,6,72.4
48451,0.193,16,9,56.4
48453,0.131,38,20,52.8
48455,0.242,9,6,99.4
48457,0.255,12,8,98.0
48459,,13,9,86.3
48461,,5,4,60.5
48463,0.198,15,12,64.3
48465,0.306,11,7,42.8
48467,0.209,14,10,96.3
48469,0.22699999999999998,18,9,63.3
48471,0.159,15,10,55.2
48473,,18,12,69.5
48475,,11,7,72.8
48477,,17,13,65.5
48479,0.26,27,11,42.0
48481,0.19899999999999998,17,11,65.1
48483,,11,10,77.6
48485,0.20199999999999999,23,17,73.9
48487,,12,9,56.5
48489,,8,4,38.2
48491,0.12,28,17,37.9
48493,0.18,12,9,57.7
48495,,7,5,83.9
48497,0.14,20,14,69.1
48499,0.22,12,10,92.5
48501,,13,9,83.3
48503,0.251,13,12,105.5
48505,0.275,8,6,42.8
48507,,10,8,69.8
49001,0.138,10,7,85.7
49003,0.136,17,14,65.7
49005,0.11,16,11,39.6
49007,0.18899999999999997,8,7,123.9
49009,,5,5,
49011,0.1,19,14,49.7
49013,0.165,7,5,102.5
49015,0.159,7,5,97.3
49017,0.08800000000000001,7,6,86.3
49019,0.13,8,6,122.0
49021,0.109,16,11,76.1
49023,0.139,11,9,95.8
49025,0.15,5,4,135.4
49027,0.131,11,10,90.0
49029,0.052000000000000005,7,7,33.7
49031,0.15,5,5,
49033,,6,7,
49035,0.124,32,20,65.1
49037,0.142,8,7,114.3
49039,0.14400000000000002,9,9,83.9
49041,0.18,8,7,90.5
49043,0.087,17,13,49.7
49045,0.141,15,10,57.1
49047,0.155,8,5,81.6
49049,0.113,30,26,46.0
49051,0.099,13,9,60.9
49053,0.12,20,14,71.7
49055,0.08199999999999999,6,6,123.4
49057,0.14400000000000002,17,12,68.3
50001,0.091,12,10,65.2
50003,0.127,14,9,87.5
50005,0.12,12,10,74.4
50007,0.078,16,9,48.5
50009,0.174,9,8,88.7
50011,0.128,11,8,64.8
50013,0.094,8,7,54.1
50015,0.105,13,10,70.3
50017,0.115,14,11,80.1
50019,0.155,12,9,91.9
50021,0.124,15,9,76.3
50023,0.095,20,14,66.9
50025,0.10800000000000001,13,9,91.2
50027,0.10300000000000001,16,11,71.0
51001,0.2,11,10,79.5
51003,0.063,13,12,47.1
51005,0.161,7,7,86.0
51007,0.126,8,7,97.8
51009,0.195,13,8,71.7
51011,0.13,11,8,85.6
51013,0.08199999999999999,26,12,26.1
51015,0.11199999999999999,17,16,66.8
51017,,9,10,89.1
51019,0.175,17,15,68.7
51021,,9,9,114.1
51023,0.10099999999999999,14,12,64.2
51025,0.17600000000000002,11,8,55.2
51027,0.28600000000000003,10,10,139.0
51029,0.235,11,9,60.8
51031,0.16,14,9,66.1
51033,,12,8,54.0
51035,0.127,10,9,96.0
51036,0.13,6,4,105.3
51037,0.275,8,8,89.3
51041,0.12,16,9,46.7
51043,0.113,10,8,63.6
51045,0.155,5,7,89.2
51047,0.149,14,6,58.5
51049,0.261,9,10,68.4
51051,0.309,9,7,146.2
51053,0.193,11,7,62.4
51057,0.1,9,6,91.7
51059,0.07400000000000001,32,18,29.0
51061,0.126,13,9,72.4
51063,0.13699999999999998,5,8,78.6
51065,0.114,6,7,55.1
51067,0.20800000000000002,15,12,78.9
51069,0.122,13,10,54.9
51071,0.14300000000000002,11,9,88.6
51073,0.11699999999999999,8,6,75.0
51075,0.07200000000000001,11,8,54.7
51077,0.198,10,9,83.7
51079,,9,8,55.3
51081,0.24,6,6,57.7
51083,0.16,13,12,84.1
51085,0.091,13,9,48.6
51087,0.10800000000000001,16,8,49.2
51089,0.26,13,9,114.3
51091,,5,6,
51093,0.13699999999999998,10,5,51.1
51095,0.065,9,7,49.3
51097,,9,8,71.8
51099,,9,6,57.3
51101,,10,8,55.5
51103,,9,8,91.6
51105,0.28600000000000003,8,7,96.7
51107,0.105,29,16,23.7
51109,0.122,10,9,67.8
51111,0.2,10,9,79.4
51113,,7,7,85.9
51115,,9,8,58.0
51117,0.152,11,8,69.4
51119,,11,7,79.2
51121,0.115,14,12,45.3
51125,,10,12,78.6
51127,,6,6,53.1
51131,0.185,8,7,77.4
51133,,11,8,96.8
51135,0.209,10,8,66.9
51137,0.141,11,8,71.4
51139,0.179,10,9,74.9
51141,0.303,8,9,101.5
51143,0.193,18,14,85.4
51145,,10,6,60.0
51147,0.102,10,8,55.1
51149,0.109,10,6,51.6
51153,0.14300000000000002,22,10,34.1
51155,0.237,13,8,88.4
51157,,7,7,83.7
51159,0.203,10,8,82.3
51161,0.127,16,11,53.3
51163,0.08,10,9,77.0
51165,0.11,11,11,57.7
51167,0.294,11,8,94.5
51169,0.23,10,9,102.1
51171,0.13,10,9,64.7
51173,0.287,11,6,74.1
51175,0.133,8,5,64.7
51177,0.135,15,10,48.2
51179,0.107,15,9,36.5
51181,0.14300000000000002,7,5,68.7
51183,0.156,9,6,84.2
51185,0.29100000000000004,12,11,105.7
51187,0.138,11,8,67.6
51191,0.187,11,8,73.0
51193,0.156,10,8,60.7
51195,0.239,14,9,90.9
51197,0.27,14,10,86.3
51199,0.065,12,7,35.4
51510,0.10400000000000001,19,10,31.5
51520,,12,7,80.0
51530,,7,5,54.0
51540,0.071,14,9,40.3
51550,0.121,16,10,47.8
51570,,9,6,55.0
51580,,7,5,91.2
51590,0.23,14,11,89.3
51595,,8,5,71.9
51600,0.114,12,7,76.0
51610,,13,10,58.7
51620,0.151,8,6,63.2
51630,0.254,14,8,41.8
51640,,10,6,71.9
51650,0.126,12,8,50.5
51660,,10,11,28.9
51670,0.295,10,7,57.8
51678,,11,6,34.3
51680,0.134,16,12,55.5
51683,,16,9,45.4
51685,,11,6,25.1
51690,,11,6,88.2
51700,0.165,11,7,50.8
51710,0.155,14,10,55.2
51720,,6,5,60.5
51730,0.191,12,7,81.3
51735,,7,6,31.4
51740,0.177,11,8,63.1
51750,,7,6,52.3
51760,0.162,18,11,69.2
51770,0.17600000000000002,18,12,75.4
51775,0.152,14,10,57.2
51790,,10,10,80.6
51800,0.13,13,8,51.1
51810,0.125,15,9,46.3
51820,,12,11,62.7
51830,,10,7,49.5
51840,0.281,12,8,71.4
53001,0.233,14,11,50.6
53003,0.195,9,7,87.8
53005,0.129,21,13,47.0
53007,0.162,21,14,76.5
53009,0.152,13,7,96.1
53011,0.13699999999999998,23,14,57.6
53013,0.16899999999999998,12,8,50.0
53015,0.18100000000000002,21,11,73.2
53017,0.14800000000000002,20,13,50.5
53019,0.19399999999999998,12,11,137.1
53021,0.243,19,11,40.0
53023,0.19,6,5,
53025,0.192,21,15,66.8
53027,0.18600000000000003,14,8,78.0
53029,0.132,11,8,60.5
53031,0.168,9,7,86.6
53033,0.102,40,21,48.3
53035,0.125,19,11,54.4
53037,0.132,12,9,54.7
53039,0.15,10,7,83.3
53041,0.16899999999999998,21,13,82.5
53043,0.129,11,8,93.0
53045,0.18100000000000002,15,11,74.0
53047,0.198,15,13,96.7
53049,0.19,10,9,113.6
53051,0.145,11,9,103.2
53053,0.151,26,18,59.6
53055,0.09,8,8,49.5
53057,0.154,16,10,72.4
53059,0.17,11,9,86.9
53061,0.132,22,15,56.9
53063,0.139,28,20,83.3
53065,0.162,16,11,99.3
53067,0.135,21,12,60.2
53069,0.195,7,5,135.1
53071,0.154,17,11,72.0
53073,0.114,22,16,45.1
53075,0.095,20,14,40.9
53077,0.22,21,11,60.7
54001,0.24100000000000002,8,7,77.7
54003,0.162,13,7,72.5
54005,0.304,11,9,148.6
54007,0.25,10,9,104.7
54009,0.19,13,10,99.1
54011,0.21100000000000002,15,10,87.5
54013,0.217,7,8,65.7
54015,0.26899999999999996,7,7,110.3
54017,0.159,7,8,98.3
54019,0.225,9,8,111.8
54021,0.247,11,10,65.0
54023,0.23600000000000002,8,7,67.1
54025,0.209,10,9,107.4
54027,0.18899999999999997,7,7,84.9
54029,0.172,9,6,88.2
54031,0.166,8,6,86.4
54033,0.184,16,11,86.4
54035,0.21100000000000002,11,9,74.0
54037,0.157,10,7,67.7
54039,0.207,16,9,95.7
54041,0.223,14,11,95.1
54043,0.303,8,7,127.1
54045,0.313,12,10,134.7
54047,0.32799999999999996,9,9,188.3
54049,0.17600000000000002,14,10,74.8
54051,0.174,12,9,67.3
54053,0.209,9,7,94.0
54055,0.23199999999999998,12,9,126.3
54057,0.14800000000000002,14,8,73.4
54059,0.336,8,9,143.3
54061,0.161,17,11,55.0
54063,0.214,8,7,118.3
54065,0.21,8,6,81.0
54067,0.257,9,8,109.1
54069,0.14,14,8,59.6
54071,0.138,7,8,83.3
54073,0.127,7,7,57.6
54075,0.256,7,7,98.3
54077,0.193,11,8,75.2
54079,0.17300000000000001,13,9,73.3
54081,0.258,13,10,116.7
54083,0.221,14,11,86.5
54085,0.19,7,6,57.7
54087,0.263,8,7,80.6
54089,0.22699999999999998,9,8,134.5
54091,0.268,9,8,86.5
54093,0.151,7,7,87.4
54095,0.158,8,8,91.3
54097,0.19399999999999998,11,8,77.6
54099,0.285,13,11,94.0
54101,0.239,6,7,109.2
54103,0.231,10,9,77.5
54105,0.161,7,8,76.5
54107,0.205,15,9,62.4
54109,0.348,10,10,191.0
55001,0.149,12,10,85.3
55003,0.105,9,8,68.3
55005,0.10300000000000001,15,12,54.5
55007,0.145,6,7,77.0
55009,0.141,19,13,48.8
55011,0.212,11,11,60.5
55013,0.14,9,9,83.7
55015,0.11599999999999999,18,15,38.0
55017,0.11,18,13,60.3
55019,0.121,15,13,61.8
55021,0.12,16,13,71.3
55023,0.091,9,9,79.1
55025,0.09,26,15,48.9
55027,0.146,17,15,75.0
55029,0.073,12,10,61.0
55031,0.154,11,7,67.8
55033,0.1,14,13,64.9
55035,0.10800000000000001,18,14,51.3
55037,0.159,9,8,
55039,0.11599999999999999,19,16,63.4
55041,0.124,12,11,111.2
55043,0.107,17,14,56.4
55045,0.07200000000000001,13,12,69.1
55047,0.177,8,7,78.7
55049,,13,12,58.3
55051,0.086,7,8,87.2
55053,0.126,10,10,63.6
55055,0.096,15,14,49.4
55057,0.183,17,15,92.1
55059,0.131,17,14,61.1
55061,0.105,10,10,40.8
55063,0.073,15,7,61.6
55065,0.11699999999999999,12,13,74.9
55067,0.158,11,11,73.2
55069,0.124,13,11,79.4
55071,0.14800000000000002,18,16,82.2
55073,0.15,18,15,53.1
55075,0.15,11,8,75.2
55077,0.177,10,9,94.9
55078,0.171,6,6,112.5
55079,0.141,27,13,76.4
55081,0.115,12,9,62.2
55083,0.13,12,10,69.7
55085,0.11800000000000001,13,11,71.0
55087,0.086,20,14,46.4
55089,0.081,15,14,36.3
55091,0.102,7,7,34.9
55093,0.11199999999999999,14,14,51.9
55095,0.11699999999999999,14,13,79.8
55097,0.091,18,16,53.4
55099,0.107,8,9,60.8
55101,0.156,16,12,56.5
55103,0.149,13,12,67.7
55105,0.146,21,17,70.6
55107,0.105,11,10,74.9
55109,0.087,17,13,49.6
55111,0.096,15,10,71.0
55113,0.065,11,10,71.1
55115,0.127,13,12,58.3
55117,0.106,19,14,61.7
55119,0.066,9,9,64.0
55121,0.159,10,9,65.9
55123,0.111,12,12,68.4
55125,0.1,12,12,93.0
55127,0.139,18,18,62.7
55129,0.161,9,8,84.2
55131,0.095,18,16,64.2
55133,0.095,22,16,62.4
55135,0.12300000000000001,16,14,75.9
55137,0.109,12,9,70.0
55139,0.08900000000000001,17,13,61.8
55141,0.11199999999999999,16,12,56.8
56001,0.102,19,13,55.3
56003,0.139,9,7,118.6
56005,0.126,15,10,69.8
56007,0.132,19,14,83.6
56009,0.126,13,10,91.4
56011,0.10800000000000001,9,8,99.6
56013,0.139,14,11,132.7
56015,0.126,10,7,89.2
56017,0.15,7,6,83.5
56019,0.10300000000000001,12,10,74.7
56021,0.13,22,15,80.1
56023,0.122,16,11,86.8
56025,0.14300000000000002,18,11,91.5
56027,0.109,12,10,105.1
56029,0.1,15,12,80.1
56031,0.12300000000000001,15,13,117.4
56033,0.13,16,11,75.6
56035,0.11599999999999999,8,5,67.5
56037,0.142,18,11,95.1
56039,0.059000000000000004,11,8,46.8
56041,0.135,12,10,90.7
56043,0.106,9,7,83.1
56045,0.162,10,8,97.8
