GEOID,sdi_score
01001,22
01003,15
01005,88
01007,31
01009,36
01011,90
01013,81
01015,65
01017,83
01019,42
01021,53
01023,68
01025,73
01027,52
01029,45
01031,47
01033,51
01035,74
01037,55
01039,56
01041,54
01043,38
01045,61
01047,99
01049,53
01051,26
01053,76
01055,58
01057,62
01059,77
01061,64
01063,91
01065,83
01067,36
01069,59
01071,49
01073,64
01075,57
01077,42
01079,49
01081,59
01083,29
01085,87
01087,90
01089,26
01091,75
01093,55
01095,62
01097,71
01099,73
01101,83
01103,54
01105,95
01107,77
01109,89
01111,68
01113,89
01115,25
01117,3
01119,86
01121,77
01123,70
01125,58
01127,59
01129,40
01131,78
01133,54
02013,85
02016,75
02020,35
02050,98
02060,54
02068,8
02070,88
02090,32
02100,10
02105,44
02110,29
02122,22
02130,47
02150,52
02158,91
02164,78
02170,19
02180,99
02185,76
02188,100
02195,27
02198,63
02220,32
02230,31
02240,36
02261,42
02275,42
02282,55
02290,90
04001,90
04003,52
04005,75
04007,68
04009,69
04011,76
04012,59
04013,65
04015,62
04017,86
04019,75
04021,52
04023,86
04025,31
04027,78
05001,58
05003,55
05005,21
05007,22
05009,45
05011,80
05013,43
05015,38
05017,90
05019,63
05021,67
05023,28
05025,36
05027,75
05029,60
05031,73
05033,45
05035,97
05037,67
05039,49
05041,97
05043,75
05045,33
05047,55
05049,39
05051,61
05053,14
05055,49
05057,80
05059,50
05061,85
05063,55
05065,49
05067,80
05069,83
05071,52
05073,68
05075,54
05077,90
05079,86
05081,52
05083,56
05085,24
05087,42
05089,38
05091,72
05093,92
05095,95
05097,29
05099,56
05101,33
05103,73
05105,31
05107,100
05109,51
05111,87
05113,55
05115,55
05117,56
05119,56
05121,51
05123,97
05125,13
05127,66
05129,36
05131,71
05133,68
05135,49
05137,45
05139,71
05141,54
05143,72
05145,50
05147,92
05149,67
06001,62
06003,39
06005,20
06007,75
06009,14
06011,76
06013,37
06015,90
06017,14
06019,100
06021,87
06023,78
06025,99
06027,46
06029,98
06031,99
06033,87
06035,55
06037,92
06039,85
06041,17
06043,22
06045,78
06047,100
06049,35
06051,39
06053,85
06055,47
06057,13
06059,53
06061,13
06063,23
06065,71
06067,81
06069,59
06071,89
06073,63
06075,58
06077,91
06079,36
06081,33
06083,76
06085,41
06087,55
06089,57
06091,6
06093,66
06095,61
06097,50
06099,95
06101,83
06103,74
06105,42
06107,98
06109,34
06111,49
06113,78
06115,92
08001,59
08003,78
08005,34
08007,16
08009,30
08011,56
08013,20
08014,4
08015,9
08017,7
08019,1
08021,45
08023,62
08025,64
08027,21
08029,35
08031,77
08033,30
08035,1
08037,17
08039,2
08041,25
08043,37
08045,36
08047,2
08049,7
08051,39
08053,4
08055,47
08057,14
08059,7
08061,12
08063,47
08065,26
08067,8
08069,16
08071,41
08073,36
08075,52
08077,36
08079,1
08081,20
08083,39
08085,47
08087,56
08089,78
08091,3
08093,1
08095,25
08097,21
08099,64
08101,73
08103,22
08105,56
08107,5
08109,58
08111,36
08113,24
08115,18
08117,15
08119,4
08121,6
08123,34
08125,25
09001,30
09003,50
09005,5
09007,4
09009,51
09011,30
09013,5
09015,41
10001,45
10003,30
10005,27
11001,86
12001,59
12003,50
12005,50
12007,71
12009,27
12011,60
12013,64
12015,16
12017,33
12019,21
12021,34
12023,60
12027,85
12029,54
12031,70
12033,46
12035,16
12037,58
12039,90
12041,48
12043,59
12045,50
12047,83
12049,90
12051,92
12053,33
12055,50
12057,69
12059,66
12061,25
12063,75
12065,41
12067,56
12069,27
12071,45
12073,70
12075,56
12077,73
12079,72
12081,33
12083,45
12085,16
12086,96
12087,29
12089,20
12091,26
12093,85
12095,74
12097,77
12099,46
12101,29
12103,39
12105,67
12107,74
12109,4
12111,54
12113,16
12115,11
12117,17
12119,9
12121,76
12123,41
12125,85
12127,41
12129,42
12131,42
12133,56
13001,73
13003,77
13005,44
13007,52
13009,86
13011,43
13013,49
13015,53
13017,87
13019,67
13021,97
13023,43
13025,55
13027,80
13029,35
13031,85
13033,81
13035,67
13037,85
13039,36
13043,97
13045,76
13047,22
13049,53
13051,74
13053,41
13055,84
13057,14
13059,87
13061,97
13063,97
13065,88
13067,31
13069,83
13071,89
13073,5
13075,72
13077,21
13079,56
13081,97
13083,24
13085,22
13087,91
13089,85
13091,86
13093,87
13095,100
13097,57
13099,90
13101,78
13103,20
13105,76
13107,92
13109,89
13111,42
13113,3
13115,78
13117,2
13119,64
13121,73
13123,52
13125,33
13127,68
13129,61
13131,97
13133,54
13135,44
13137,45
13139,63
13141,66
13143,59
13145,6
13147,46
13149,65
13151,35
13153,48
13155,46
13157,27
13159,66
13161,69
13163,97
13165,97
13167,73
13169,30
13171,55
13173,96
13175,75
13177,23
13179,70
13181,57
13183,77
13185,91
13187,47
13189,91
13191,55
13193,97
13195,52
13197,80
13199,79
13201,80
13205,87
13207,39
13209,56
13211,27
13213,75
13215,89
13217,66
13219,1
13221,27
13223,16
13225,72
13227,19
13229,64
13231,20
13233,76
13235,71
13237,33
13239,66
13241,36
13243,97
13245,96
13247,64
13249,90
13251,76
13253,61
13255,85
13257,53
13259,92
13261,98
13263,74
13265,74
13267,77
13269,77
13271,81
13273,99
13275,87
13277,87
13279,88
13281,23
13283,52
13285,90
13287,87
13289,61
13291,20
13293,77
13295,51
13297,35
13299,85
13301,85
13303,78
13305,59
13307,67
13309,88
13311,32
13313,76
13315,58
13317,72
13319,55
13321,67
15001,52
15003,38
15005,41
15007,22
15009,41
16001,15
16003,22
16005,37
16007,5
16009,56
16011,30
16013,21
16015,8
16017,17
16019,18
16021,20
16023,13
16025,47
16027,61
16029,4
16031,40
16033,74
16035,14
16037,15
16039,46
16041,10
16043,12
16045,37
16047,51
16049,18
16051,17
16053,54
16055,22
16057,37
16059,28
16061,25
16063,33
16065,52
16067,44
16069,20
16071,13
16073,83
16075,41
16077,67
16079,51
16081,22
16083,42
16085,12
16087,62
17001,20
17003,92
17005,30
17007,23
17009,31
17011,19
17013,8
17015,13
17017,45
17019,55
17021,29
17023,22
17025,31
17027,5
17029,55
17031,79
17033,15
17035,25
17037,59
17039,13
17041,25
17043,6
17045,39
17047,18
17049,7
17051,44
17053,17
17055,50
17057,33
17059,30
17061,40
17063,12
17065,12
17067,6
17069,42
17071,18
17073,7
17075,25
17077,72
17079,4
17081,50
17083,6
17085,4
17087,27
17089,37
17091,51
17093,2
17095,55
17097,18
17099,30
17101,34
17103,20
17105,24
17107,43
17109,46
17111,5
17113,18
17115,56
17117,21
17119,23
17121,56
17123,4
17125,38
17127,55
17129,11
17131,6
17133,1
17135,35
17137,32
17139,33
17141,16
17143,53
17145,36
17147,1
17149,16
17151,27
17153,63
17155,13
17157,24
17159,26
17161,49
17163,57
17165,70
17167,40
17169,25
17171,24
17173,4
17175,14
17177,39
17179,5
17181,30
17183,68
17185,16
17187,38
17189,6
17191,18
17193,23
17195,27
17197,9
17199,24
17201,64
17203,2
18001,38
18003,46
18005,22
18007,22
18009,43
18011,2
18013,13
18015,14
18017,49
18019,23
18021,23
18023,29
18025,41
18027,38
18029,9
18031,33
18033,24
18035,62
18037,14
18039,59
18041,73
18043,27
18045,18
18047,14
18049,22
18051,12
18053,56
18055,27
18057,1
18059,2
18061,22
18063,2
18065,42
18067,50
18069,13
18071,27
18073,15
18075,51
18077,52
18079,50
18081,13
18083,40
18085,20
18087,38
18089,69
18091,53
18093,20
18095,51
18097,90
18099,34
18101,28
18103,39
18105,53
18107,28
18109,14
18111,28
18113,40
18115,9
18117,41
18119,34
18121,31
18123,15
18125,9
18127,12
18129,5
18131,22
18133,22
18135,41
18137,14
18139,45
18141,52
18143,47
18145,36
18147,6
18149,44
18151,14
18153,44
18155,55
18157,58
18159,15
18161,14
18163,50
18165,23
18167,71
18169,22
18171,12
18173,4
18175,42
18177,70
18179,6
18181,11
18183,5
19001,4
19003,4
19005,11
19007,18
19009,4
19011,2
19013,33
19015,8
19017,1
19019,4
19021,53
19023,2
19025,13
19027,6
19029,21
19031,2
19033,17
19035,11
19037,7
19039,33
19041,10
19043,6
19045,17
19047,43
19049,2
19051,41
19053,54
19055,9
19057,31
19059,2
19061,11
19063,15
19065,15
19067,22
19069,22
19071,5
19073,11
19075,1
19077,7
19079,12
19081,2
19083,5
19085,6
19087,17
19089,11
19091,13
19093,6
19095,2
19097,16
19099,8
19101,20
19103,37
19105,5
19107,13
19109,2
19111,32
19113,8
19115,29
19117,15
19119,2
19121,2
19123,20
19125,5
19127,33
19129,2
19131,4
19133,12
19135,22
19137,54
19139,25
19141,3
19143,15
19145,22
19147,4
19149,2
19151,8
19153,27
19155,33
19157,8
19159,6
19161,2
19163,20
19165,4
19167,8
19169,34
19171,13
19173,14
19175,17
19177,18
19179,56
19181,4
19183,9
19185,16
19187,40
19189,5
19191,1
19193,54
19195,13
19197,13
20001,32
20003,16
20005,40
20007,6
20009,48
20011,36
20013,22
20015,9
20017,9
20019,23
20021,22
20023,2
20025,25
20027,1
20029,24
20031,12
20033,2
20035,37
20037,52
20039,7
20041,15
20043,17
20045,42
20047,21
20049,22
20051,20
20053,9
20055,74
20057,77
20059,11
20061,42
20063,1
20065,2
20067,26
20069,23
20071,13
20073,18
20075,31
20077,14
20079,13
20081,35
20083,2
20085,4
20087,4
20089,4
20091,4
20093,18
20095,13
20097,21
20099,48
20101,3
20103,15
20105,4
20107,27
20109,11
20111,73
20113,3
20115,7
20117,5
20119,27
20121,3
20123,4
20125,55
20127,9
20129,24
20131,6
20133,39
20135,7
20137,22
20139,15
20141,12
20143,1
20145,8
20147,4
20149,2
20151,14
20153,4
20155,22
20157,4
20159,22
20161,52
20163,13
20165,5
20167,13
20169,39
20171,15
20173,45
20175,86
20177,41
20179,2
20181,47
20183,6
20185,14
20187,15
20189,22
20191,7
20193,4
20195,1
20197,1
20199,4
20201,4
20203,25
20205,42
20207,31
20209,97
21001,52
21003,47
21005,13
21007,22
21009,62
21011,71
21013,88
21015,9
21017,64
21019,52
21021,38
21023,51
21025,83
21027,48
21029,21
21031,67
21033,51
21035,53
21037,36
21039,44
21041,97
21043,44
21045,51
21047,81
21049,59
21051,77
21053,63
21055,46
21057,74
21059,39
21061,37
21063,73
21065,77
21067,64
21069,58
21071,76
21073,54
21075,83
21077,51
21079,55
21081,56
21083,46
21085,51
21087,43
21089,38
21091,22
21093,43
21095,77
21097,62
21099,66
21101,69
21103,52
21105,39
21107,38
21109,68
21111,61
21113,62
21115,59
21117,48
21119,74
21121,88
21123,54
21125,75
21127,48
21129,72
21131,70
21133,66
21135,68
21137,75
21139,30
21141,59
21143,13
21145,42
21147,83
21149,51
21151,58
21153,75
21155,61
21157,17
21159,78
21161,51
21163,47
21165,66
21167,48
21169,45
21171,58
21173,73
21175,56
21177,52
21179,44
21181,56
21183,54
21185,1
21187,45
21189,84
21191,22
21193,77
21195,60
21197,78
21199,66
21201,50
21203,59
21205,62
21207,73
21209,25
21211,29
21213,47
21215,13
21217,78
21219,66
21221,51
21223,42
21225,52
21227,68
21229,36
21231,78
21233,44
21235,78
21237,78
21239,16
22001,80
22003,63
22005,23
22007,56
22009,78
22011,51
22013,82
22015,44
22017,78
22019,64
22021,75
22023,17
22025,62
22027,88
22029,97
22031,80
22033,72
22035,100
22037,63
22039,90
22041,83
22043,52
22045,86
22047,78
22049,80
22051,68
22053,78
22055,57
22057,52
22059,44
22061,92
22063,40
22065,100
22067,78
22069,92
22071,97
22073,84
22075,53
22077,66
22079,78
22081,75
22083,71
22085,62
22087,78
22089,31
22091,77
22093,56
22095,66
22097,82
22099,56
22101,90
22103,18
22105,78
22107,97
22109,74
22111,59
22113,70
22115,44
22117,77
22119,73
22121,61
22123,76
22125,54
22127,72
23001,54
23003,43
23005,16
23007,15
23009,15
23011,30
23013,10
23015,7
23017,29
23019,40
23021,52
23023,8
23025,47
23027,20
23029,51
23031,8
24001,48
24003,6
24005,28
24009,5
24011,56
24013,2
24015,21
24017,10
24019,60
24021,5
24023,17
24025,5
24027,4
24029,26
24031,21
24033,68
24035,3
24037,9
24039,77
24041,24
24043,50
24045,62
24047,19
24510,97
25001,4
25003,37
25005,58
25007,5
25009,44
25011,20
25013,81
25015,25
25017,19
25019,22
25021,10
25023,12
25025,97
25027,39
26001,19
26003,22
26005,11
26007,33
26009,16
26011,44
26013,26
26015,8
26017,31
26019,12
26021,47
26023,34
26025,51
26027,27
26029,10
26031,27
26033,50
26035,64
26037,4
26039,25
26041,22
26043,13
26045,13
26047,9
26049,66
26051,47
26053,35
26055,6
26057,47
26059,42
26061,40
26063,20
26065,67
26067,33
26069,33
26071,19
26073,68
26075,43
26077,48
26079,37
26081,40
26083,17
26085,59
26087,14
26089,2
26091,23
26093,1
26095,51
26097,43
26099,28
26101,25
26103,21
26105,37
26107,47
26109,33
26111,12
26113,36
26115,14
26117,45
26119,33
26121,56
26123,40
26125,12
26127,43
26129,55
26131,16
26133,52
26135,48
26137,15
26139,6
26141,17
26143,41
26145,55
26147,28
26149,48
26151,24
26153,41
26155,21
26157,22
26159,48
26161,29
26163,88
26165,32
27001,14
27003,6
27005,13
27007,62
27009,41
27011,13
27013,32
27015,7
27017,15
27019,1
27021,24
27023,14
27025,2
27027,14
27029,36
27031,6
27033,21
27035,13
27037,6
27039,3
27041,2
27043,13
27045,9
27047,22
27049,7
27051,2
27053,35
27055,5
27057,5
27059,8
27061,13
27063,5
27065,22
27067,17
27069,5
27071,19
27073,2
27075,8
27077,5
27079,6
27081,2
27083,23
27085,6
27087,77
27089,5
27091,22
27093,5
27095,32
27097,14
27099,35
27101,4
27103,13
27105,56
27107,13
27109,7
27111,5
27113,16
27115,25
27117,22
27119,17
27121,2
27123,62
27125,5
27127,13
27129,9
27131,19
27133,8
27135,13
27137,26
27139,1
27141,4
27143,8
27145,22
27147,13
27149,21
27151,20
27153,19
27155,4
27157,1
27159,33
27161,5
27163,2
27165,24
27167,8
27169,16
27171,3
27173,8
28001,90
28003,66
28005,51
28007,85
28009,56
28011,100
28013,77
28015,42
28017,86
28019,71
28021,92
28023,55
28025,86
28027,100
28029,74
28031,72
28033,24
28035,91
28037,55
28039,43
28041,44
28043,77
28045,73
28047,84
28049,89
28051,98
28053,100
28055,92
28057,44
28059,41
28061,66
28063,99
28065,80
28067,73
28069,83
28071,71
28073,50
28075,80
28077,55
28079,81
28081,66
28083,100
28085,62
28087,79
28089,27
28091,78
28093,69
28095,66
28097,78
28099,83
28101,74
28103,83
28105,85
28107,78
28109,60
28111,55
28113,88
28115,50
28117,64
28119,97
28121,13
28123,91
28125,98
28127,76
28129,66
28131,54
28133,100
28135,87
28137,70
28139,58
28141,45
28143,100
28145,72
28147,66
28149,73
28151,100
28153,57
28155,68
28157,83
28159,89
28161,65
28163,98
29001,54
29003,5
29005,15
29007,51
29009,51
29011,38
29013,46
29015,38
29017,46
29019,40
29021,62
29023,66
29025,19
29027,30
29029,23
29031,42
29033,29
29035,67
29037,8
29039,56
29041,19
29043,14
29045,16
29047,14
29049,11
29051,24
29053,22
29055,73
29057,39
29059,62
29061,35
29063,35
29065,71
29067,48
29069,86
29071,23
29073,32
29075,22
29077,48
29079,46
29081,34
29083,37
29085,41
29087,15
29089,25
29091,58
29093,73
29095,67
29097,51
29099,19
29101,36
29103,37
29105,63
29107,21
29109,47
29111,18
29113,33
29115,33
29117,35
29119,73
29121,33
29123,45
29125,44
29127,66
29129,22
29131,47
29133,99
29135,30
29137,13
29139,52
29141,52
29143,88
29145,24
29147,51
29149,49
29151,5
29153,63
29155,98
29157,12
29159,55
29161,54
29163,45
29165,14
29167,46
29169,51
29171,42
29173,16
29175,47
29177,22
29179,48
29181,61
29183,1
29185,52
29186,16
29187,68
29189,20
29195,56
29197,42
29199,49
29201,67
29203,47
29205,25
29207,45
29209,24
29211,51
29213,57
29215,54
29217,47
29219,36
29221,59
29223,55
29225,43
29227,14
29229,66
29510,97
30001,19
30003,87
30005,77
30007,4
30009,4
30011,2
30013,38
30015,48
30017,14
30019,1
30021,16
30023,23
30025,2
30027,14
30029,12
30031,16
30033,5
30035,86
30037,29
30039,16
30041,52
30043,2
30045,4
30047,51
30049,14
30051,50
30053,30
30055,2
30057,2
30059,7
30061,22
30063,39
30065,15
30067,6
30069,2
30071,16
30073,47
30075,7
30077,18
30079,14
30081,25
30083,16
30085,80
30087,51
30089,33
30091,13
30093,53
30095,2
30097,6
30099,9
30101,55
30103,24
30105,8
30107,55
30109,34
30111,21
31001,12
31003,5
31005,6
31007,7
31009,35
31011,3
31013,22
31015,2
31017,21
31019,15
31021,4
31023,8
31025,2
31027,2
31029,4
31031,11
31033,12
31035,8
31037,51
31039,15
31041,6
31043,66
31045,21
31047,54
31049,11
31051,14
31053,23
31055,47
31057,5
31059,2
31061,4
31063,4
31065,22
31067,9
31069,1
31071,4
31073,2
31075,5
31077,2
31079,63
31081,1
31083,5
31085,7
31087,10
31089,5
31091,11
31093,2
31095,12
31097,22
31099,4
31101,15
31103,8
31105,27
31107,13
31109,33
31111,21
31113,8
31115,2
31117,15
31119,32
31121,6
31123,37
31125,12
31127,8
31129,4
31131,10
31133,12
31135,3
31137,4
31139,1
31141,15
31143,2
31145,4
31147,18
31149,4
31151,36
31153,6
31155,2
31157,42
31159,4
31161,20
31163,9
31165,3
31167,4
31169,4
31171,2
31173,92
31175,5
31177,1
31179,17
31181,6
31183,2
31185,6
32001,55
32003,85
32005,13
32007,31
32009,70
32011,5
32013,41
32015,47
32017,21
32019,51
32021,87
32023,46
32027,79
32029,5
32031,70
32033,22
32510,73
33001,7
33003,4
33005,15
33007,36
33009,15
33011,17
33013,6
33015,2
33017,22
33019,18
34001,75
34003,17
34005,7
34007,55
34009,20
34011,85
34013,95
34015,10
34017,95
34019,1
34021,48
34023,34
34025,9
34027,3
34029,14
34031,86
34033,45
34035,3
34037,2
34039,69
34041,16
35001,74
35003,6
35005,78
35006,85
35007,54
35009,82
35011,52
35013,85
35015,43
35017,61
35019,53
35021,5
35023,72
35025,57
35027,25
35028,1
35029,74
35031,92
35033,39
35035,77
35037,47
35039,74
35041,86
35043,27
35045,72
35047,73
35049,44
35051,45
35053,70
35055,67
35057,51
35059,31
35061,62
36001,36
36003,44
36005,100
36007,52
36009,54
36011,40
36013,53
36015,38
36017,36
36019,52
36021,24
36023,38
36025,51
36027,26
36029,43
36031,23
36033,68
36035,54
36037,22
36039,28
36041,12
36043,38
36045,58
36047,99
36049,19
36051,28
36053,14
36055,49
36057,79
36059,8
36061,81
36063,34
36065,56
36067,45
36069,17
36071,36
36073,50
36075,62
36077,36
36079,4
36081,83
36083,37
36085,40
36087,43
36089,58
36091,4
36093,27
36095,26
36097,22
36099,26
36101,45
36103,10
36105,68
36107,11
36109,47
36111,34
36113,22
36115,36
36117,22
36119,47
36121,23
36123,35
37001,70
37003,42
37005,45
37007,90
37009,44
37011,30
37013,55
37015,68
37017,85
37019,30
37021,38
37023,73
37025,34
37027,55
37029,14
37031,35
37033,66
37035,47
37037,27
37039,38
37041,88
37043,33
37045,70
37047,73
37049,53
37051,73
37053,15
37055,13
37057,51
37059,21
37061,86
37063,76
37065,98
37067,72
37069,49
37071,69
37073,27
37075,42
37077,51
37079,84
37081,70
37083,90
37085,62
37087,37
37089,21
37091,89
37093,78
37095,44
37097,36
37099,46
37101,51
37103,70
37105,68
37107,92
37109,34
37111,67
37113,38
37115,40
37117,70
37119,59
37121,46
37123,77
37125,22
37127,79
37129,54
37131,87
37133,48
37135,28
37137,28
37139,80
37141,45
37143,58
37145,73
37147,85
37149,23
37151,55
37153,88
37155,97
37157,66
37159,66
37161,62
37163,78
37165,97
37167,58
37169,38
37171,55
37173,60
37175,14
37177,63
37179,14
37181,97
37183,23
37185,73
37187,84
37189,50
37191,88
37193,59
37195,90
37197,63
37199,55
38001,2
38003,9
38005,85
38007,5
38009,4
38011,5
38013,23
38015,10
38017,30
38019,2
38021,11
38023,4
38025,8
38027,23
38029,12
38031,12
38033,10
38035,43
38037,8
38039,6
38041,6
38043,4
38045,6
38047,11
38049,8
38051,16
38053,35
38055,5
38057,2
38059,5
38061,25
38063,4
38065,6
38067,4
38069,22
38071,36
38073,13
38075,1
38077,6
38079,81
38081,2
38083,17
38085,100
38087,6
38089,13
38091,2
38093,25
38095,9
38097,5
38099,15
38101,15
38103,8
38105,27
39001,75
39003,55
39005,32
39007,58
39009,75
39011,4
39013,24
39015,41
39017,26
39019,23
39021,25
39023,66
39025,14
39027,51
39029,42
39031,38
39033,36
39035,76
39037,22
39039,23
39041,1
39043,26
39045,15
39047,70
39049,67
39051,8
39053,56
39055,6
39057,18
39059,55
39061,72
39063,20
39065,46
39067,22
39069,11
39071,66
39073,36
39075,39
39077,35
39079,75
39081,42
39083,27
39085,10
39087,45
39089,18
39091,35
39093,38
39095,76
39097,25
39099,53
39101,56
39103,2
39105,53
39107,5
39109,27
39111,38
39113,71
39115,44
39117,19
39119,62
39121,19
39123,4
39125,15
39127,52
39129,21
39131,83
39133,27
39135,17
39137,1
39139,49
39141,57
39143,25
39145,69
39147,34
39149,15
39151,36
39153,38
39155,43
39157,29
39159,5
39161,11
39163,59
39165,1
39167,20
39169,31
39171,23
39173,15
39175,17
40001,74
40003,15
40005,56
40007,13
40009,41
40011,23
40013,61
40015,58
40017,6
40019,43
40021,68
40023,74
40025,36
40027,24
40029,77
40031,69
40033,50
40035,47
40037,34
40039,54
40041,47
40043,16
40045,13
40047,38
40049,43
40051,20
40053,8
40055,43
40057,52
40059,15
40061,59
40063,50
40065,66
40067,55
40069,52
40071,61
40073,12
40075,51
40077,52
40079,60
40081,30
40083,12
40085,21
40087,13
40089,77
40091,54
40093,20
40095,51
40097,49
40099,40
40101,72
40103,15
40105,44
40107,70
40109,72
40111,66
40113,31
40115,71
40117,26
40119,56
40121,49
40123,56
40125,50
40127,59
40129,13
40131,10
40133,62
40135,70
40137,36
40139,62
40141,64
40143,56
40145,13
40147,20
40149,25
40151,22
40153,20
41001,41
41003,43
41005,18
41007,40
41009,22
41011,51
41013,50
41015,34
41017,24
41019,56
41021,20
41023,22
41025,43
41027,47
41029,66
41031,76
41033,55
41035,66
41037,54
41039,59
41041,43
41043,57
41045,85
41047,80
41049,48
41051,68
41053,41
41055,39
41057,27
41059,78
41061,40
41063,34
41065,53
41067,35
41069,25
41071,52
42001,12
42003,25
42005,24
42007,16
42009,24
42011,48
42013,24
42015,22
42017,3
42019,4
42021,33
42023,33
42025,21
42027,39
42029,3
42031,36
42033,24
42035,36
42037,25
42039,34
42041,9
42043,49
42045,24
42047,8
42049,46
42051,54
42053,17
42055,24
42057,22
42059,27
42061,20
42063,32
42065,25
42067,27
42069,36
42071,30
42073,31
42075,36
42077,48
42079,50
42081,36
42083,47
42085,22
42087,45
42089,24
42091,5
42093,14
42095,16
42097,37
42099,13
42101,98
42103,12
42105,19
42107,33
42109,23
42111,18
42113,13
42115,16
42117,22
42119,31
42121,29
42123,12
42125,9
42127,14
42129,7
42131,14
42133,21
44001,7
44003,16
44005,20
44007,87
44009,5
45001,66
45003,51
45005,92
45007,48
45009,77
45011,86
45013,19
45015,39
45017,54
45019,52
45021,78
45023,84
45025,86
45027,78
45029,76
45031,79
45033,92
45035,31
45037,50
45039,71
45041,76
45043,52
45045,44
45047,84
45049,74
45051,44
45053,74
45055,41
45057,51
45059,75
45061,80
45063,26
45065,54
45067,83
45069,95
45071,68
45073,55
45075,83
45077,55
45079,62
45081,62
45083,61
45085,77
45087,80
45089,78
45091,32
46003,7
46005,59
46007,98
46009,13
46011,25
46013,14
46015,31
46017,100
46019,14
46021,3
46023,48
46025,14
46027,40
46029,22
46031,100
46033,2
46035,22
46037,35
46039,2
46041,97
46043,7
46045,5
46047,13
46049,8
46051,5
46053,46
46055,10
46057,5
46059,7
46061,2
46063,5
46065,16
46067,14
46069,8
46071,76
46073,9
46075,6
46077,4
46079,9
46081,17
46083,1
46085,68
46087,4
46089,41
46091,19
46093,12
46095,95
46097,4
46099,31
46101,31
46102,100
46103,25
46105,14
46107,5
46109,58
46111,4
46115,12
46117,8
46119,6
46121,100
46123,49
46125,3
46127,2
46129,22
46135,18
46137,99
47001,50
47003,66
47005,64
47007,56
47009,19
47011,68
47013,61
47015,55
47017,59
47019,55
47021,27
47023,55
47025,50
47027,48
47029,74
47031,57
47033,66
47035,32
47037,75
47039,48
47041,58
47043,43
47045,58
47047,17
47049,67
47051,41
47053,56
47055,45
47057,41
47059,47
47061,73
47063,73
47065,49
47067,72
47069,80
47071,57
47073,52
47075,77
47077,70
47079,45
47081,55
47083,51
47085,35
47087,59
47089,41
47091,55
47093,31
47095,97
47097,98
47099,59
47101,50
47103,54
47105,25
47107,47
47109,56
47111,55
47113,59
47115,56
47117,46
47119,41
47121,58
47123,50
47125,48
47127,11
47129,48
47131,68
47133,47
47135,68
47137,23
47139,51
47141,68
47143,76
47145,42
47147,22
47149,24
47151,68
47153,54
47155,46
47157,87
47159,29
47161,28
47163,40
47165,15
47167,41
47169,42
47171,60
47173,53
47175,36
47177,72
47179,36
47181,45
47183,58
47185,45
47187,1
47189,8
48001,56
48003,31
48005,78
48007,39
48009,6
48011,5
48013,61
48015,22
48017,56
48019,14
48021,40
48023,6
48025,85
48027,58
48029,77
48031,13
48033,3
48035,31
48037,69
48039,28
48041,82
48043,43
48045,40
48047,97
48049,42
48051,42
48053,33
48055,68
48057,66
48059,22
48061,91
48063,75
48065,6
48067,52
48069,52
48071,16
48073,69
48075,41
48077,8
48079,62
48081,13
48083,52
48085,8
48087,48
48089,26
48091,8
48093,49
48095,17
48097,35
48099,48
48101,57
48103,46
48105,36
48107,77
48109,61
48111,67
48113,90
48115,52
48117,76
48119,49
48121,18
48123,54
48125,56
48127,86
48129,37
48131,90
48133,39
48135,61
48137,25
48139,27
48141,88
48143,56
48145,59
48147,40
48149,17
48151,43
48153,75
48155,36
48157,12
48159,42
48161,36
48163,80
48165,29
48167,40
48169,37
48171,18
48173,22
48175,40
48177,77
48179,31
48181,52
48183,75
48185,59
48187,21
48189,81
48191,78
48193,29
48195,48
48197,36
48199,14
48201,82
48203,40
48205,24
48207,64
48209,41
48211,34
48213,45
48215,87
48217,59
48219,52
48221,13
48223,56
48225,58
48227,56
48229,55
48231,59
48233,46
48235,11
48237,31
48239,26
48241,42
48243,22
48245,84
48247,59
48249,76
48251,31
48253,37
48255,76
48257,38
48259,8
48261,72
48263,22
48265,43
48267,40
48269,38
48271,46
48273,99
48275,58
48277,66
48279,72
48281,31
48283,70
48285,26
48287,32
48289,42
48291,58
48293,61
48295,22
48297,34
48299,16
48301,75
48303,74
48305,70
48307,48
48309,75
48311,46
48313,74
48315,41
48317,32
48319,21
48321,74
48323,83
48325,33
48327,58
48329,41
48331,66
48333,25
48335,27
48337,31
48339,26
48341,66
48343,58
48345,46
48347,87
48349,85
48351,28
48353,73
48355,84
48357,55
48359,23
48361,38
48363,74
48365,25
48367,13
48369,67
48371,37
48373,55
48375,88
48377,75
48379,28
48381,13
48383,49
48385,39
48387,51
48389,51
48391,58
48393,1
48395,61
48397,4
48399,45
48401,49
48403,58
48405,52
48407,58
48409,65
48411,33
48413,55
48415,27
48417,34
48419,64
48421,27
48423,55
48425,44
48427,89
48429,40
48431,36
48433,42
48435,35
48437,54
48439,57
48441,55
48443,46
48445,54
48447,22
48449,75
48451,52
48453,60
48455,42
48457,41
48459,28
48461,51
48463,72
48465,78
48467,30
48469,59
48471,66
48473,66
48475,59
48477,30
48479,89
48481,71
48483,34
48485,61
48487,77
48489,87
48491,11
48493,20
48495,47
48497,22
48499,28
48501,51
48503,35
48505,87
48507,97
49001,10
49003,6
49005,19
49007,33
49009,2
49011,3
49013,14
49015,7
49017,21
49019,44
49021,45
49023,14
49025,2
49027,16
49029,1
49031,30
49033,8
49035,29
49037,61
49039,24
49041,14
49043,4
49045,6
49047,16
49049,15
49051,8
49053,22
49055,8
49057,26
50001,9
50003,23
50005,22
50007,16
50009,33
50011,18
50013,4
50015,16
50017,13
50019,30
50021,24
50023,11
50025,21
50027,14
51001,61
51003,9
51005,25
51007,15
51009,24
51011,38
51013,27
51015,10
51017,13
51019,7
51021,21
51023,2
51025,74
51027,57
51029,54
51031,22
51033,41
51035,31
51036,33
51037,58
51041,7
51043,14
51045,6
51047,33
51049,73
51051,56
51053,45
51057,38
51059,11
51061,2
51063,16
51065,5
51067,24
51069,11
51071,25
51073,3
51075,2
51077,54
51079,16
51081,74
51083,55
51085,1
51087,31
51089,61
51091,21
51093,16
51095,2
51097,26
51099,5
51101,11
51103,15
51105,63
51107,2
51109,20
51111,66
51113,28
51115,1
51117,54
51119,11
51121,42
51125,48
51127,4
51131,66
51133,17
51135,87
51137,25
51139,47
51141,43
51143,37
51145,3
51147,72
51149,24
51153,15
51155,29
51157,9
51159,39
51161,5
51163,16
51165,21
51167,48
51169,49
51171,27
51173,53
51175,51
51177,9
51179,3
51181,37
51183,70
51185,40
51187,24
51191,22
51193,33
51195,66
51197,46
51199,2
51510,44
51520,88
51530,77
51540,69
51550,20
51570,44
51580,60
51590,97
51595,100
51600,9
51610,13
51620,95
51630,70
51640,95
51650,73
51660,92
51670,97
51678,66
51680,80
51683,46
51685,31
51690,97
51700,76
51710,91
51720,97
51730,99
51735,1
51740,90
51750,74
51760,97
51770,88
51775,27
51790,56
51800,35
51810,19
51820,78
51830,71
51840,81
53001,81
53003,42
53005,37
53007,52
53009,25
53011,31
53013,35
53015,56
53017,47
53019,55
53021,78
53023,12
53025,78
53027,61
53029,11
53031,8
53033,32
53035,17
53037,51
53039,32
53041,52
53043,12
53045,37
53047,68
53049,36
53051,39
53053,42
53055,10
53057,42
53059,20
53061,23
53063,39
53065,33
53067,25
53069,25
53071,47
53073,37
53075,51
53077,87
54001,50
54003,46
54005,56
54007,54
54009,22
54011,68
54013,52
54015,55
54017,22
54019,56
54021,52
54023,25
54025,49
54027,76
54029,28
54031,41
54033,33
54035,28
54037,22
54039,42
54041,55
54043,56
54045,56
54047,76
54049,25
54051,15
54053,48
54055,53
54057,58
54059,66
54061,49
54063,27
54065,35
54067,40
54069,31
54071,30
54073,28
54075,22
54077,23
54079,4
54081,46
54083,41
54085,51
54087,48
54089,43
54091,27
54093,21
54095,41
54097,37
54099,56
54101,74
54103,40
54105,22
54107,43
54109,63
55001,19
55003,39
55005,18
55007,5
55009,28
55011,7
55013,16
55015,2
55017,11
55019,40
55021,7
55023,21
55025,28
55027,14
55029,2
55031,40
55033,19
55035,22
55037,4
55039,12
55041,44
55043,16
55045,6
55047,21
55049,4
55051,6
55053,33
55055,10
55057,24
55059,51
55061,3
55063,16
55065,11
55067,35
55069,9
55071,9
55073,12
55075,16
55077,20
55078,80
55079,90
55081,42
55083,4
55085,3
55087,7
55089,1
55091,8
55093,7
55095,10
55097,18
55099,14
55101,40
55103,20
55105,45
55107,24
55109,4
55111,20
55113,28
55115,8
55117,13
55119,16
55121,21
55123,23
55125,15
55127,23
55129,12
55131,2
55133,1
55135,8
55137,15
55139,17
55141,13
56001,41
56003,13
56005,14
56007,32
56009,14
56011,2
56013,33
56015,15
56017,13
56019,3
56021,13
56023,4
56025,22
56027,16
56029,4
56031,19
56033,6
56035,2
56037,20
56039,13
56041,17
56043,27
56045,21
