GEOID,urban,FluVax_BlackRate,FluVax_NHWhiteRate,FluVax_WholeRate
01001,1,27.0,44.0,42
01003,0,27.0,48.0,47
01005,0,29.0,38.0,35
01007,1,19.0,33.0,31
01009,1,25.0,39.0,39
01011,0,20.0,42.0,28
01013,0,21.0,31.0,27
01015,1,24.0,39.0,37
01017,0,30.0,46.0,41
01019,0,29.0,48.0,47
01021,1,32.0,41.0,41
01023,0,24.0,37.0,32
01025,0,18.0,31.0,26
01027,0,24.0,42.0,40
01029,0,40.0,38.0,38
01031,0,28.0,37.0,35
01033,1,38.0,48.0,46
01035,0,30.0,46.0,39
01037,0,29.0,43.0,39
01039,0,24.0,40.0,38
01041,0,27.0,35.0,34
01043,0,24.0,43.0,43
01045,0,31.0,42.0,40
01047,0,26.0,47.0,35
01049,0,30.0,41.0,40
01051,1,25.0,40.0,38
01053,0,25.0,38.0,35
01055,1,22.0,38.0,36
01057,0,36.0,48.0,46
01059,0,24.0,38.0,37
01061,1,32.0,43.0,42
01063,1,19.0,38.0,23
01065,1,21.0,42.0,29
01067,1,26.0,40.0,37
01069,1,28.0,47.0,43
01071,0,32.0,43.0,42
01073,1,31.0,52.0,45
01075,0,27.0,42.0,41
01077,1,34.0,52.0,51
01079,1,30.0,37.0,36
01081,1,31.0,48.0,43
01083,1,35.0,49.0,48
01085,1,27.0,44.0,34
01087,0,29.0,40.0,31
01089,1,31.0,49.0,46
01091,0,24.0,45.0,35
01093,0,26.0,37.0,36
01095,0,40.0,49.0,48
01097,1,29.0,45.0,41
01099,0,23.0,43.0,36
01101,1,27.0,44.0,37
01103,1,27.0,47.0,45
01105,0,21.0,33.0,25
01107,0,35.0,51.0,45
01109,0,22.0,36.0,32
01111,0,20.0,30.0,28
01113,1,29.0,43.0,38
01115,1,31.0,43.0,43
01117,1,35.0,48.0,46
01119,0,27.0,40.0,31
01121,0,23.0,40.0,36
01123,0,31.0,48.0,44
01125,1,27.0,48.0,42
01127,1,33.0,41.0,41
01129,0,19.0,26.0,24
01131,0,15.0,32.0,20
01133,0,,38.0,38
02020,1,26.0,42.0,40
02050,0,,16.0,4
02060,0,,39.0,35
02070,0,,28.0,17
02090,1,31.0,38.0,37
02100,0,,44.0,44
02110,0,34.0,52.0,50
02122,0,,25.0,25
02130,0,27.0,48.0,45
02150,0,,46.0,42
02170,1,18.0,34.0,33
02180,0,,11.0,5
02220,0,,44.0,43
02230,0,,25.0,26
02240,0,,28.0,29
02270,0,,32.0,4
02290,0,,36.0,32
04001,0,18.0,30.0,40
04003,0,23.0,35.0,33
04005,1,24.0,45.0,39
04007,0,33.0,42.0,39
04009,0,0.0,32.0,29
04011,0,,23.0,27
04012,0,25.0,33.0,31
04013,1,29.0,52.0,50
04015,1,25.0,41.0,40
04017,0,20.0,37.0,36
04019,1,28.0,53.0,50
04021,1,30.0,47.0,44
04023,0,31.0,40.0,35
04025,1,29.0,45.0,45
04027,1,28.0,47.0,40
04990,0,,44.0,47
05001,0,25.0,48.0,44
05003,0,31.0,46.0,43
05005,0,,50.0,50
05007,1,28.0,55.0,54
05009,0,,44.0,44
05011,0,37.0,51.0,47
05013,0,20.0,35.0,33
05015,0,,46.0,45
05017,0,18.0,36.0,29
05019,0,37.0,48.0,47
05021,0,,31.0,31
05023,0,,37.0,37
05025,1,21.0,45.0,43
05027,0,31.0,52.0,46
05029,0,24.0,32.0,31
05031,1,26.0,54.0,52
05033,1,36.0,47.0,46
05035,1,20.0,50.0,38
05037,0,25.0,47.0,44
05039,0,34.0,44.0,41
05041,0,22.0,49.0,40
05043,0,28.0,47.0,43
05045,1,34.0,50.0,49
05047,1,45.0,49.0,48
05049,0,,41.0,41
05051,1,35.0,58.0,57
05053,1,42.0,55.0,55
05055,0,21.0,46.0,46
05057,0,24.0,42.0,37
05059,0,42.0,53.0,52
05061,0,28.0,48.0,45
05063,0,44.0,51.0,51
05065,0,,38.0,38
05067,0,40.0,53.0,51
05069,1,30.0,48.0,40
05071,0,26.0,48.0,46
05073,0,21.0,37.0,32
05075,0,53.0,27.0,27
05077,0,26.0,42.0,35
05079,1,24.0,43.0,40
05081,0,25.0,50.0,47
05083,0,17.0,32.0,32
05085,1,32.0,51.0,50
05087,1,,41.0,41
05089,0,,37.0,37
05091,1,28.0,45.0,42
05093,0,35.0,48.0,44
05095,0,18.0,27.0,25
05097,0,,33.0,33
05099,0,23.0,40.0,36
05101,0,,26.0,26
05103,0,36.0,50.0,46
05105,1,54.0,45.0,45
05107,0,21.0,33.0,27
05109,0,17.0,32.0,31
05111,1,19.0,47.0,46
05113,0,,35.0,35
05115,0,30.0,48.0,47
05117,0,15.0,36.0,34
05119,1,34.0,57.0,52
05121,0,23.0,45.0,45
05123,0,29.0,49.0,41
05125,1,38.0,56.0,55
05127,0,,37.0,37
05129,0,,20.0,20
05131,1,28.0,51.0,49
05133,0,34.0,53.0,51
05135,0,,36.0,36
05137,0,,49.0,49
05139,0,24.0,48.0,42
05141,0,55.0,37.0,37
05143,1,31.0,52.0,51
05145,0,31.0,51.0,50
05147,0,24.0,28.0,27
05149,0,26.0,38.0,37
06001,1,28.0,52.0,47
06003,0,,45.0,42
06005,0,38.0,48.0,48
06007,1,27.0,40.0,40
06009,0,37.0,45.0,44
06011,0,33.0,46.0,46
06013,1,27.0,54.0,48
06015,0,0.0,37.0,36
06017,1,39.0,49.0,48
06019,1,30.0,49.0,45
06021,0,34.0,37.0,36
06023,0,31.0,41.0,40
06025,1,23.0,39.0,32
06027,0,0.0,40.0,37
06029,1,25.0,41.0,38
06031,1,21.0,41.0,36
06033,0,19.0,29.0,29
06035,0,21.0,27.0,26
06037,1,21.0,43.0,39
06039,1,28.0,40.0,36
06041,1,28.0,52.0,51
06043,0,,33.0,33
06045,0,17.0,30.0,30
06047,1,32.0,45.0,41
06049,0,,17.0,17
06051,0,,43.0,41
06053,1,33.0,49.0,46
06055,1,25.0,46.0,42
06057,0,37.0,46.0,46
06059,1,28.0,49.0,50
06061,1,33.0,51.0,50
06063,0,32.0,25.0,25
06065,1,24.0,45.0,40
06067,1,30.0,45.0,43
06069,1,27.0,54.0,48
06071,1,19.0,33.0,29
06073,1,26.0,48.0,43
06075,1,29.0,47.0,44
06077,1,26.0,49.0,44
06079,1,32.0,53.0,52
06081,1,35.0,56.0,52
06083,1,34.0,51.0,49
06085,1,29.0,55.0,51
06087,1,34.0,53.0,52
06089,1,28.0,41.0,41
06091,0,,20.0,21
06093,0,21.0,29.0,29
06095,1,26.0,42.0,38
06097,1,26.0,48.0,46
06099,1,29.0,45.0,43
06101,1,34.0,50.0,49
06103,0,18.0,34.0,33
06105,0,24.0,37.0,37
06107,1,32.0,48.0,43
06109,0,21.0,44.0,43
06111,1,32.0,52.0,49
06113,1,32.0,53.0,50
06115,1,27.0,41.0,41
06990,0,,28.0,29
08001,1,35.0,49.0,46
08003,0,,41.0,39
08005,1,34.0,56.0,53
08007,0,,35.0,34
08009,0,,23.0,23
08011,0,,33.0,33
08013,1,41.0,55.0,54
08014,1,45.0,61.0,60
08015,0,,48.0,48
08017,0,,37.0,36
08019,1,,46.0,46
08021,0,,31.0,28
08023,0,,27.0,28
08025,0,,32.0,31
08027,0,,44.0,43
08029,0,,44.0,44
08031,1,33.0,55.0,49
08033,0,,31.0,32
08035,1,39.0,57.0,56
08037,0,,60.0,57
08039,1,32.0,41.0,41
08041,1,28.0,46.0,44
08043,0,24.0,41.0,41
08045,0,40.0,46.0,45
08047,1,,42.0,41
08049,0,,42.0,41
08051,0,,46.0,45
08053,0,,21.0,20
08055,0,33.0,34.0,34
08057,0,,24.0,24
08059,1,35.0,53.0,52
08061,0,,32.0,31
08063,0,,38.0,38
08065,0,,44.0,44
08067,0,21.0,49.0,48
08069,1,40.0,57.0,56
08071,0,,28.0,27
08073,0,,43.0,42
08075,0,50.0,42.0,41
08077,1,25.0,51.0,50
08079,0,,58.0,57
08081,0,,34.0,34
08083,0,,41.0,41
08085,0,37.0,48.0,47
08087,0,29.0,40.0,38
08089,0,18.0,41.0,38
08091,0,,49.0,49
08093,1,,44.0,43
08095,0,,59.0,58
08097,0,,58.0,57
08099,0,,34.0,33
08101,1,38.0,50.0,49
08103,0,,27.0,27
08105,0,,32.0,29
08107,0,,54.0,53
08109,0,,30.0,29
08111,0,,57.0,59
08113,0,,44.0,44
08115,0,,20.0,20
08117,0,,60.0,60
08119,1,17.0,43.0,42
08121,0,,19.0,19
08123,1,32.0,53.0,50
08125,0,,31.0,31
08990,0,,54.0,44
09001,1,36.0,59.0,55
09003,1,38.0,59.0,56
09005,0,45.0,57.0,56
09007,1,37.0,60.0,59
09009,1,39.0,58.0,55
09011,1,36.0,55.0,53
09013,1,35.0,59.0,58
09015,0,39.0,54.0,54
10001,1,42.0,57.0,53
10003,1,40.0,61.0,56
10005,0,41.0,59.0,57
11001,1,32.0,55.0,40
12001,1,34.0,53.0,50
12003,1,21.0,40.0,38
12005,1,27.0,41.0,40
12007,0,26.0,36.0,35
12009,1,25.0,42.0,41
12011,1,20.0,45.0,39
12013,0,24.0,25.0,25
12015,1,33.0,56.0,55
12017,0,34.0,47.0,47
12019,1,27.0,42.0,40
12021,1,29.0,62.0,59
12023,0,28.0,42.0,41
12027,0,23.0,46.0,43
12029,0,30.0,33.0,33
12031,1,33.0,48.0,44
12033,1,27.0,41.0,38
12035,1,36.0,49.0,47
12037,0,32.0,34.0,34
12039,1,22.0,40.0,31
12041,1,20.0,38.0,38
12043,0,26.0,46.0,43
12045,0,29.0,45.0,44
12047,0,30.0,42.0,39
12049,0,31.0,40.0,38
12051,0,17.0,39.0,32
12053,1,28.0,45.0,43
12055,0,22.0,46.0,43
12057,1,27.0,48.0,43
12059,0,21.0,39.0,39
12061,1,27.0,56.0,55
12063,0,27.0,36.0,35
12065,1,18.0,36.0,31
12067,0,21.0,33.0,33
12069,1,33.0,57.0,55
12071,1,32.0,57.0,55
12073,1,24.0,47.0,42
12075,0,29.0,40.0,39
12077,0,20.0,23.0,23
12079,0,23.0,41.0,37
12081,1,29.0,53.0,51
12083,1,28.0,48.0,46
12085,1,29.0,56.0,55
12086,1,20.0,43.0,29
12087,0,18.0,45.0,42
12089,1,40.0,53.0,52
12091,1,26.0,39.0,37
12093,0,24.0,40.0,38
12095,1,28.0,49.0,43
12097,1,27.0,46.0,39
12099,1,25.0,59.0,56
12101,1,28.0,47.0,46
12103,1,28.0,49.0,48
12105,1,27.0,49.0,46
12107,0,28.0,41.0,40
12109,1,35.0,55.0,54
12111,1,24.0,49.0,45
12113,1,26.0,39.0,39
12115,1,35.0,58.0,58
12117,1,29.0,51.0,48
12119,0,27.0,53.0,52
12121,0,24.0,36.0,35
12123,0,24.0,35.0,34
12125,0,19.0,41.0,39
12127,1,28.0,48.0,46
12129,1,25.0,38.0,37
12131,0,27.0,41.0,41
12133,0,23.0,32.0,31
12990,0,,57.0,43
13001,0,23.0,33.0,31
13003,0,26.0,39.0,36
13005,0,9.0,32.0,30
13007,1,26.0,29.0,28
13009,0,24.0,47.0,40
13011,0,28.0,46.0,45
13013,1,32.0,50.0,48
13015,1,35.0,50.0,49
13017,0,29.0,38.0,36
13019,0,31.0,41.0,40
13021,1,29.0,49.0,42
13023,0,24.0,48.0,45
13025,1,30.0,36.0,36
13027,1,28.0,42.0,38
13029,1,21.0,43.0,40
13031,0,34.0,53.0,49
13033,1,24.0,37.0,32
13035,1,25.0,45.0,43
13037,0,18.0,40.0,30
13039,0,30.0,43.0,41
13043,0,28.0,33.0,31
13045,1,29.0,45.0,43
13047,1,42.0,52.0,51
13049,0,26.0,40.0,38
13051,1,30.0,51.0,46
13053,1,26.0,24.0,25
13055,0,26.0,42.0,41
13057,1,38.0,53.0,53
13059,1,33.0,60.0,53
13061,0,23.0,40.0,33
13063,1,28.0,51.0,39
13065,0,29.0,35.0,34
13067,1,34.0,55.0,51
13069,0,27.0,41.0,39
13071,0,28.0,38.0,36
13073,1,29.0,50.0,47
13075,0,36.0,43.0,41
13077,1,31.0,49.0,46
13079,1,36.0,43.0,41
13081,0,27.0,46.0,40
13083,1,47.0,43.0,43
13085,1,64.0,49.0,49
13087,0,26.0,40.0,36
13089,1,31.0,59.0,46
13091,0,28.0,45.0,42
13093,0,30.0,44.0,39
13095,1,29.0,50.0,41
13097,1,30.0,48.0,42
13099,0,22.0,40.0,34
13101,1,37.0,43.0,41
13103,1,25.0,42.0,40
13105,0,24.0,38.0,35
13107,0,20.0,35.0,31
13109,0,32.0,47.0,43
13111,0,,47.0,47
13113,1,36.0,57.0,53
13115,1,34.0,49.0,48
13117,1,36.0,56.0,55
13119,0,35.0,51.0,50
13121,1,33.0,61.0,49
13123,0,38.0,47.0,47
13125,0,16.0,44.0,41
13127,1,32.0,50.0,47
13129,0,35.0,47.0,46
13131,0,32.0,49.0,45
13133,0,28.0,60.0,55
13135,1,30.0,53.0,48
13137,0,27.0,48.0,47
13139,1,33.0,52.0,50
13141,0,25.0,46.0,35
13143,1,28.0,36.0,36
13145,1,34.0,43.0,42
13147,0,39.0,55.0,53
13149,1,24.0,41.0,39
13151,1,30.0,47.0,41
13153,1,31.0,44.0,41
13155,0,31.0,38.0,36
13157,0,34.0,53.0,52
13159,1,36.0,54.0,50
13161,0,26.0,43.0,41
13163,0,17.0,30.0,25
13165,0,16.0,33.0,28
13167,0,29.0,41.0,39
13169,1,31.0,52.0,48
13171,1,35.0,48.0,46
13173,1,22.0,36.0,33
13175,0,30.0,46.0,42
13177,1,33.0,47.0,44
13179,1,23.0,34.0,29
13181,0,34.0,49.0,46
13183,1,16.0,33.0,29
13185,1,27.0,43.0,38
13187,0,29.0,50.0,49
13189,1,39.0,54.0,50
13191,1,36.0,47.0,44
13193,0,29.0,39.0,34
13195,1,33.0,50.0,48
13197,1,28.0,36.0,33
13199,1,34.0,44.0,41
13201,0,17.0,41.0,36
13205,0,28.0,42.0,38
13207,1,31.0,47.0,43
13209,0,27.0,37.0,35
13211,0,27.0,51.0,48
13213,1,24.0,47.0,47
13215,1,27.0,47.0,38
13217,1,36.0,53.0,47
13219,1,42.0,57.0,57
13221,1,34.0,47.0,45
13223,1,31.0,46.0,44
13225,0,33.0,45.0,42
13227,1,50.0,52.0,52
13229,0,35.0,44.0,43
13231,1,26.0,45.0,43
13233,0,33.0,46.0,44
13235,0,34.0,44.0,42
13237,0,30.0,52.0,49
13239,0,42.0,42.0,42
13241,0,23.0,46.0,46
13243,0,16.0,33.0,27
13245,1,27.0,45.0,37
13247,1,34.0,51.0,44
13249,0,22.0,43.0,39
13251,0,25.0,36.0,33
13253,0,17.0,40.0,34
13255,1,27.0,48.0,44
13257,0,33.0,50.0,49
13259,0,34.0,43.0,40
13261,0,29.0,51.0,44
13263,0,26.0,43.0,37
13265,0,24.0,44.0,35
13267,0,24.0,36.0,34
13269,0,27.0,44.0,40
13271,0,20.0,37.0,33
13273,1,21.0,48.0,38
13275,0,35.0,54.0,49
13277,0,39.0,52.0,49
13279,0,22.0,39.0,35
13281,0,,50.0,50
13283,0,22.0,44.0,40
13285,0,28.0,44.0,39
13287,0,38.0,49.0,46
13289,1,35.0,42.0,39
13291,0,45.0,50.0,50
13293,0,33.0,43.0,41
13295,1,32.0,47.0,46
13297,1,33.0,50.0,47
13299,0,29.0,45.0,43
13301,0,31.0,49.0,42
13303,0,29.0,47.0,41
13305,0,25.0,45.0,43
13307,0,31.0,49.0,44
13309,0,26.0,38.0,35
13311,0,28.0,48.0,48
13313,1,33.0,48.0,47
13315,0,27.0,41.0,39
13317,0,25.0,48.0,41
13319,0,28.0,45.0,40
13321,1,24.0,45.0,41
13990,0,,,38
15001,0,20.0,34.0,38
15003,1,23.0,42.0,49
15007,0,23.0,36.0,42
15009,0,25.0,36.0,38
16001,1,33.0,51.0,51
16003,0,,36.0,36
16005,1,30.0,45.0,44
16007,0,,24.0,23
16009,0,,27.0,27
16011,0,,31.0,30
16013,0,,58.0,58
16015,1,,35.0,35
16017,0,0.0,36.0,36
16019,1,42.0,49.0,49
16021,0,,24.0,24
16023,0,,29.0,29
16025,0,,32.0,32
16027,1,36.0,45.0,45
16029,0,,38.0,38
16031,0,,42.0,42
16033,0,,39.0,36
16035,0,,41.0,41
16037,0,,35.0,35
16039,0,20.0,26.0,25
16041,1,,42.0,42
16043,0,,41.0,40
16045,1,,34.0,34
16047,0,,29.0,28
16049,0,,23.0,23
16051,1,,44.0,44
16053,0,,41.0,39
16055,1,30.0,45.0,45
16057,0,,49.0,49
16059,0,,28.0,28
16061,0,,35.0,36
16063,0,,38.0,36
16065,0,,44.0,44
16067,0,,33.0,33
16069,1,29.0,47.0,47
16071,0,,28.0,28
16073,1,,31.0,31
16075,0,,42.0,41
16077,1,,44.0,42
16079,0,,43.0,43
16081,0,,32.0,32
16083,0,33.0,51.0,50
16085,0,,47.0,47
16087,0,,32.0,31
17001,0,35.0,44.0,44
17003,1,23.0,42.0,37
17005,1,29.0,49.0,48
17007,1,26.0,50.0,48
17009,0,,34.0,34
17011,0,22.0,42.0,42
17013,1,,47.0,47
17015,0,0.0,51.0,50
17017,0,,43.0,43
17019,1,35.0,52.0,50
17021,0,44.0,44.0,44
17023,0,,45.0,45
17025,0,,39.0,39
17027,1,27.0,43.0,43
17029,0,25.0,47.0,46
17031,1,33.0,55.0,49
17033,0,17.0,39.0,39
17035,0,,43.0,43
17037,1,29.0,56.0,54
17039,0,,42.0,42
17041,0,,46.0,46
17043,1,40.0,59.0,57
17045,0,,35.0,35
17047,0,,40.0,40
17049,0,,36.0,35
17051,0,,41.0,41
17053,1,,33.0,33
17055,0,18.0,37.0,37
17057,0,17.0,37.0,36
17059,0,,32.0,33
17061,0,,37.0,37
17063,1,20.0,50.0,49
17065,0,0.0,38.0,37
17067,0,0.0,42.0,42
17069,0,,17.0,17
17071,0,,46.0,46
17073,1,28.0,47.0,47
17075,0,23.0,41.0,41
17077,0,25.0,42.0,40
17079,0,,44.0,44
17081,0,33.0,48.0,47
17083,1,,42.0,42
17085,0,,48.0,48
17087,0,,42.0,42
17089,1,35.0,57.0,53
17091,1,34.0,52.0,50
17093,1,41.0,59.0,57
17095,0,43.0,55.0,55
17097,1,35.0,59.0,57
17099,0,34.0,47.0,47
17101,0,40.0,47.0,46
17103,0,31.0,41.0,41
17105,0,44.0,55.0,54
17107,0,26.0,43.0,43
17109,0,37.0,47.0,47
17111,1,41.0,55.0,55
17113,1,37.0,60.0,59
17115,1,31.0,53.0,50
17117,1,38.0,39.0,39
17119,1,35.0,52.0,51
17121,0,30.0,47.0,46
17123,1,50.0,47.0,47
17125,0,,41.0,40
17127,0,29.0,47.0,46
17129,1,,41.0,41
17131,1,,48.0,47
17133,1,,54.0,54
17135,0,21.0,31.0,31
17137,0,37.0,50.0,50
17139,0,50.0,50.0,50
17141,0,43.0,51.0,50
17143,1,35.0,54.0,52
17145,0,20.0,35.0,34
17147,1,,51.0,51
17149,0,,21.0,21
17151,0,,28.0,28
17153,0,22.0,40.0,35
17155,0,,39.0,39
17157,0,20.0,30.0,30
17159,0,,47.0,47
17161,1,32.0,56.0,54
17163,1,31.0,49.0,45
17165,0,15.0,23.0,22
17167,1,34.0,54.0,52
17169,0,,36.0,36
17171,0,,43.0,43
17173,0,,50.0,50
17175,1,,48.0,47
17177,0,32.0,51.0,50
17179,1,55.0,57.0,57
17181,0,44.0,50.0,50
17183,1,22.0,35.0,34
17185,0,,38.0,38
17187,0,18.0,38.0,37
17189,0,,48.0,48
17191,0,,47.0,47
17193,0,,43.0,44
17195,0,28.0,47.0,46
17197,1,35.0,52.0,50
17199,0,32.0,41.0,41
17201,1,30.0,51.0,49
17203,1,55.0,51.0,51
17990,0,,72.0,63
18001,0,,48.0,48
18003,1,33.0,55.0,52
18005,1,49.0,60.0,60
18007,1,,53.0,52
18009,0,,54.0,54
18011,1,47.0,59.0,59
18013,1,,54.0,54
18015,1,,53.0,53
18017,0,27.0,52.0,51
18019,1,43.0,53.0,52
18021,1,44.0,42.0,42
18023,0,25.0,59.0,59
18025,0,,39.0,39
18027,0,27.0,37.0,37
18029,1,50.0,56.0,55
18031,0,0.0,38.0,38
18033,0,25.0,51.0,51
18035,1,33.0,55.0,54
18037,0,,51.0,51
18039,1,38.0,54.0,53
18041,0,35.0,46.0,46
18043,1,39.0,55.0,54
18045,0,,45.0,45
18047,1,,48.0,48
18049,0,39.0,50.0,50
18051,1,43.0,59.0,59
18053,0,32.0,50.0,49
18055,1,,41.0,40
18057,1,46.0,64.0,64
18059,1,39.0,62.0,61
18061,1,31.0,54.0,54
18063,1,37.0,61.0,61
18065,0,32.0,38.0,38
18067,1,29.0,48.0,47
18069,0,47.0,54.0,54
18071,0,19.0,55.0,55
18073,1,,48.0,48
18075,0,,54.0,54
18077,0,37.0,55.0,55
18079,0,41.0,48.0,48
18081,1,32.0,58.0,58
18083,0,48.0,52.0,52
18085,0,28.0,54.0,53
18087,0,,52.0,52
18089,1,25.0,48.0,43
18091,1,34.0,54.0,52
18093,0,43.0,49.0,49
18095,1,36.0,55.0,54
18097,1,37.0,56.0,51
18099,0,50.0,54.0,54
18101,0,,31.0,31
18103,0,19.0,44.0,43
18105,1,37.0,56.0,56
18107,0,36.0,57.0,57
18109,1,38.0,55.0,55
18111,1,,44.0,44
18113,0,42.0,52.0,51
18115,1,,54.0,54
18117,0,,41.0,41
18119,1,,50.0,50
18121,0,,48.0,48
18123,0,,42.0,42
18125,0,,37.0,37
18127,1,27.0,50.0,49
18129,1,54.0,64.0,63
18131,0,,34.0,34
18133,1,30.0,50.0,49
18135,0,21.0,39.0,39
18137,0,,52.0,52
18139,0,38.0,51.0,50
18141,1,36.0,56.0,54
18143,0,,46.0,46
18145,1,38.0,41.0,40
18147,0,33.0,56.0,56
18149,0,,35.0,35
18151,0,,54.0,54
18153,1,,49.0,49
18155,0,,54.0,54
18157,1,29.0,56.0,55
18159,1,,60.0,60
18161,0,,52.0,51
18163,1,42.0,59.0,58
18165,1,,49.0,49
18167,1,35.0,53.0,52
18169,0,21.0,46.0,46
18171,0,,47.0,47
18173,1,50.0,62.0,61
18175,1,,48.0,48
18177,0,37.0,48.0,47
18179,1,,50.0,50
18181,0,,57.0,56
18183,1,,53.0,53
19001,0,,53.0,53
19003,0,,54.0,54
19005,0,,44.0,44
19007,0,,43.0,43
19009,0,,41.0,41
19011,1,,38.0,38
19013,1,37.0,61.0,59
19015,0,36.0,64.0,64
19017,1,23.0,53.0,53
19019,0,,41.0,41
19021,0,,39.0,38
19023,0,,48.0,48
19025,0,,39.0,39
19027,0,36.0,62.0,62
19029,0,,32.0,32
19031,0,,47.0,47
19033,0,27.0,60.0,60
19035,0,,43.0,42
19037,0,,59.0,59
19039,0,,43.0,43
19041,0,,58.0,58
19043,0,,41.0,41
19045,0,30.0,59.0,59
19047,0,,48.0,47
19049,1,30.0,61.0,61
19051,0,,49.0,49
19053,0,,42.0,42
19055,0,,39.0,39
19057,0,33.0,59.0,58
19059,0,,65.0,65
19061,1,26.0,54.0,54
19063,0,,57.0,57
19065,0,27.0,43.0,43
19067,0,31.0,51.0,50
19069,0,,49.0,49
19071,0,,36.0,36
19073,0,,59.0,59
19075,1,,46.0,46
19077,1,,57.0,57
19079,0,,54.0,54
19081,0,,61.0,61
19083,0,,63.0,63
19085,1,,42.0,41
19087,0,77.0,56.0,56
19089,0,,44.0,44
19091,0,,43.0,43
19093,0,,47.0,46
19095,0,,51.0,50
19097,0,,55.0,55
19099,0,47.0,64.0,64
19101,0,0.0,24.0,24
19103,1,43.0,64.0,63
19105,1,,39.0,39
19107,0,,45.0,45
19109,0,,35.0,35
19111,0,33.0,50.0,49
19113,1,37.0,64.0,63
19115,0,,55.0,54
19117,0,,44.0,44
19119,0,,54.0,54
19121,1,,41.0,41
19123,0,45.0,60.0,60
19125,0,32.0,60.0,59
19127,0,40.0,58.0,57
19129,1,0.0,58.0,57
19131,0,,36.0,35
19133,0,,14.0,14
19135,0,,44.0,43
19137,0,,60.0,60
19139,0,25.0,52.0,51
19141,0,,39.0,39
19143,0,,58.0,57
19145,0,,52.0,52
19147,0,,37.0,37
19149,0,,58.0,57
19151,0,,38.0,38
19153,1,37.0,64.0,62
19155,1,45.0,62.0,61
19157,0,,67.0,67
19159,0,,34.0,34
19161,0,,40.0,39
19163,1,35.0,62.0,61
19165,0,,57.0,57
19167,0,,58.0,57
19169,1,54.0,71.0,70
19171,0,,49.0,49
19173,0,,51.0,51
19175,0,,59.0,59
19177,0,,30.0,30
19179,0,22.0,49.0,48
19181,1,45.0,63.0,63
19183,1,36.0,50.0,50
19185,0,,38.0,38
19187,0,31.0,49.0,48
19189,0,,59.0,59
19191,0,,63.0,63
19193,1,25.0,55.0,52
19195,0,,59.0,59
19197,0,,35.0,35
20001,0,36.0,42.0,43
20003,0,,31.0,31
20005,0,23.0,34.0,33
20007,0,,25.0,24
20009,0,37.0,31.0,31
20011,0,34.0,45.0,45
20013,0,17.0,28.0,28
20015,1,31.0,52.0,52
20017,0,,43.0,43
20019,0,,31.0,31
20021,0,,41.0,41
20023,0,,40.0,40
20025,0,,32.0,32
20027,0,,42.0,42
20029,0,,35.0,35
20031,0,,41.0,42
20033,0,,51.0,51
20035,0,38.0,51.0,51
20037,0,32.0,48.0,47
20039,0,,47.0,47
20041,0,21.0,29.0,29
20043,1,40.0,43.0,43
20045,1,48.0,64.0,63
20047,0,,20.0,20
20049,0,,37.0,36
20051,0,50.0,52.0,52
20053,0,,33.0,33
20055,0,26.0,53.0,49
20057,0,29.0,49.0,46
20059,1,29.0,45.0,44
20061,1,20.0,30.0,28
20063,0,,45.0,45
20065,0,26.0,44.0,43
20067,0,,47.0,44
20069,0,,46.0,45
20071,0,,7.0,7
20073,0,,47.0,46
20075,0,,38.0,36
20077,0,,33.0,32
20079,1,35.0,55.0,54
20081,0,,59.0,58
20083,0,,46.0,46
20085,1,,32.0,32
20087,1,44.0,57.0,57
20089,0,,36.0,36
20091,1,42.0,64.0,63
20093,0,,24.0,25
20095,0,,42.0,42
20097,0,,39.0,38
20099,0,26.0,41.0,41
20101,0,,12.0,12
20103,1,31.0,50.0,49
20105,0,,42.0,42
20107,1,,31.0,31
20109,0,,41.0,42
20111,0,37.0,57.0,55
20113,0,27.0,57.0,56
20115,0,,45.0,45
20117,0,,40.0,40
20119,0,,41.0,41
20121,1,30.0,42.0,42
20123,0,,52.0,52
20125,0,25.0,38.0,37
20127,0,,36.0,36
20129,0,,44.0,44
20131,0,,35.0,35
20133,0,41.0,44.0,44
20135,0,,40.0,40
20137,0,,39.0,39
20139,1,,54.0,53
20141,0,,33.0,33
20143,0,,47.0,47
20145,0,41.0,42.0,42
20147,0,,39.0,39
20149,1,,40.0,39
20151,0,,42.0,42
20153,0,,33.0,33
20155,0,22.0,28.0,28
20157,0,,49.0,49
20159,0,,20.0,20
20161,1,41.0,60.0,58
20163,0,,51.0,51
20165,0,,41.0,41
20167,0,,27.0,27
20169,0,37.0,53.0,52
20171,0,,33.0,33
20173,1,37.0,56.0,54
20175,0,33.0,41.0,38
20177,1,40.0,61.0,59
20179,0,,38.0,37
20181,0,,36.0,36
20183,0,,33.0,33
20185,0,27.0,35.0,35
20187,0,,25.0,24
20189,0,,47.0,46
20191,1,38.0,49.0,49
20193,0,,34.0,34
20195,0,,23.0,23
20197,1,,50.0,49
20199,0,,35.0,36
20201,0,,39.0,40
20203,0,,45.0,44
20205,0,,33.0,34
20207,0,,41.0,40
20209,1,36.0,51.0,46
20990,0,,50.0,50
21001,0,22.0,28.0,28
21003,0,36.0,39.0,39
21005,0,42.0,45.0,44
21007,0,25.0,52.0,52
21009,0,32.0,48.0,47
21011,0,26.0,37.0,37
21013,0,25.0,32.0,32
21015,1,37.0,56.0,55
21017,1,45.0,53.0,53
21019,1,32.0,50.0,49
21021,0,24.0,39.0,38
21023,1,,35.0,35
21025,0,,30.0,30
21027,0,27.0,33.0,33
21029,1,52.0,54.0,54
21031,0,,44.0,44
21033,0,27.0,41.0,40
21035,0,30.0,48.0,47
21037,1,36.0,57.0,57
21039,0,,47.0,47
21041,0,29.0,37.0,37
21043,0,,44.0,44
21045,0,,31.0,31
21047,1,24.0,42.0,38
21049,1,35.0,47.0,47
21051,0,11.0,13.0,13
21053,0,,30.0,30
21055,0,,29.0,29
21057,0,12.0,17.0,17
21059,1,36.0,53.0,53
21061,1,,46.0,46
21063,0,,36.0,36
21065,0,,27.0,27
21067,1,37.0,56.0,54
21069,0,35.0,33.0,33
21071,0,27.0,31.0,31
21073,0,33.0,43.0,42
21075,0,17.0,34.0,31
21077,1,45.0,42.0,42
21079,0,36.0,37.0,37
21081,1,47.0,46.0,47
21083,0,24.0,45.0,44
21085,0,26.0,45.0,45
21087,0,27.0,38.0,37
21089,1,45.0,50.0,49
21091,1,18.0,45.0,44
21093,1,34.0,47.0,46
21095,0,12.0,21.0,21
21097,0,40.0,51.0,51
21099,0,32.0,38.0,38
21101,1,33.0,52.0,50
21103,1,41.0,46.0,46
21105,0,36.0,50.0,47
21107,0,36.0,47.0,46
21109,0,,27.0,27
21111,1,37.0,57.0,54
21113,1,42.0,53.0,52
21115,0,,37.0,37
21117,1,34.0,57.0,56
21119,0,20.0,32.0,32
21121,0,25.0,23.0,23
21123,1,29.0,45.0,45
21125,0,32.0,34.0,34
21127,0,,41.0,41
21129,0,,19.0,19
21131,0,,21.0,21
21133,0,18.0,24.0,24
21135,0,,26.0,26
21137,0,26.0,29.0,29
21139,0,,38.0,38
21141,0,45.0,52.0,52
21143,0,25.0,52.0,52
21145,0,39.0,55.0,53
21147,0,,25.0,25
21149,1,36.0,47.0,47
21151,0,37.0,40.0,40
21153,0,,35.0,35
21155,0,29.0,41.0,40
21157,0,50.0,48.0,48
21159,0,,28.0,28
21161,0,32.0,40.0,40
21163,1,38.0,43.0,42
21165,0,,33.0,33
21167,0,18.0,39.0,38
21169,0,26.0,39.0,38
21171,0,27.0,37.0,37
21173,0,36.0,47.0,47
21175,0,,31.0,31
21177,0,32.0,29.0,29
21179,1,40.0,54.0,54
21181,0,,45.0,45
21183,0,36.0,39.0,39
21185,1,50.0,57.0,56
21187,0,53.0,47.0,47
21189,0,,26.0,26
21191,1,,47.0,47
21193,0,25.0,23.0,24
21195,0,17.0,36.0,36
21197,0,,30.0,30
21199,0,33.0,32.0,32
21201,0,,46.0,47
21203,0,,21.0,21
21205,0,39.0,47.0,47
21207,0,25.0,32.0,32
21209,1,39.0,50.0,49
21211,1,42.0,53.0,52
21213,0,46.0,51.0,51
21215,1,21.0,49.0,49
21217,0,34.0,43.0,42
21219,0,27.0,36.0,35
21221,1,33.0,42.0,41
21223,1,,43.0,43
21225,0,24.0,32.0,32
21227,1,38.0,51.0,50
21229,0,38.0,48.0,47
21231,0,16.0,23.0,23
21233,1,28.0,46.0,45
21235,0,26.0,31.0,31
21237,0,,30.0,30
21239,1,49.0,55.0,54
22001,0,35.0,49.0,47
22003,0,28.0,33.0,32
22005,1,37.0,51.0,47
22007,0,35.0,56.0,49
22009,0,28.0,43.0,40
22011,0,27.0,40.0,38
22013,0,24.0,42.0,36
22015,1,33.0,50.0,47
22017,1,32.0,50.0,43
22019,1,33.0,49.0,46
22021,0,21.0,26.0,26
22023,1,50.0,35.0,36
22025,0,22.0,27.0,26
22027,0,21.0,32.0,28
22029,0,26.0,46.0,40
22031,1,23.0,43.0,36
22033,1,37.0,56.0,49
22035,0,9.0,21.0,14
22037,1,35.0,47.0,42
22039,0,34.0,49.0,46
22041,0,18.0,26.0,24
22043,1,28.0,42.0,41
22045,0,34.0,49.0,44
22047,1,34.0,51.0,44
22049,0,27.0,40.0,38
22051,1,31.0,48.0,43
22053,0,35.0,47.0,45
22055,1,34.0,54.0,50
22057,1,29.0,49.0,47
22059,0,15.0,22.0,21
22061,0,30.0,50.0,44
22063,1,31.0,48.0,47
22065,0,15.0,28.0,22
22067,0,29.0,48.0,42
22069,0,34.0,48.0,43
22071,1,31.0,51.0,39
22073,1,33.0,50.0,46
22075,1,24.0,38.0,35
22077,1,26.0,41.0,36
22079,1,32.0,47.0,44
22081,0,26.0,37.0,34
22083,0,20.0,30.0,27
22085,0,22.0,42.0,40
22087,1,32.0,37.0,36
22089,1,32.0,47.0,42
22091,1,31.0,41.0,36
22093,0,27.0,52.0,41
22095,1,28.0,44.0,36
22097,0,34.0,51.0,45
22099,1,34.0,44.0,41
22101,0,29.0,48.0,43
22103,1,32.0,49.0,47
22105,0,29.0,44.0,40
22107,0,16.0,34.0,26
22109,1,34.0,49.0,47
22111,1,30.0,46.0,43
22113,0,28.0,45.0,43
22115,0,26.0,36.0,35
22117,0,33.0,45.0,42
22119,0,26.0,41.0,37
22121,1,41.0,54.0,49
22123,0,18.0,32.0,30
22125,1,32.0,49.0,45
22127,0,26.0,39.0,36
23001,1,36.0,44.0,44
23003,0,27.0,36.0,36
23005,1,41.0,53.0,53
23007,0,,39.0,39
23009,0,62.0,54.0,54
23011,0,25.0,45.0,45
23013,0,25.0,49.0,49
23015,0,18.0,35.0,35
23017,0,29.0,32.0,32
23019,1,34.0,41.0,41
23021,0,,32.0,32
23023,1,48.0,44.0,44
23025,0,34.0,39.0,39
23027,0,29.0,40.0,40
23029,0,50.0,35.0,34
23031,1,37.0,51.0,51
24001,1,33.0,45.0,45
24003,1,40.0,57.0,54
24005,1,43.0,59.0,55
24009,1,43.0,58.0,56
24011,0,41.0,53.0,51
24013,1,46.0,58.0,57
24015,1,32.0,50.0,49
24017,1,37.0,51.0,45
24019,0,41.0,55.0,51
24021,1,41.0,56.0,54
24023,0,35.0,41.0,41
24025,1,40.0,57.0,55
24027,1,47.0,63.0,60
24029,0,44.0,60.0,58
24031,1,41.0,60.0,56
24033,1,35.0,52.0,40
24035,1,47.0,58.0,58
24037,0,41.0,50.0,48
24039,1,38.0,46.0,44
24041,0,44.0,60.0,58
24043,1,36.0,53.0,52
24045,1,35.0,51.0,47
24047,0,37.0,54.0,52
24510,1,40.0,53.0,46
24990,0,,,38
25001,1,38.0,58.0,57
25003,1,30.0,48.0,47
25005,1,37.0,54.0,53
25007,0,63.0,57.0,57
25009,1,38.0,59.0,56
25011,1,35.0,54.0,54
25013,1,37.0,54.0,51
25015,1,36.0,60.0,59
25017,1,43.0,61.0,59
25019,0,15.0,20.0,19
25021,1,42.0,61.0,60
25023,1,39.0,59.0,58
25025,1,39.0,53.0,48
25027,1,38.0,54.0,53
26001,0,,29.0,29
26003,0,,31.0,30
26005,0,27.0,39.0,39
26007,0,29.0,36.0,36
26009,0,,48.0,48
26011,0,23.0,39.0,39
26013,0,,25.0,23
26015,1,18.0,45.0,44
26017,1,27.0,47.0,47
26019,0,,55.0,54
26021,1,26.0,49.0,47
26023,0,19.0,46.0,46
26025,1,35.0,51.0,49
26027,1,40.0,51.0,50
26029,0,,44.0,44
26031,0,0.0,39.0,39
26033,0,17.0,39.0,37
26035,0,0.0,31.0,31
26037,1,29.0,49.0,49
26039,0,,31.0,31
26041,0,,39.0,38
26043,0,,43.0,42
26045,1,32.0,45.0,45
26047,0,39.0,53.0,52
26049,1,34.0,48.0,45
26051,0,25.0,40.0,40
26053,0,,36.0,35
26055,0,33.0,55.0,55
26057,0,,37.0,37
26059,0,23.0,44.0,44
26061,0,,26.0,26
26063,0,,43.0,43
26065,1,32.0,48.0,46
26067,1,30.0,29.0,29
26069,0,10.0,29.0,29
26071,0,,34.0,34
26073,0,34.0,42.0,42
26075,1,33.0,51.0,50
26077,1,36.0,55.0,53
26079,0,,34.0,34
26081,1,33.0,50.0,48
26083,0,,23.0,23
26085,0,23.0,32.0,31
26087,1,23.0,43.0,43
26089,0,,62.0,60
26091,0,34.0,48.0,48
26093,1,33.0,55.0,55
26095,0,,14.0,15
26097,0,,27.0,26
26099,1,32.0,51.0,50
26101,0,,42.0,42
26103,0,53.0,49.0,49
26105,0,21.0,32.0,32
26107,0,21.0,35.0,35
26109,0,,33.0,32
26111,0,40.0,52.0,51
26113,0,,44.0,44
26115,1,34.0,48.0,47
26117,0,31.0,31.0,31
26119,0,,33.0,33
26121,1,38.0,51.0,49
26123,1,35.0,33.0,33
26125,1,36.0,55.0,52
26127,0,0.0,30.0,30
26129,0,,32.0,32
26131,0,,28.0,28
26133,0,0.0,31.0,31
26135,0,,27.0,27
26137,0,0.0,36.0,36
26139,1,38.0,52.0,51
26141,0,,39.0,40
26143,0,25.0,34.0,34
26145,1,30.0,49.0,45
26147,1,29.0,45.0,45
26149,0,27.0,46.0,46
26151,0,0.0,43.0,42
26153,0,,9.0,9
26155,0,20.0,47.0,47
26157,0,37.0,38.0,38
26159,1,28.0,40.0,39
26161,1,39.0,57.0,55
26163,1,30.0,51.0,43
26165,0,0.0,45.0,45
27001,0,,30.0,30
27003,1,31.0,56.0,54
27005,0,46.0,58.0,56
27007,0,24.0,55.0,52
27009,1,33.0,52.0,51
27011,0,,49.0,49
27013,1,31.0,63.0,62
27015,0,,56.0,56
27017,1,,51.0,51
27019,1,28.0,60.0,59
27021,0,,47.0,45
27023,0,,55.0,55
27025,1,39.0,50.0,50
27027,1,34.0,59.0,58
27029,0,,31.0,31
27031,0,,36.0,35
27033,0,,42.0,41
27035,0,40.0,56.0,55
27037,1,35.0,61.0,59
27039,1,,58.0,58
27041,0,33.0,59.0,59
27043,0,,60.0,59
27045,0,0.0,61.0,61
27047,0,29.0,52.0,51
27049,0,40.0,55.0,54
27051,0,,56.0,56
27053,1,34.0,62.0,59
27055,1,,63.0,63
27057,0,,41.0,41
27059,1,22.0,54.0,54
27061,0,23.0,45.0,44
27063,0,,39.0,39
27065,0,,41.0,41
27067,0,28.0,62.0,61
27069,0,,24.0,24
27071,0,,23.0,24
27073,0,,23.0,23
27075,0,,52.0,52
27077,0,,27.0,27
27079,0,0.0,54.0,53
27081,0,,17.0,17
27083,0,29.0,55.0,54
27085,0,19.0,53.0,52
27087,0,,31.0,34
27089,0,,52.0,51
27091,0,,58.0,58
27093,0,,44.0,44
27095,0,,36.0,35
27097,0,,45.0,44
27099,0,40.0,58.0,57
27101,0,,45.0,45
27103,1,22.0,64.0,63
27105,0,48.0,62.0,60
27107,0,,25.0,25
27109,1,36.0,64.0,63
27111,0,29.0,52.0,52
27113,0,,55.0,55
27115,0,0.0,30.0,30
27117,0,,61.0,60
27119,1,22.0,58.0,57
27121,0,,26.0,26
27123,1,34.0,62.0,58
27125,0,,52.0,52
27127,0,42.0,41.0,41
27129,0,,34.0,33
27131,0,33.0,59.0,58
27133,0,,61.0,60
27135,0,,58.0,58
27137,1,34.0,46.0,46
27139,1,36.0,60.0,59
27141,1,37.0,54.0,54
27143,0,,36.0,36
27145,1,25.0,48.0,48
27147,0,27.0,60.0,59
27149,0,,55.0,55
27151,0,,33.0,33
27153,0,,23.0,23
27155,0,,15.0,16
27157,1,,47.0,47
27159,0,24.0,26.0,26
27161,0,,57.0,57
27163,1,37.0,62.0,61
27165,0,,56.0,54
27167,0,,55.0,55
27169,0,38.0,61.0,61
27171,1,28.0,56.0,56
27173,0,,40.0,40
28001,0,35.0,55.0,45
28003,0,36.0,43.0,43
28005,0,17.0,29.0,25
28007,0,38.0,54.0,49
28009,0,30.0,44.0,40
28011,0,27.0,48.0,36
28013,0,34.0,43.0,41
28015,0,32.0,49.0,44
28017,0,33.0,44.0,40
28019,0,22.0,38.0,33
28021,0,25.0,48.0,32
28023,0,20.0,35.0,31
28025,0,26.0,41.0,34
28027,0,26.0,54.0,35
28029,1,34.0,56.0,49
28031,0,34.0,49.0,45
28033,1,36.0,56.0,53
28035,1,40.0,58.0,54
28037,0,19.0,33.0,28
28039,1,17.0,27.0,27
28041,0,22.0,32.0,30
28043,0,24.0,45.0,37
28045,1,29.0,44.0,43
28047,1,28.0,40.0,38
28049,1,30.0,54.0,42
28051,0,20.0,47.0,30
28053,0,15.0,22.0,17
28055,0,25.0,48.0,34
28057,0,47.0,52.0,52
28059,1,31.0,42.0,40
28061,0,31.0,47.0,41
28063,0,30.0,51.0,33
28065,0,37.0,49.0,43
28067,0,37.0,53.0,50
28069,0,22.0,36.0,29
28071,0,36.0,59.0,54
28073,1,37.0,52.0,51
28075,0,25.0,45.0,39
28077,0,33.0,43.0,41
28079,0,24.0,40.0,36
28081,0,42.0,58.0,54
28083,0,30.0,52.0,39
28085,0,34.0,55.0,50
28087,0,28.0,43.0,37
28089,1,28.0,60.0,53
28091,0,35.0,41.0,39
28093,1,29.0,47.0,41
28095,0,25.0,50.0,44
28097,0,28.0,44.0,38
28099,0,17.0,21.0,22
28101,0,26.0,32.0,31
28103,0,32.0,47.0,37
28105,0,36.0,57.0,49
28107,0,34.0,53.0,48
28109,0,33.0,47.0,46
28111,1,34.0,47.0,45
28113,0,22.0,41.0,34
28115,0,28.0,36.0,35
28117,0,44.0,52.0,51
28119,0,26.0,41.0,33
28121,1,35.0,52.0,50
28123,0,21.0,35.0,31
28125,0,20.0,29.0,24
28127,1,29.0,43.0,40
28129,0,31.0,47.0,44
28131,1,25.0,36.0,35
28133,0,16.0,24.0,19
28135,0,14.0,34.0,24
28137,1,37.0,55.0,51
28139,0,32.0,45.0,43
28141,0,37.0,46.0,46
28143,1,28.0,45.0,35
28145,0,29.0,41.0,39
28147,0,22.0,34.0,30
28149,0,27.0,50.0,42
28151,0,25.0,50.0,35
28153,0,22.0,42.0,36
28155,0,22.0,35.0,33
28157,0,11.0,26.0,16
28159,0,24.0,26.0,25
28161,0,19.0,32.0,29
28163,0,29.0,46.0,39
29001,0,47.0,51.0,50
29003,1,,52.0,52
29005,0,,47.0,47
29007,0,33.0,31.0,31
29009,0,0.0,36.0,36
29011,0,,39.0,39
29013,1,30.0,29.0,29
29015,0,,37.0,37
29017,1,,39.0,40
29019,1,33.0,54.0,52
29021,1,40.0,55.0,55
29023,0,13.0,23.0,22
29025,1,,46.0,46
29027,1,42.0,50.0,50
29029,0,0.0,40.0,40
29031,1,28.0,51.0,50
29033,0,22.0,42.0,42
29035,0,,34.0,34
29037,1,36.0,49.0,49
29039,0,,30.0,30
29041,0,24.0,40.0,39
29043,1,44.0,53.0,53
29045,0,,51.0,51
29047,1,37.0,57.0,56
29049,1,21.0,47.0,47
29051,1,37.0,58.0,57
29053,0,45.0,44.0,44
29055,1,,29.0,29
29057,0,,41.0,41
29059,1,,27.0,27
29061,0,,38.0,38
29063,1,,45.0,45
29065,0,,25.0,25
29067,0,,40.0,39
29069,0,23.0,37.0,36
29071,1,34.0,50.0,50
29073,0,,47.0,47
29075,0,,45.0,45
29077,1,35.0,54.0,53
29079,0,,46.0,46
29081,0,,36.0,36
29083,0,31.0,36.0,36
29085,0,,29.0,29
29087,0,,43.0,43
29089,1,40.0,46.0,46
29091,0,36.0,38.0,38
29093,0,0.0,35.0,35
29095,1,36.0,54.0,50
29097,1,33.0,52.0,52
29099,1,46.0,52.0,52
29101,0,38.0,45.0,45
29103,0,,45.0,45
29105,0,0.0,34.0,34
29107,1,34.0,42.0,42
29109,0,,38.0,38
29111,0,11.0,33.0,33
29113,1,28.0,42.0,42
29115,0,64.0,40.0,40
29117,0,38.0,47.0,46
29119,1,,35.0,34
29121,0,33.0,45.0,45
29123,0,,33.0,33
29125,0,,40.0,40
29127,0,19.0,24.0,23
29129,0,,33.0,33
29131,0,,46.0,46
29133,0,15.0,29.0,28
29135,1,20.0,47.0,47
29137,0,33.0,40.0,39
29139,0,40.0,36.0,36
29141,0,17.0,41.0,40
29143,0,15.0,34.0,32
29145,1,17.0,43.0,42
29147,0,,39.0,39
29149,0,,28.0,28
29151,1,,58.0,58
29153,0,,37.0,37
29155,0,16.0,33.0,30
29157,0,,42.0,42
29159,0,35.0,48.0,47
29161,0,26.0,39.0,38
29163,0,22.0,29.0,29
29165,1,46.0,59.0,58
29167,1,,29.0,29
29169,0,8.0,21.0,19
29171,0,,47.0,47
29173,0,22.0,31.0,31
29175,0,27.0,43.0,42
29177,1,42.0,49.0,49
29179,0,,31.0,31
29181,0,,27.0,27
29183,1,38.0,58.0,57
29185,0,,25.0,26
29186,0,27.0,39.0,38
29187,0,24.0,42.0,42
29189,1,36.0,61.0,56
29195,0,21.0,37.0,36
29197,0,,51.0,50
29199,0,,50.0,50
29201,0,21.0,42.0,40
29203,0,,30.0,30
29205,0,,41.0,41
29207,0,28.0,31.0,31
29209,0,,41.0,41
29211,0,,37.0,37
29213,0,24.0,40.0,40
29215,0,0.0,35.0,35
29217,0,29.0,33.0,33
29219,1,28.0,49.0,48
29221,1,0.0,32.0,32
29223,0,,19.0,19
29225,1,,46.0,46
29227,0,,32.0,32
29229,0,,34.0,34
29510,1,31.0,50.0,41
29990,0,,,55
30001,0,,55.0,55
30003,0,,49.0,37
30005,0,,29.0,25
30007,0,,45.0,45
30009,1,,52.0,52
30011,0,,38.0,38
30013,1,32.0,47.0,47
30015,0,,28.0,27
30017,0,,40.0,40
30019,0,,8.0,7
30021,0,,44.0,43
30023,0,,49.0,49
30025,0,,38.0,38
30027,0,,46.0,46
30029,0,17.0,45.0,44
30031,0,31.0,50.0,50
30033,0,,30.0,30
30035,0,,28.0,26
30037,0,,43.0,43
30039,0,,39.0,39
30041,0,,37.0,33
30043,0,,47.0,46
30045,0,,43.0,43
30047,0,,38.0,34
30049,0,45.0,50.0,50
30051,0,,31.0,31
30053,0,,23.0,23
30055,0,,48.0,48
30057,0,,26.0,25
30059,0,,16.0,16
30061,0,,27.0,27
30063,1,26.0,52.0,52
30065,0,,30.0,30
30067,0,,30.0,30
30069,0,,47.0,47
30071,0,,31.0,30
30073,0,,36.0,35
30075,0,,41.0,41
30077,0,,35.0,34
30079,0,,36.0,36
30081,0,21.0,37.0,37
30083,0,,50.0,50
30085,0,,29.0,31
30087,0,,23.0,26
30089,0,,22.0,22
30091,0,,39.0,39
30093,0,0.0,47.0,46
30095,0,,36.0,36
30097,0,,24.0,24
30099,0,,41.0,41
30101,0,,32.0,31
30103,0,,50.0,49
30105,0,,29.0,29
30107,0,,20.0,20
30109,0,,39.0,39
30111,1,36.0,56.0,55
31001,0,50.0,62.0,62
31003,0,,34.0,34
31005,0,,46.0,46
31007,0,,42.0,42
31009,0,,35.0,35
31011,0,,40.0,40
31013,0,,44.0,44
31015,0,,30.0,30
31017,0,,10.0,10
31019,0,17.0,65.0,64
31021,0,,26.0,26
31023,0,,53.0,53
31025,1,,57.0,57
31027,0,,46.0,46
31029,0,,18.0,18
31031,0,,12.0,12
31033,0,,44.0,43
31035,0,,47.0,47
31037,0,,46.0,44
31039,0,,31.0,30
31041,0,,48.0,48
31043,1,,49.0,46
31045,0,,40.0,40
31047,0,33.0,35.0,34
31049,0,,36.0,36
31051,1,0.0,49.0,46
31053,0,,66.0,66
31055,1,41.0,66.0,63
31057,0,,11.0,11
31059,0,,39.0,39
31061,0,,26.0,26
31063,0,,41.0,41
31065,0,,27.0,27
31067,0,21.0,43.0,43
31069,0,,24.0,23
31071,0,,26.0,26
31073,0,,45.0,46
31075,0,,38.0,38
31077,0,,38.0,38
31079,0,45.0,59.0,58
31081,0,,59.0,59
31083,0,,25.0,25
31085,0,,54.0,53
31087,0,,37.0,37
31089,0,,11.0,11
31091,0,,61.0,62
31093,0,,32.0,32
31095,0,,28.0,27
31097,0,,14.0,13
31099,0,,37.0,36
31101,0,,44.0,43
31103,0,,16.0,16
31105,0,,18.0,18
31107,0,,46.0,45
31109,1,37.0,65.0,64
31111,0,26.0,53.0,52
31113,0,,38.0,39
31115,0,,31.0,31
31117,0,,52.0,52
31119,0,38.0,54.0,53
31121,0,,41.0,41
31123,0,,42.0,41
31125,0,,22.0,22
31127,0,,56.0,56
31129,0,,25.0,24
31131,0,,39.0,39
31133,0,,11.0,11
31135,0,,47.0,47
31137,0,,52.0,51
31139,0,,41.0,41
31141,0,,60.0,59
31143,0,,61.0,61
31145,0,,55.0,55
31147,0,,40.0,39
31149,0,,7.0,7
31151,0,,35.0,34
31153,1,37.0,56.0,55
31155,1,,47.0,47
31157,0,,48.0,47
31159,1,,23.0,22
31161,0,,26.0,25
31163,0,,45.0,45
31165,0,,31.0,31
31167,0,,51.0,51
31169,0,,25.0,25
31171,0,,42.0,41
31173,0,,22.0,24
31175,0,,43.0,43
31177,1,,52.0,52
31179,0,,59.0,58
31181,0,,36.0,35
31183,0,,29.0,29
31185,0,,52.0,52
32001,0,20.0,35.0,36
32003,1,21.0,40.0,36
32005,0,38.0,49.0,49
32007,0,12.0,35.0,34
32009,0,,22.0,22
32011,0,,19.0,18
32013,0,,17.0,16
32015,0,,17.0,17
32017,0,24.0,35.0,33
32019,0,29.0,37.0,37
32021,0,20.0,25.0,23
32023,0,21.0,32.0,31
32027,0,,25.0,24
32029,1,,34.0,34
32031,1,30.0,50.0,48
32033,0,,30.0,30
32510,1,36.0,47.0,47
33001,0,38.0,52.0,52
33003,0,42.0,47.0,47
33005,0,34.0,52.0,52
33007,0,,42.0,42
33009,0,27.0,43.0,43
33011,1,32.0,56.0,55
33013,0,44.0,54.0,54
33015,1,36.0,55.0,55
33017,1,38.0,51.0,50
33019,0,17.0,42.0,42
34001,1,31.0,52.0,48
34003,1,39.0,56.0,54
34005,1,40.0,58.0,55
34007,1,37.0,56.0,52
34009,1,39.0,54.0,53
34011,1,34.0,51.0,47
34013,1,30.0,55.0,45
34015,1,37.0,52.0,50
34017,1,27.0,42.0,38
34019,1,43.0,55.0,55
34021,1,33.0,58.0,53
34023,1,38.0,56.0,53
34025,1,37.0,55.0,53
34027,1,47.0,60.0,59
34029,1,38.0,55.0,54
34031,1,33.0,52.0,48
34033,1,35.0,48.0,46
34035,1,40.0,59.0,57
34037,1,31.0,53.0,52
34039,1,35.0,55.0,49
34041,1,43.0,55.0,54
34990,0,,25.0,31
35001,1,26.0,41.0,38
35003,0,,26.0,26
35005,0,32.0,45.0,42
35006,0,25.0,35.0,36
35007,0,,46.0,46
35009,0,25.0,41.0,38
35011,0,,14.0,13
35013,1,33.0,42.0,39
35015,0,32.0,40.0,39
35017,0,27.0,39.0,38
35019,0,,40.0,41
35021,0,,33.0,33
35023,0,,23.0,21
35025,0,17.0,28.0,24
35027,0,31.0,44.0,43
35028,0,,46.0,46
35029,0,20.0,31.0,28
35031,0,37.0,41.0,48
35033,0,,40.0,40
35035,0,29.0,38.0,37
35037,0,15.0,32.0,32
35039,0,13.0,30.0,35
35041,0,19.0,24.0,23
35043,1,26.0,45.0,42
35045,1,27.0,46.0,48
35047,0,17.0,37.0,34
35049,1,36.0,47.0,44
35051,0,0.0,21.0,21
35053,0,36.0,39.0,37
35055,0,30.0,46.0,45
35057,1,,31.0,31
35059,0,,20.0,19
35061,1,28.0,38.0,36
36001,1,33.0,57.0,53
36003,0,26.0,46.0,46
36005,1,33.0,48.0,38
36007,1,36.0,53.0,52
36009,0,42.0,45.0,43
36011,0,39.0,56.0,55
36013,0,33.0,52.0,51
36015,1,35.0,49.0,49
36017,0,27.0,46.0,46
36019,0,34.0,48.0,47
36021,0,35.0,52.0,52
36023,0,56.0,52.0,52
36025,0,25.0,47.0,47
36027,1,40.0,54.0,52
36029,1,31.0,48.0,45
36031,0,52.0,52.0,52
36033,0,19.0,51.0,49
36035,0,42.0,45.0,45
36037,0,36.0,49.0,48
36039,0,42.0,45.0,45
36041,0,,51.0,51
36043,1,40.0,48.0,48
36045,0,28.0,52.0,51
36047,1,27.0,43.0,39
36049,0,,49.0,49
36051,1,61.0,50.0,49
36053,1,53.0,45.0,45
36055,1,38.0,52.0,49
36057,0,33.0,48.0,48
36059,1,37.0,60.0,57
36061,1,33.0,56.0,50
36063,1,29.0,42.0,41
36065,1,40.0,50.0,49
36067,1,37.0,56.0,54
36069,1,36.0,52.0,51
36071,1,39.0,53.0,51
36073,1,30.0,42.0,41
36075,1,35.0,48.0,47
36077,0,45.0,52.0,51
36079,1,40.0,54.0,53
36081,1,31.0,49.0,45
36083,1,36.0,53.0,52
36085,1,31.0,48.0,46
36087,1,34.0,57.0,53
36089,0,28.0,52.0,52
36091,1,39.0,56.0,56
36093,1,31.0,56.0,53
36095,1,49.0,52.0,51
36097,0,44.0,50.0,50
36099,0,42.0,53.0,53
36101,0,34.0,47.0,47
36103,1,37.0,57.0,55
36105,0,41.0,51.0,50
36107,1,40.0,50.0,50
36109,1,38.0,53.0,52
36111,1,34.0,50.0,49
36113,1,40.0,49.0,49
36115,1,32.0,48.0,48
36117,1,44.0,47.0,46
36119,1,37.0,60.0,56
36121,0,0.0,47.0,47
36123,0,,54.0,54
36990,0,,,64
37001,1,38.0,55.0,51
37003,1,36.0,46.0,46
37005,0,36.0,53.0,53
37007,1,36.0,51.0,45
37009,0,30.0,53.0,53
37011,0,36.0,49.0,49
37013,0,40.0,58.0,54
37015,0,35.0,45.0,39
37017,0,28.0,37.0,34
37019,1,42.0,61.0,60
37021,1,35.0,57.0,56
37023,1,41.0,54.0,53
37025,1,38.0,55.0,52
37027,1,45.0,56.0,55
37029,0,42.0,51.0,49
37031,0,33.0,52.0,51
37033,0,32.0,52.0,46
37035,1,40.0,57.0,56
37037,1,46.0,65.0,62
37039,0,36.0,46.0,46
37041,0,38.0,58.0,52
37043,0,,46.0,46
37045,0,36.0,53.0,50
37047,0,36.0,48.0,45
37049,0,46.0,61.0,57
37051,1,30.0,45.0,39
37053,1,36.0,49.0,48
37055,0,35.0,51.0,51
37057,0,37.0,52.0,51
37059,1,43.0,59.0,58
37061,0,30.0,48.0,42
37063,1,46.0,65.0,59
37065,1,41.0,57.0,49
37067,1,39.0,58.0,53
37069,1,43.0,60.0,56
37071,1,37.0,54.0,52
37073,0,39.0,49.0,45
37075,0,,39.0,39
37077,0,38.0,53.0,48
37079,1,40.0,55.0,50
37081,1,39.0,59.0,54
37083,0,37.0,53.0,45
37085,0,34.0,53.0,49
37087,1,42.0,51.0,50
37089,1,42.0,56.0,56
37091,0,41.0,50.0,45
37093,1,32.0,44.0,38
37095,0,43.0,47.0,46
37097,0,35.0,55.0,53
37099,0,28.0,49.0,48
37101,1,42.0,56.0,53
37103,0,53.0,55.0,54
37105,0,40.0,58.0,53
37107,0,39.0,55.0,49
37109,0,39.0,59.0,58
37111,0,31.0,42.0,41
37113,0,35.0,49.0,48
37115,1,54.0,43.0,43
37117,0,42.0,57.0,51
37119,1,38.0,61.0,54
37121,0,36.0,42.0,41
37123,0,41.0,54.0,52
37125,0,44.0,62.0,59
37127,1,41.0,61.0,53
37129,1,42.0,61.0,59
37131,0,41.0,55.0,48
37133,1,32.0,46.0,43
37135,1,47.0,65.0,63
37137,0,53.0,62.0,60
37139,0,33.0,49.0,44
37141,1,35.0,55.0,51
37143,0,34.0,53.0,50
37145,1,46.0,60.0,57
37147,1,41.0,57.0,51
37149,0,44.0,52.0,51
37151,1,41.0,55.0,54
37153,0,38.0,48.0,45
37155,0,33.0,45.0,39
37157,1,42.0,54.0,51
37159,0,33.0,51.0,48
37161,0,42.0,52.0,51
37163,0,35.0,52.0,47
37165,0,29.0,41.0,37
37167,1,39.0,54.0,52
37169,1,44.0,50.0,49
37171,0,40.0,51.0,50
37173,0,35.0,41.0,42
37175,0,37.0,57.0,57
37177,0,44.0,45.0,44
37179,1,38.0,57.0,54
37181,0,35.0,53.0,45
37183,1,42.0,64.0,60
37185,0,38.0,53.0,45
37187,0,33.0,52.0,45
37189,0,54.0,56.0,55
37191,1,31.0,52.0,45
37193,0,38.0,53.0,52
37195,0,41.0,59.0,53
37197,1,37.0,52.0,51
37199,0,39.0,40.0,40
38001,0,,57.0,57
38003,0,,57.0,57
38005,0,,31.0,36
38007,0,,37.0,37
38009,0,,35.0,35
38011,0,,14.0,14
38013,0,,37.0,38
38015,1,36.0,60.0,60
38017,1,31.0,59.0,58
38019,0,,63.0,62
38021,0,,53.0,53
38023,0,,24.0,24
38025,0,,34.0,33
38027,0,,28.0,28
38029,0,,31.0,31
38031,0,,49.0,49
38033,0,,27.0,27
38035,1,31.0,58.0,57
38037,0,,28.0,28
38039,0,,39.0,39
38041,0,,31.0,31
38043,0,,51.0,51
38045,0,,53.0,53
38047,0,,44.0,44
38049,0,,51.0,51
38051,0,,23.0,23
38053,0,,25.0,26
38055,0,,45.0,45
38057,0,,22.0,22
38059,1,31.0,55.0,55
38061,0,,34.0,33
38063,0,,53.0,53
38065,0,,37.0,37
38067,0,,23.0,23
38069,0,,27.0,26
38071,0,,43.0,44
38073,0,,45.0,44
38075,0,,58.0,58
38077,0,,60.0,60
38079,0,,47.0,34
38081,0,,44.0,44
38083,0,,41.0,40
38085,0,,47.0,26
38087,0,,10.0,10
38089,0,33.0,52.0,52
38091,0,,60.0,60
38093,0,33.0,57.0,56
38095,0,,17.0,17
38097,0,,47.0,47
38099,0,,42.0,41
38101,0,34.0,57.0,56
38103,0,,49.0,49
38105,0,20.0,32.0,33
39001,0,,38.0,38
39003,1,29.0,51.0,48
39005,0,34.0,47.0,47
39007,0,32.0,46.0,46
39009,0,35.0,47.0,47
39011,0,33.0,50.0,50
39013,1,36.0,43.0,43
39015,1,24.0,44.0,44
39017,1,39.0,55.0,54
39019,1,,45.0,45
39021,0,39.0,46.0,45
39023,1,35.0,48.0,47
39025,1,36.0,52.0,51
39027,0,31.0,48.0,47
39029,0,32.0,50.0,50
39031,0,40.0,44.0,43
39033,0,26.0,42.0,42
39035,1,37.0,56.0,51
39037,0,58.0,47.0,47
39039,0,38.0,48.0,48
39041,1,42.0,61.0,61
39043,1,28.0,50.0,48
39045,1,38.0,50.0,49
39047,0,33.0,44.0,44
39049,1,36.0,56.0,53
39051,1,54.0,57.0,56
39053,0,47.0,48.0,48
39055,1,48.0,57.0,56
39057,1,37.0,49.0,48
39059,0,33.0,43.0,42
39061,1,37.0,59.0,55
39063,0,35.0,57.0,56
39065,0,41.0,48.0,47
39067,0,37.0,38.0,38
39069,0,45.0,60.0,59
39071,0,24.0,43.0,43
39073,0,30.0,46.0,46
39075,0,33.0,45.0,45
39077,0,34.0,50.0,50
39079,0,14.0,43.0,43
39081,1,31.0,45.0,44
39083,0,33.0,43.0,43
39085,1,37.0,55.0,54
39087,1,43.0,47.0,47
39089,1,36.0,52.0,51
39091,0,42.0,48.0,48
39093,1,33.0,54.0,52
39095,1,32.0,53.0,50
39097,1,38.0,51.0,51
39099,1,34.0,50.0,48
39101,0,29.0,50.0,49
39103,1,40.0,57.0,56
39105,0,30.0,49.0,48
39107,0,,50.0,50
39109,1,41.0,50.0,50
39111,0,,40.0,40
39113,1,35.0,53.0,50
39115,0,36.0,39.0,39
39117,1,,48.0,48
39119,0,37.0,48.0,48
39121,0,,47.0,47
39123,1,35.0,55.0,55
39125,0,50.0,44.0,43
39127,0,45.0,42.0,42
39129,1,31.0,49.0,49
39131,0,32.0,43.0,43
39133,1,38.0,50.0,50
39135,1,21.0,48.0,48
39137,0,,57.0,57
39139,1,27.0,45.0,44
39141,0,37.0,45.0,45
39143,0,33.0,54.0,53
39145,0,37.0,43.0,43
39147,0,42.0,55.0,55
39149,0,39.0,50.0,50
39151,1,31.0,51.0,50
39153,1,37.0,55.0,52
39155,1,32.0,49.0,48
39157,0,33.0,41.0,41
39159,1,39.0,54.0,53
39161,0,35.0,52.0,51
39163,0,,43.0,43
39165,1,36.0,56.0,56
39167,1,47.0,50.0,50
39169,0,37.0,50.0,50
39171,0,36.0,50.0,49
39173,1,28.0,55.0,54
39175,0,,53.0,53
39990,0,,61.0,61
40001,0,,40.0,46
40003,0,,48.0,48
40005,0,23.0,32.0,32
40007,0,,28.0,28
40009,0,28.0,43.0,42
40011,0,44.0,42.0,42
40013,0,30.0,45.0,44
40015,0,37.0,49.0,49
40017,1,29.0,53.0,52
40019,0,34.0,46.0,46
40021,0,30.0,42.0,46
40023,0,14.0,29.0,29
40025,0,,23.0,23
40027,1,33.0,53.0,52
40029,0,,23.0,26
40031,1,31.0,44.0,42
40033,0,38.0,40.0,40
40035,0,46.0,48.0,48
40037,1,34.0,50.0,49
40039,0,34.0,50.0,48
40041,0,19.0,51.0,51
40043,0,,48.0,47
40045,0,,52.0,52
40047,0,36.0,54.0,53
40049,0,39.0,52.0,52
40051,1,44.0,45.0,45
40053,0,,37.0,37
40055,0,24.0,26.0,26
40057,0,41.0,37.0,39
40059,0,,46.0,46
40061,0,,39.0,40
40063,0,43.0,35.0,36
40065,0,16.0,31.0,30
40067,0,,25.0,25
40069,0,9.0,35.0,36
40071,0,31.0,46.0,45
40073,0,45.0,51.0,50
40075,0,40.0,49.0,48
40077,0,,34.0,32
40079,1,32.0,43.0,42
40081,1,35.0,48.0,48
40083,1,35.0,45.0,44
40085,0,28.0,40.0,40
40087,1,31.0,53.0,52
40089,0,18.0,31.0,31
40091,0,24.0,45.0,45
40093,0,,36.0,36
40095,0,31.0,48.0,47
40097,0,40.0,38.0,41
40099,0,27.0,35.0,36
40101,0,33.0,45.0,45
40103,0,44.0,57.0,56
40105,0,31.0,43.0,44
40107,0,39.0,42.0,43
40109,1,34.0,53.0,50
40111,1,29.0,40.0,40
40113,1,24.0,36.0,34
40115,0,39.0,49.0,46
40117,1,29.0,45.0,45
40119,0,46.0,56.0,55
40121,0,35.0,40.0,40
40123,0,36.0,47.0,48
40125,0,30.0,49.0,48
40127,0,0.0,19.0,20
40129,0,,30.0,30
40131,1,35.0,52.0,52
40133,0,27.0,39.0,38
40135,1,34.0,38.0,41
40137,0,28.0,37.0,37
40139,0,,41.0,39
40141,0,32.0,44.0,43
40143,1,33.0,56.0,53
40145,1,32.0,46.0,47
40147,0,41.0,57.0,57
40149,0,22.0,43.0,43
40151,0,,51.0,50
40153,0,,46.0,45
41001,0,0.0,38.0,37
41003,1,32.0,55.0,55
41005,1,30.0,48.0,47
41007,0,41.0,41.0,41
41009,1,39.0,36.0,36
41011,0,26.0,44.0,44
41013,0,,41.0,41
41015,0,21.0,37.0,37
41017,1,44.0,55.0,55
41019,0,24.0,35.0,35
41021,0,,19.0,19
41023,0,,26.0,26
41025,0,,34.0,35
41027,0,,48.0,46
41029,1,29.0,46.0,46
41031,0,27.0,44.0,42
41033,0,20.0,39.0,39
41035,0,28.0,43.0,42
41037,0,,17.0,17
41039,1,34.0,49.0,48
41041,0,19.0,31.0,31
41043,0,38.0,39.0,39
41045,0,20.0,40.0,39
41047,1,27.0,42.0,41
41049,0,,35.0,34
41051,1,30.0,47.0,45
41053,1,28.0,44.0,44
41055,0,,33.0,33
41057,0,0.0,24.0,24
41059,0,42.0,42.0,42
41061,0,20.0,32.0,32
41063,0,,35.0,35
41065,0,,38.0,38
41067,1,35.0,50.0,48
41069,0,,20.0,19
41071,1,38.0,45.0,44
42001,0,47.0,58.0,58
42003,1,34.0,53.0,50
42005,1,29.0,41.0,41
42007,1,32.0,49.0,48
42009,0,39.0,38.0,38
42011,1,37.0,57.0,56
42013,1,30.0,44.0,44
42015,0,45.0,47.0,47
42017,1,41.0,61.0,60
42019,1,35.0,51.0,51
42021,1,32.0,41.0,41
42023,0,,46.0,46
42025,1,46.0,52.0,52
42027,1,38.0,57.0,57
42029,1,45.0,63.0,62
42031,0,25.0,43.0,43
42033,0,53.0,46.0,46
42035,0,,53.0,53
42037,0,47.0,50.0,50
42039,0,23.0,45.0,45
42041,1,31.0,58.0,57
42043,1,36.0,56.0,52
42045,1,39.0,62.0,59
42047,0,,53.0,53
42049,1,36.0,55.0,54
42051,1,30.0,44.0,43
42053,0,,45.0,45
42055,0,31.0,50.0,50
42057,0,19.0,37.0,37
42059,0,32.0,35.0,35
42061,0,37.0,45.0,45
42063,0,30.0,45.0,45
42065,0,,45.0,45
42067,0,,55.0,55
42069,1,28.0,53.0,52
42071,1,42.0,62.0,61
42073,0,23.0,47.0,47
42075,1,29.0,56.0,55
42077,1,38.0,60.0,58
42079,1,32.0,51.0,50
42081,1,38.0,54.0,54
42083,0,50.0,41.0,41
42085,1,30.0,47.0,46
42087,0,40.0,57.0,57
42089,0,36.0,50.0,48
42091,1,46.0,64.0,62
42093,0,,55.0,55
42095,1,42.0,58.0,57
42097,0,42.0,53.0,52
42099,1,42.0,52.0,52
42101,1,37.0,54.0,47
42103,1,43.0,49.0,49
42105,0,25.0,25.0,25
42107,0,37.0,52.0,52
42109,0,58.0,60.0,59
42111,0,27.0,36.0,36
42113,0,,46.0,47
42115,0,30.0,43.0,43
42117,0,30.0,44.0,44
42119,0,38.0,59.0,59
42121,0,50.0,49.0,49
42123,0,,48.0,48
42125,1,37.0,49.0,48
42127,0,35.0,48.0,47
42129,1,39.0,50.0,50
42131,1,47.0,51.0,51
42133,1,39.0,60.0,59
44001,1,29.0,54.0,54
44003,1,33.0,45.0,45
44005,1,33.0,49.0,49
44007,1,31.0,45.0,43
44009,1,32.0,48.0,48
45001,0,29.0,37.0,35
45003,1,36.0,56.0,53
45005,0,23.0,28.0,25
45007,1,43.0,56.0,54
45009,0,21.0,25.0,23
45011,0,28.0,38.0,35
45013,0,28.0,60.0,58
45015,1,37.0,50.0,47
45017,1,25.0,37.0,32
45019,1,37.0,55.0,51
45021,0,38.0,49.0,48
45023,0,37.0,51.0,47
45025,0,34.0,50.0,46
45027,0,34.0,39.0,37
45029,0,26.0,35.0,32
45031,1,26.0,42.0,37
45033,0,30.0,46.0,41
45035,1,33.0,50.0,46
45037,1,34.0,49.0,44
45039,1,25.0,34.0,30
45041,1,32.0,49.0,43
45043,0,24.0,54.0,49
45045,1,40.0,58.0,56
45047,0,39.0,56.0,53
45049,0,22.0,32.0,28
45051,1,31.0,52.0,51
45053,0,25.0,45.0,38
45055,1,36.0,53.0,49
45057,0,35.0,55.0,51
45059,1,37.0,43.0,42
45061,0,30.0,48.0,39
45063,1,32.0,49.0,48
45065,0,33.0,55.0,51
45067,0,27.0,37.0,33
45069,0,24.0,39.0,33
45071,0,32.0,54.0,50
45073,0,39.0,56.0,55
45075,0,25.0,41.0,33
45077,1,41.0,52.0,51
45079,1,32.0,50.0,42
45081,1,40.0,44.0,43
45083,1,36.0,51.0,49
45085,1,39.0,51.0,46
45087,0,29.0,39.0,37
45089,0,24.0,34.0,29
45091,1,39.0,57.0,55
45990,0,,,36
46003,0,,39.0,39
46005,0,67.0,54.0,52
46007,0,,7.0,6
46009,0,,35.0,35
46011,0,36.0,60.0,60
46013,0,35.0,58.0,57
46015,0,,46.0,46
46017,0,,32.0,48
46019,0,,37.0,36
46021,0,,18.0,18
46023,0,,26.0,28
46025,0,,32.0,32
46027,0,,60.0,60
46029,0,,60.0,60
46031,0,,10.0,10
46033,0,,42.0,42
46035,0,,60.0,60
46037,0,,23.0,23
46039,0,,48.0,47
46041,0,,19.0,26
46043,0,,41.0,41
46045,0,,42.0,42
46047,0,,18.0,17
46049,0,,16.0,16
46051,0,,35.0,35
46053,0,,32.0,32
46055,0,,21.0,21
46057,0,,48.0,47
46059,0,,42.0,42
46061,0,,53.0,53
46063,0,,33.0,34
46065,0,58.0,60.0,59
46067,0,,33.0,33
46069,0,,23.0,24
46071,0,,17.0,17
46073,0,,23.0,23
46075,0,,26.0,26
46077,0,,49.0,49
46079,0,,59.0,59
46081,0,,54.0,54
46083,1,,54.0,54
46085,0,,38.0,38
46087,1,,53.0,53
46089,0,,23.0,23
46091,0,,19.0,20
46093,1,,43.0,43
46095,0,,19.0,18
46097,0,,26.0,25
46099,1,27.0,60.0,59
46101,0,,45.0,44
46103,1,29.0,50.0,48
46105,0,,17.0,17
46107,0,,52.0,52
46109,0,,23.0,23
46111,0,,41.0,41
46113,0,,22.0,11
46115,0,,26.0,26
46117,0,,60.0,60
46119,0,,40.0,40
46121,0,,13.0,16
46123,0,,21.0,22
46125,1,,42.0,42
46127,1,,53.0,52
46129,0,,17.0,17
46135,0,0.0,64.0,63
46137,0,,25.0,25
47001,1,48.0,59.0,59
47003,0,38.0,50.0,49
47005,0,51.0,49.0,49
47007,0,47.0,37.0,37
47009,1,45.0,58.0,57
47011,1,35.0,47.0,47
47013,0,,40.0,40
47015,1,34.0,48.0,47
47017,0,41.0,50.0,50
47019,1,33.0,41.0,41
47021,1,41.0,51.0,51
47023,1,37.0,49.0,48
47025,0,41.0,39.0,39
47027,0,32.0,47.0,47
47029,0,39.0,47.0,47
47031,0,44.0,53.0,53
47033,0,36.0,44.0,43
47035,0,42.0,52.0,52
47037,1,39.0,56.0,52
47039,0,41.0,49.0,49
47041,0,35.0,53.0,52
47043,1,41.0,54.0,53
47045,0,35.0,50.0,48
47047,1,32.0,56.0,51
47049,0,,44.0,44
47051,0,53.0,54.0,53
47053,0,37.0,53.0,51
47055,0,37.0,51.0,50
47057,1,38.0,43.0,43
47059,0,40.0,50.0,50
47061,0,,35.0,35
47063,1,37.0,47.0,46
47065,1,38.0,56.0,54
47067,0,,18.0,18
47069,0,38.0,51.0,47
47071,0,32.0,43.0,43
47073,1,22.0,39.0,38
47075,0,35.0,43.0,40
47077,0,23.0,36.0,35
47079,0,45.0,54.0,53
47081,1,35.0,43.0,43
47083,0,46.0,46.0,46
47085,0,41.0,47.0,47
47087,0,,46.0,46
47089,1,46.0,51.0,51
47091,0,,30.0,30
47093,1,43.0,60.0,58
47095,0,22.0,47.0,44
47097,0,32.0,47.0,45
47099,0,31.0,48.0,48
47101,0,22.0,38.0,37
47103,0,40.0,53.0,52
47105,1,46.0,60.0,60
47107,0,35.0,47.0,47
47109,0,33.0,46.0,46
47111,1,0.0,43.0,42
47113,1,40.0,59.0,55
47115,1,30.0,45.0,45
47117,0,33.0,51.0,50
47119,0,41.0,56.0,54
47121,0,31.0,38.0,38
47123,0,47.0,47.0,47
47125,1,33.0,50.0,46
47127,0,52.0,52.0,52
47129,0,,38.0,38
47131,0,32.0,46.0,45
47133,0,,52.0,52
47135,0,14.0,46.0,45
47137,0,,42.0,42
47139,1,,42.0,42
47141,0,42.0,52.0,52
47143,0,41.0,47.0,47
47145,0,47.0,55.0,55
47147,1,44.0,53.0,52
47149,1,38.0,54.0,52
47151,0,,38.0,38
47153,1,,43.0,43
47155,0,36.0,48.0,48
47157,1,34.0,58.0,49
47159,1,47.0,45.0,45
47161,1,33.0,40.0,40
47163,1,39.0,50.0,50
47165,1,39.0,54.0,53
47167,1,32.0,51.0,48
47169,1,52.0,55.0,54
47171,1,,46.0,46
47173,1,,46.0,46
47175,0,,37.0,37
47177,0,45.0,49.0,48
47179,1,37.0,51.0,50
47181,0,38.0,43.0,43
47183,0,26.0,42.0,41
47185,0,52.0,51.0,51
47187,1,44.0,62.0,61
47189,1,44.0,56.0,56
48001,0,36.0,46.0,44
48003,0,14.0,21.0,19
48005,0,37.0,52.0,50
48007,1,43.0,50.0,49
48009,1,,49.0,48
48011,1,,40.0,40
48013,1,18.0,40.0,37
48015,1,33.0,46.0,45
48017,0,,41.0,38
48019,1,14.0,41.0,41
48021,1,29.0,43.0,41
48023,0,23.0,29.0,28
48025,0,44.0,37.0,33
48027,1,21.0,39.0,34
48029,1,25.0,42.0,39
48031,0,0.0,48.0,47
48033,0,,37.0,36
48035,0,22.0,34.0,34
48037,1,30.0,46.0,43
48039,1,35.0,47.0,44
48041,1,35.0,60.0,55
48043,0,,16.0,15
48045,0,,37.0,36
48047,0,,42.0,38
48049,0,34.0,40.0,40
48051,1,33.0,45.0,43
48053,0,30.0,47.0,46
48055,1,29.0,44.0,41
48057,1,22.0,36.0,33
48059,1,0.0,41.0,41
48061,1,34.0,47.0,42
48063,0,25.0,38.0,35
48065,1,,50.0,50
48067,0,25.0,37.0,35
48069,0,0.0,36.0,29
48071,1,27.0,35.0,34
48073,0,28.0,45.0,42
48075,0,25.0,26.0,25
48077,1,,47.0,47
48079,0,0.0,26.0,22
48081,0,,53.0,53
48083,0,32.0,26.0,26
48085,1,38.0,61.0,59
48087,0,0.0,15.0,14
48089,0,19.0,40.0,37
48091,1,25.0,48.0,47
48093,0,,27.0,27
48095,0,,47.0,47
48097,0,31.0,45.0,44
48099,1,20.0,30.0,29
48101,0,0.0,19.0,19
48103,0,,11.0,12
48105,0,,25.0,24
48107,1,24.0,52.0,46
48109,0,,14.0,16
48111,0,0.0,29.0,30
48113,1,33.0,59.0,51
48115,0,11.0,37.0,31
48117,0,19.0,46.0,37
48119,1,38.0,46.0,45
48121,1,36.0,57.0,55
48123,0,16.0,38.0,35
48125,0,,35.0,34
48127,0,,35.0,38
48129,0,0.0,20.0,19
48131,0,,38.0,36
48133,0,33.0,38.0,38
48135,1,31.0,43.0,40
48137,0,,32.0,31
48139,1,34.0,56.0,52
48141,1,17.0,36.0,32
48143,0,0.0,50.0,49
48145,0,19.0,38.0,34
48147,0,27.0,45.0,44
48149,0,29.0,50.0,48
48151,0,0.0,11.0,10
48153,0,30.0,36.0,35
48155,0,,33.0,33
48157,1,33.0,56.0,51
48159,0,33.0,45.0,44
48161,0,28.0,39.0,38
48163,0,,39.0,34
48165,0,0.0,27.0,27
48167,1,37.0,50.0,47
48169,0,0.0,38.0,35
48171,0,33.0,57.0,56
48173,0,,49.0,41
48175,1,42.0,46.0,43
48177,0,25.0,42.0,38
48179,0,30.0,47.0,46
48181,1,33.0,52.0,51
48183,1,34.0,53.0,49
48185,0,38.0,51.0,49
48187,1,21.0,40.0,36
48189,0,29.0,43.0,38
48191,0,0.0,29.0,28
48193,0,,24.0,24
48195,0,,49.0,47
48197,0,29.0,35.0,34
48199,1,30.0,44.0,43
48201,1,30.0,53.0,47
48203,0,34.0,49.0,45
48205,0,,40.0,37
48207,0,17.0,41.0,39
48209,1,29.0,52.0,49
48211,0,,36.0,34
48213,0,37.0,54.0,53
48215,1,27.0,54.0,45
48217,0,22.0,40.0,39
48219,0,27.0,38.0,35
48221,0,24.0,53.0,53
48223,0,40.0,50.0,48
48225,0,28.0,41.0,39
48227,0,21.0,40.0,37
48229,0,,27.0,25
48231,1,29.0,43.0,42
48233,0,28.0,42.0,41
48235,1,,46.0,47
48237,0,31.0,39.0,38
48239,0,29.0,43.0,39
48241,0,25.0,38.0,36
48243,0,,24.0,22
48245,1,29.0,47.0,41
48247,0,,34.0,32
48249,0,19.0,44.0,39
48251,1,37.0,49.0,48
48253,1,20.0,34.0,32
48255,0,32.0,48.0,45
48257,1,38.0,52.0,51
48259,1,38.0,53.0,52
48261,0,,64.0,50
48263,0,,27.0,25
48265,0,30.0,53.0,51
48267,0,,32.0,31
48269,0,,33.0,33
48271,0,,26.0,23
48273,0,25.0,40.0,34
48275,0,0.0,17.0,15
48277,0,28.0,51.0,49
48279,0,19.0,39.0,34
48281,1,23.0,25.0,25
48283,0,,35.0,26
48285,0,26.0,44.0,42
48287,0,42.0,52.0,49
48289,0,34.0,45.0,44
48291,1,22.0,38.0,36
48293,0,29.0,42.0,40
48295,0,,34.0,33
48297,0,,36.0,35
48299,0,27.0,40.0,40
48301,0,,0.0,0
48303,1,28.0,48.0,45
48305,0,,44.0,38
48307,0,20.0,29.0,27
48309,1,35.0,54.0,50
48311,0,,36.0,34
48313,0,33.0,47.0,43
48315,0,28.0,39.0,37
48317,0,,30.0,27
48319,0,,38.0,37
48321,0,22.0,40.0,37
48323,0,,25.0,25
48325,1,23.0,39.0,36
48327,0,,33.0,31
48329,1,31.0,45.0,42
48331,0,35.0,46.0,44
48333,0,,22.0,21
48335,0,15.0,26.0,25
48337,0,,32.0,32
48339,1,32.0,52.0,51
48341,0,,48.0,43
48343,0,24.0,45.0,41
48345,0,,35.0,34
48347,0,35.0,51.0,48
48349,0,31.0,53.0,49
48351,0,20.0,34.0,31
48353,0,27.0,34.0,33
48355,1,30.0,48.0,42
48357,0,,37.0,35
48359,0,,47.0,47
48361,1,32.0,45.0,44
48363,0,29.0,49.0,47
48365,0,28.0,40.0,38
48367,1,32.0,49.0,49
48369,0,,37.0,32
48371,0,,16.0,15
48373,0,31.0,48.0,47
48375,1,36.0,52.0,50
48377,0,,28.0,21
48379,0,32.0,40.0,40
48381,1,37.0,53.0,51
48383,0,,34.0,30
48385,0,,36.0,34
48387,0,42.0,49.0,48
48389,0,30.0,27.0,27
48391,0,20.0,33.0,29
48393,0,,44.0,43
48395,1,37.0,47.0,45
48397,1,39.0,57.0,55
48399,0,32.0,43.0,43
48401,1,32.0,48.0,45
48403,0,28.0,42.0,41
48405,0,40.0,51.0,49
48407,1,30.0,45.0,43
48409,1,26.0,46.0,41
48411,0,,29.0,27
48413,0,,33.0,30
48415,0,22.0,38.0,34
48417,0,,54.0,53
48419,0,28.0,44.0,41
48421,0,,38.0,36
48423,1,40.0,55.0,53
48425,0,,50.0,49
48427,0,,39.0,28
48429,0,56.0,41.0,41
48431,0,,52.0,46
48433,0,,15.0,15
48435,0,,50.0,47
48437,0,21.0,29.0,27
48439,1,35.0,54.0,50
48441,1,28.0,47.0,45
48443,0,,13.0,12
48445,0,37.0,48.0,41
48447,0,,24.0,24
48449,0,27.0,44.0,40
48451,1,36.0,55.0,52
48453,1,31.0,56.0,51
48455,0,24.0,39.0,38
48457,0,16.0,33.0,32
48459,1,35.0,45.0,44
48461,0,,18.0,19
48463,0,0.0,37.0,32
48465,0,25.0,34.0,25
48467,0,42.0,42.0,42
48469,1,36.0,55.0,51
48471,0,28.0,49.0,46
48473,1,37.0,48.0,44
48475,0,11.0,29.0,27
48477,0,31.0,49.0,46
48479,1,12.0,30.0,37
48481,0,29.0,45.0,40
48483,0,,27.0,27
48485,1,27.0,46.0,44
48487,0,30.0,52.0,50
48489,0,,51.0,49
48491,1,33.0,56.0,54
48493,1,24.0,38.0,37
48495,0,27.0,25.0,22
48497,1,33.0,49.0,49
48499,0,35.0,42.0,42
48501,0,,20.0,15
48503,0,21.0,43.0,42
48505,0,,38.0,36
48507,0,,35.0,26
48990,0,,53.0,43
49001,0,,23.0,23
49003,0,,45.0,45
49005,1,36.0,52.0,51
49007,0,,50.0,49
49009,0,,52.0,52
49011,1,46.0,54.0,53
49013,0,,43.0,43
49015,0,,39.0,39
49017,0,,35.0,34
49019,0,,48.0,47
49021,0,,47.0,46
49023,1,,49.0,49
49025,0,,39.0,39
49027,0,,44.0,44
49029,1,,52.0,52
49031,0,,33.0,33
49033,0,,39.0,39
49035,1,38.0,53.0,52
49037,0,,13.0,21
49039,0,,43.0,43
49041,0,,49.0,49
49043,1,,60.0,60
49045,1,28.0,46.0,45
49047,0,,45.0,46
49049,1,29.0,51.0,50
49051,0,25.0,54.0,52
49053,1,31.0,50.0,50
49055,0,,22.0,22
49057,1,32.0,47.0,46
50001,0,36.0,56.0,56
50003,0,33.0,51.0,51
50005,0,47.0,38.0,38
50007,1,34.0,61.0,60
50009,0,,41.0,41
50011,1,33.0,44.0,44
50013,1,0.0,54.0,54
50015,0,35.0,57.0,57
50017,0,50.0,44.0,44
50019,0,32.0,28.0,28
50021,0,33.0,47.0,47
50023,0,37.0,54.0,54
50025,0,47.0,40.0,40
50027,0,22.0,41.0,41
51001,0,42.0,48.0,47
51003,1,48.0,65.0,64
51005,0,54.0,58.0,58
51007,1,38.0,49.0,47
51009,1,47.0,55.0,54
51011,1,40.0,56.0,54
51013,1,39.0,56.0,53
51015,0,48.0,59.0,58
51017,0,32.0,34.0,34
51019,1,49.0,58.0,58
51021,0,15.0,45.0,45
51023,1,41.0,56.0,55
51025,0,37.0,57.0,48
51027,0,,29.0,29
51029,0,35.0,46.0,42
51031,1,46.0,57.0,55
51033,1,40.0,51.0,47
51035,0,23.0,52.0,52
51036,1,44.0,54.0,51
51037,0,37.0,47.0,44
51041,1,38.0,60.0,56
51043,1,51.0,56.0,55
51045,1,,47.0,47
51047,0,41.0,53.0,51
51049,1,32.0,50.0,45
51051,0,,37.0,37
51053,1,41.0,54.0,51
51057,0,45.0,59.0,55
51059,1,36.0,55.0,53
51061,1,44.0,55.0,54
51063,0,64.0,52.0,52
51065,1,43.0,65.0,62
51067,1,44.0,56.0,55
51069,1,36.0,55.0,55
51071,1,29.0,33.0,33
51073,1,43.0,54.0,53
51075,1,43.0,63.0,60
51077,0,23.0,49.0,48
51079,1,43.0,59.0,58
51081,0,33.0,59.0,47
51083,0,40.0,50.0,47
51085,1,42.0,62.0,60
51087,1,41.0,64.0,60
51089,0,41.0,54.0,53
51091,0,,36.0,36
51093,1,39.0,56.0,53
51095,1,41.0,62.0,60
51097,1,43.0,58.0,54
51099,0,34.0,42.0,41
51101,1,41.0,60.0,56
51103,0,32.0,51.0,48
51105,0,0.0,34.0,34
51107,1,42.0,58.0,55
51109,1,47.0,57.0,55
51111,0,41.0,57.0,51
51113,0,54.0,59.0,58
51115,1,51.0,59.0,58
51117,0,46.0,59.0,55
51119,0,35.0,52.0,50
51121,1,41.0,59.0,59
51125,1,45.0,55.0,54
51127,1,41.0,56.0,54
51131,0,44.0,54.0,51
51133,0,27.0,42.0,40
51135,0,43.0,55.0,51
51137,0,44.0,57.0,55
51139,0,38.0,32.0,32
51141,0,29.0,40.0,39
51143,1,39.0,56.0,52
51145,1,39.0,60.0,58
51147,0,35.0,53.0,46
51149,1,34.0,49.0,44
51153,1,36.0,53.0,49
51155,1,40.0,53.0,52
51157,0,41.0,49.0,48
51159,0,37.0,55.0,50
51161,1,38.0,58.0,58
51163,0,38.0,50.0,49
51165,1,40.0,52.0,51
51167,0,40.0,44.0,44
51169,1,38.0,51.0,51
51171,0,32.0,40.0,40
51173,0,23.0,43.0,43
51175,0,41.0,51.0,47
51177,1,34.0,48.0,46
51179,1,34.0,50.0,47
51181,1,44.0,50.0,48
51183,1,38.0,50.0,44
51185,0,31.0,39.0,39
51187,1,43.0,50.0,49
51191,1,41.0,50.0,50
51193,0,30.0,46.0,42
51195,0,39.0,43.0,43
51197,0,29.0,49.0,48
51199,1,44.0,61.0,59
51510,1,36.0,54.0,50
51515,1,39.0,52.0,51
51520,1,25.0,48.0,47
51530,0,42.0,50.0,49
51540,1,48.0,66.0,64
51550,1,41.0,53.0,50
51570,1,33.0,55.0,52
51580,0,34.0,53.0,52
51590,1,36.0,57.0,51
51595,0,34.0,52.0,42
51600,1,42.0,54.0,54
51610,1,39.0,57.0,56
51620,0,34.0,56.0,47
51630,1,34.0,54.0,50
51640,0,40.0,50.0,50
51650,1,37.0,50.0,44
51660,1,39.0,60.0,58
51670,1,29.0,49.0,43
51678,0,34.0,55.0,54
51680,1,41.0,58.0,54
51683,1,35.0,51.0,48
51690,0,36.0,51.0,46
51700,1,34.0,53.0,47
51710,1,35.0,49.0,43
51720,0,33.0,45.0,45
51730,1,37.0,50.0,42
51735,1,37.0,54.0,53
51740,1,39.0,52.0,46
51750,1,47.0,56.0,56
51760,1,36.0,60.0,50
51770,1,37.0,55.0,52
51775,1,50.0,57.0,57
51790,0,48.0,60.0,59
51800,1,36.0,54.0,46
51810,1,38.0,52.0,49
51820,0,43.0,62.0,61
51830,1,43.0,63.0,61
51840,1,40.0,56.0,55
53001,0,,38.0,36
53003,1,27.0,50.0,50
53005,1,42.0,54.0,53
53007,1,39.0,36.0,35
53009,0,43.0,52.0,52
53011,1,30.0,45.0,44
53013,0,,28.0,27
53015,1,24.0,45.0,45
53017,1,25.0,38.0,37
53019,0,,17.0,17
53021,1,46.0,49.0,47
53023,0,,28.0,28
53025,0,11.0,32.0,30
53027,0,28.0,42.0,42
53029,0,20.0,43.0,42
53031,0,39.0,44.0,44
53033,1,33.0,56.0,54
53035,1,26.0,49.0,48
53037,0,30.0,48.0,47
53039,0,0.0,28.0,28
53041,0,14.0,37.0,36
53043,0,,24.0,24
53045,0,29.0,43.0,42
53047,0,14.0,26.0,27
53049,0,13.0,42.0,42
53051,0,0.0,30.0,30
53053,1,27.0,49.0,47
53055,0,,46.0,46
53057,1,25.0,50.0,49
53059,1,,30.0,29
53061,1,32.0,51.0,50
53063,1,29.0,48.0,47
53065,0,12.0,27.0,27
53067,1,24.0,48.0,46
53069,0,,41.0,41
53071,0,32.0,49.0,48
53073,1,34.0,48.0,47
53075,0,50.0,56.0,55
53077,1,43.0,52.0,49
53990,0,,31.0,31
54001,0,27.0,38.0,38
54003,1,32.0,46.0,45
54005,1,50.0,31.0,31
54007,0,,32.0,32
54009,1,36.0,46.0,46
54011,1,34.0,44.0,43
54013,0,,26.0,25
54015,1,,33.0,33
54017,0,,39.0,39
54019,0,31.0,38.0,37
54021,0,,37.0,37
54023,0,21.0,35.0,35
54025,0,41.0,40.0,40
54027,1,46.0,36.0,36
54029,1,33.0,49.0,48
54031,0,16.0,32.0,31
54033,0,36.0,44.0,43
54035,0,,43.0,43
54037,1,35.0,43.0,42
54039,1,36.0,47.0,46
54041,0,,41.0,41
54043,1,,40.0,40
54045,0,24.0,32.0,32
54047,0,21.0,23.0,23
54049,0,31.0,42.0,41
54051,1,52.0,47.0,47
54053,0,36.0,46.0,46
54055,0,28.0,39.0,39
54057,1,36.0,43.0,43
54059,0,23.0,29.0,29
54061,1,32.0,48.0,47
54063,0,15.0,30.0,30
54065,1,14.0,34.0,34
54067,0,,36.0,36
54069,1,34.0,50.0,49
54071,0,28.0,35.0,35
54073,1,,46.0,46
54075,0,,31.0,31
54077,1,,45.0,45
54079,1,36.0,50.0,50
54081,0,27.0,40.0,39
54083,0,38.0,36.0,36
54085,0,,37.0,37
54087,0,,24.0,24
54089,0,22.0,28.0,28
54091,0,31.0,38.0,38
54093,0,,26.0,26
54095,0,,41.0,41
54097,0,,43.0,43
54099,1,,42.0,42
54101,0,,23.0,23
54103,0,,42.0,42
54105,1,,36.0,36
54107,1,40.0,49.0,48
54109,0,35.0,25.0,25
55001,0,,29.0,29
55003,0,,55.0,54
55005,0,42.0,45.0,45
55007,0,,50.0,51
55009,1,32.0,56.0,55
55011,0,,48.0,48
55013,0,0.0,25.0,25
55015,1,,53.0,52
55017,1,29.0,52.0,52
55019,0,,36.0,36
55021,1,46.0,50.0,49
55023,0,,46.0,46
55025,1,39.0,67.0,65
55027,0,32.0,55.0,54
55029,0,43.0,43.0,43
55031,1,33.0,49.0,49
55033,0,33.0,54.0,53
55035,1,38.0,56.0,56
55037,0,,32.0,32
55039,1,37.0,56.0,55
55041,0,,34.0,33
55043,0,50.0,42.0,42
55045,0,,59.0,59
55047,0,,50.0,49
55049,1,,50.0,50
55051,0,,40.0,40
55053,0,,53.0,50
55055,0,42.0,53.0,53
55057,0,27.0,29.0,29
55059,1,35.0,54.0,52
55061,1,,37.0,37
55063,1,31.0,59.0,59
55065,0,,45.0,45
55067,0,,35.0,35
55069,0,,52.0,53
55071,0,37.0,56.0,55
55073,1,29.0,55.0,54
55075,0,,37.0,37
55077,0,,45.0,45
55078,0,,60.0,52
55079,1,36.0,56.0,51
55081,0,16.0,41.0,41
55083,1,,37.0,37
55085,0,45.0,52.0,52
55087,1,34.0,55.0,55
55089,1,52.0,62.0,61
55091,0,,48.0,48
55093,1,76.0,54.0,54
55095,0,,28.0,28
55097,0,45.0,56.0,56
55099,0,,37.0,37
55101,1,36.0,57.0,55
55103,0,,48.0,48
55105,1,32.0,54.0,52
55107,0,27.0,28.0,28
55109,1,29.0,53.0,53
55111,0,28.0,48.0,47
55113,0,,32.0,31
55115,0,,51.0,50
55117,1,34.0,59.0,58
55119,0,,21.0,21
55121,0,,46.0,45
55123,0,,35.0,35
55125,0,,55.0,55
55127,0,35.0,58.0,57
55129,0,,37.0,36
55131,1,43.0,60.0,60
55133,1,49.0,62.0,62
55135,0,20.0,51.0,51
55137,0,,48.0,48
55139,1,36.0,55.0,55
55141,0,22.0,40.0,40
56001,0,19.0,49.0,48
56003,0,,30.0,29
56005,0,38.0,44.0,43
56007,0,16.0,39.0,38
56009,0,,41.0,41
56011,0,,40.0,40
56013,0,,43.0,41
56015,0,,31.0,30
56017,0,,38.0,37
56019,0,,45.0,44
56021,1,26.0,48.0,47
56023,0,,44.0,44
56025,1,28.0,46.0,45
56027,0,,13.0,13
56029,0,,47.0,47
56031,0,,39.0,39
56033,0,31.0,44.0,43
56035,0,,42.0,42
56037,0,24.0,39.0,39
56039,0,,55.0,54
56041,0,,37.0,37
56043,0,,42.0,41
56045,0,,25.0,25
72001,0,,,18
72003,1,,,18
72005,1,,21.0,14
72007,1,,,13
72009,1,,,18
72011,1,,,19
72013,1,,,13
72015,1,,,18
72017,1,,,10
72019,1,,,12
72021,1,,23.0,17
72023,1,,28.0,22
72025,1,,20.0,16
72027,1,,,17
72031,1,,21.0,20
72033,1,,,14
72035,1,,,16
72037,1,,,18
72039,1,,,15
72041,1,,,20
72043,0,,,16
72045,1,,,12
72047,1,,,16
72049,0,,,6
72051,1,,50.0,23
72053,1,,0.0,15
72055,1,,,15
72057,1,,,18
72059,1,,,23
72061,1,,41.0,27
72063,1,,,16
72065,1,,,12
72067,1,,,19
72069,1,,31.0,20
72071,1,,,18
72073,0,,,20
72075,1,,,13
72077,1,,,17
72079,1,,,12
72081,1,,,12
72083,0,,,17
72085,1,,,16
72087,1,,,17
72089,1,,,22
72091,1,,0.0,12
72093,0,,,0
72095,1,,,25
72097,1,,33.0,19
72099,1,,,19
72101,1,,,18
72103,1,,,17
72105,1,,,11
72107,1,,,21
72109,1,,,11
72111,1,,,16
72113,1,,35.0,22
72115,1,,,14
72117,1,,53.0,16
72119,1,,,24
72121,1,,,14
72123,0,,,16
72125,1,,,16
72127,1,,32.0,25
72129,1,,,15
72131,1,,,20
72133,0,,,19
72135,1,,,16
72137,1,,,17
72139,1,,27.0,22
72141,0,,,17
72143,1,,,22
72145,1,,,15
72147,0,,55.0,18
72149,1,,,11
72151,1,,,17
72153,1,,,16
